file,geographic_coverage,possible_issue,evidence_categories,mime_type,thumbnail_http_status,commons_file_page
2015 Critérium du Dauphiné map.svg,regions of France,Commons category marks SVG as invalid,Category:Invalid SVG created with Inkscape:Locator maps,image/svg+xml,200,https://commons.wikimedia.org/wiki/File:2015_Crit%C3%A9rium_du_Dauphin%C3%A9_map.svg
51.00.00 Bali.svg,regencies of Bali,Commons category marks SVG as invalid,Category:Invalid SVG created with Inkscape:Maps,image/svg+xml,200,https://commons.wikimedia.org/wiki/File:51.00.00_Bali.svg
51.01.00 Bali Jembrana.svg,regencies of Bali,Commons category marks SVG as invalid,Category:Invalid SVG created with Inkscape:Maps,image/svg+xml,200,https://commons.wikimedia.org/wiki/File:51.01.00_Bali_Jembrana.svg
51.02.00 Bali Tabanan.svg,regencies of Bali,Commons category marks SVG as invalid,Category:Invalid SVG created with Inkscape:Maps,image/svg+xml,200,https://commons.wikimedia.org/wiki/File:51.02.00_Bali_Tabanan.svg
51.03.00 Bali Badung.svg,regencies of Bali,Commons category marks SVG as invalid,Category:Invalid SVG created with Inkscape:Maps,image/svg+xml,200,https://commons.wikimedia.org/wiki/File:51.03.00_Bali_Badung.svg
51.04.00 Bali Gianyar.svg,regencies of Bali,Commons category marks SVG as invalid,Category:Invalid SVG created with Inkscape:Maps,image/svg+xml,200,https://commons.wikimedia.org/wiki/File:51.04.00_Bali_Gianyar.svg
51.05.00 Bali Klungkung.svg,regencies of Bali,Commons category marks SVG as invalid,Category:Invalid SVG created with Inkscape:Maps,image/svg+xml,200,https://commons.wikimedia.org/wiki/File:51.05.00_Bali_Klungkung.svg
51.06.00 Bali Bangli.svg,regencies of Bali,Commons category marks SVG as invalid,Category:Invalid SVG created with Inkscape:Maps,image/svg+xml,200,https://commons.wikimedia.org/wiki/File:51.06.00_Bali_Bangli.svg
51.07.00 Bali Karangasem.svg,Karangasem Regency,Commons category marks SVG as invalid,Category:Invalid SVG created with Inkscape:Maps,image/svg+xml,200,https://commons.wikimedia.org/wiki/File:51.07.00_Bali_Karangasem.svg
51.08.00 Bali Buleleng.svg,regencies of Bali,Commons category marks SVG as invalid,Category:Invalid SVG created with Inkscape:Maps,image/svg+xml,200,https://commons.wikimedia.org/wiki/File:51.08.00_Bali_Buleleng.svg
51.71.00 Bali Denpasar.svg,regencies of Bali,Commons category marks SVG as invalid,Category:Invalid SVG created with Inkscape:Maps,image/svg+xml,200,https://commons.wikimedia.org/wiki/File:51.71.00_Bali_Denpasar.svg
A large blank world map with oceans marked in blue mapamundi en blanco.svg,the world without Antarctica,Commons category marks SVG as invalid,Category:Invalid SVG created with Inkscape,image/svg+xml,200,https://commons.wikimedia.org/wiki/File:A_large_blank_world_map_with_oceans_marked_in_blue_mapamundi_en_blanco.svg
A large blank world map with oceans marked in blue planisferio en blanco.svg,the world with national borders,Commons category marks SVG as invalid,Category:Invalid SVG created with Adobe Illustrator:World maps,image/svg+xml,200,https://commons.wikimedia.org/wiki/File:A_large_blank_world_map_with_oceans_marked_in_blue_planisferio_en_blanco.svg
Abaúj-Torna vármegye in Hungary.svg,"Abaúj-Torna vármegye, Hungary, the Kingdom of Hungary",Commons category marks SVG as invalid,Category:Invalid SVG created with Adobe Illustrator:Locator maps-Hungary,image/svg+xml,200,https://commons.wikimedia.org/wiki/File:Aba%C3%BAj-Torna_v%C3%A1rmegye_in_Hungary.svg
Abisko national park map-fr.svg,Sweden,Commons category marks SVG as invalid,Category:Invalid SVG created with Inkscape:Maps,image/svg+xml,200,https://commons.wikimedia.org/wiki/File:Abisko_national_park_map-fr.svg
Abkhazia in Asia (-mini map -rivers).svg,"Abkhazia, Asia",Commons category marks SVG as invalid,Category:Invalid SVG created with Adobe Illustrator:Maps,image/svg+xml,200,https://commons.wikimedia.org/wiki/File:Abkhazia_in_Asia_(-mini_map_-rivers).svg
Abkhazia in Asia (relief) (-mini map).svg,"Abkhazia, Asia",Commons category marks SVG as invalid,Category:Invalid SVG created with Adobe Illustrator:Maps,image/svg+xml,200,https://commons.wikimedia.org/wiki/File:Abkhazia_in_Asia_(relief)_(-mini_map).svg
Abkhazia in Asia (relief) (special marker) (-mini marker).svg,"Abkhazia, Asia",Commons category marks SVG as invalid,Category:Invalid SVG created with Adobe Illustrator:Maps,image/svg+xml,200,https://commons.wikimedia.org/wiki/File:Abkhazia_in_Asia_(relief)_(special_marker)_(-mini_marker).svg
Abkhazia in Asia (relief).svg,"Abkhazia, Asia",Commons category marks SVG as invalid,Category:Invalid SVG created with Adobe Illustrator:Maps,image/svg+xml,200,https://commons.wikimedia.org/wiki/File:Abkhazia_in_Asia_(relief).svg
Abkhazia in Asia.svg,"Abkhazia, Asia",Commons category marks SVG as invalid,Category:Invalid SVG created with Adobe Illustrator:Maps,image/svg+xml,200,https://commons.wikimedia.org/wiki/File:Abkhazia_in_Asia.svg
Abkhazia in Europe (blue marble) (de-facto) (-mini map).svg,"Abkhazia, Europe",Commons category marks SVG as invalid,Category:Invalid SVG created with Adobe Illustrator:Maps,image/svg+xml,200,https://commons.wikimedia.org/wiki/File:Abkhazia_in_Europe_(blue_marble)_(de-facto)_(-mini_map).svg
Abkhazia in Europe (de-facto) (-rivers -mini map).svg,"Abkhazia, Europe",Commons category marks SVG as invalid,Category:Invalid SVG created with Adobe Illustrator:Maps,image/svg+xml,200,https://commons.wikimedia.org/wiki/File:Abkhazia_in_Europe_(de-facto)_(-rivers_-mini_map).svg
Abkhazia in Europe (de-facto).svg,"Abkhazia, Europe",Commons category marks SVG as invalid,Category:Invalid SVG created with Adobe Illustrator:Maps,image/svg+xml,200,https://commons.wikimedia.org/wiki/File:Abkhazia_in_Europe_(de-facto).svg
Abkhazia in Europe (natural) (-mini map).svg,"Abkhazia, Europe",Commons category marks SVG as invalid,Category:Invalid SVG created with Adobe Illustrator:Maps,image/svg+xml,200,https://commons.wikimedia.org/wiki/File:Abkhazia_in_Europe_(natural)_(-mini_map).svg
Abkhazia in Europe (natural).svg,"Abkhazia, Europe",Commons category marks SVG as invalid,Category:Invalid SVG created with Adobe Illustrator:Maps,image/svg+xml,200,https://commons.wikimedia.org/wiki/File:Abkhazia_in_Europe_(natural).svg
Abkhazia in Europe (relief) (-mini map).svg,"Abkhazia, Europe",Commons category marks SVG as invalid,Category:Invalid SVG created with Adobe Illustrator:Maps,image/svg+xml,200,https://commons.wikimedia.org/wiki/File:Abkhazia_in_Europe_(relief)_(-mini_map).svg
Abkhazia in Europe (relief).svg,"Abkhazia, Europe",Commons category marks SVG as invalid,Category:Invalid SVG created with Adobe Illustrator:Maps,image/svg+xml,200,https://commons.wikimedia.org/wiki/File:Abkhazia_in_Europe_(relief).svg
Abkhazia in Georgia (Georgian view).svg,"Abkhazia, Georgia",Commons category marks SVG as invalid,Category:Invalid SVG created with Adobe Illustrator:Maps,image/svg+xml,200,https://commons.wikimedia.org/wiki/File:Abkhazia_in_Georgia_(Georgian_view).svg
Abkhazia in its region (less biased).svg,"Abkhazia, its region (less biased), Georgia",Commons category marks SVG as invalid,Category:Invalid SVG created with Adobe Illustrator:Maps,image/svg+xml,200,https://commons.wikimedia.org/wiki/File:Abkhazia_in_its_region_(less_biased).svg
Abkhazia map-es.svg,Abkhazia,Commons category marks SVG as invalid,Category:Invalid SVG created with Inkscape:Maps,image/svg+xml,200,https://commons.wikimedia.org/wiki/File:Abkhazia_map-es.svg
Abruzzo in Italy.svg,"Abruzzo, Italy",Commons category marks SVG as invalid,Category:Invalid SVG created with Adobe Illustrator:Maps,image/svg+xml,200,https://commons.wikimedia.org/wiki/File:Abruzzo_in_Italy.svg
Adazi in Latvia.svg,"Adazi, Latvia",Commons category marks SVG as invalid,Category:Invalid SVG created with Adobe Illustrator:Locator maps-Latvia,image/svg+xml,200,https://commons.wikimedia.org/wiki/File:Adazi_in_Latvia.svg
Adelie Land in Antarctica.svg,"Adelie Land, Antarctica",Commons category marks SVG as invalid,Category:Invalid SVG created with Adobe Illustrator:Maps,image/svg+xml,200,https://commons.wikimedia.org/wiki/File:Adelie_Land_in_Antarctica.svg
Administrative areas of New Brunswick topographic map-blank.svg,North America,Commons category marks SVG as invalid,Category:Invalid SVG created with Inkscape:Maps,image/svg+xml,200,https://commons.wikimedia.org/wiki/File:Administrative_areas_of_New_Brunswick_topographic_map-blank.svg
Administrative areas of New Brunswick with First Nations land topographic map-blank.svg,North America,Commons category marks SVG as invalid,Category:Invalid SVG created with Inkscape:Maps,image/svg+xml,200,https://commons.wikimedia.org/wiki/File:Administrative_areas_of_New_Brunswick_with_First_Nations_land_topographic_map-blank.svg
Afghanistan in Asia (-mini map -rivers).svg,"Afghanistan, Asia",Commons category marks SVG as invalid,Category:Invalid SVG created with Adobe Illustrator:Maps,image/svg+xml,200,https://commons.wikimedia.org/wiki/File:Afghanistan_in_Asia_(-mini_map_-rivers).svg
Afghanistan in Asia.svg,"Afghanistan, Asia",Commons category marks SVG as invalid,Category:Invalid SVG created with Adobe Illustrator:Maps,image/svg+xml,200,https://commons.wikimedia.org/wiki/File:Afghanistan_in_Asia.svg
Afghanistan in its region.svg,Afghanistan,Commons category marks SVG as invalid,Category:Invalid SVG created with Adobe Illustrator:Maps,image/svg+xml,200,https://commons.wikimedia.org/wiki/File:Afghanistan_in_its_region.svg
Afghanistan in the world (W3).svg,"Afghanistan, the world",Commons category marks SVG as invalid,Category:Invalid SVG created with Adobe Illustrator:World maps,image/svg+xml,200,https://commons.wikimedia.org/wiki/File:Afghanistan_in_the_world_(W3).svg
Africa in the world (grey) (W3).svg,"Africa, the world",Commons category marks SVG as invalid,Category:Invalid SVG created with Adobe Illustrator:World maps,image/svg+xml,200,https://commons.wikimedia.org/wiki/File:Africa_in_the_world_(grey)_(W3).svg
Africa in the World (grey).svg,"Africa, the World",Commons category marks SVG as invalid,Category:Invalid SVG created with Adobe Illustrator:World maps,image/svg+xml,200,https://commons.wikimedia.org/wiki/File:Africa_in_the_World_(grey).svg
Africa in the world (red) (W3).svg,"Africa, the world",Commons category marks SVG as invalid,Category:Invalid SVG created with Adobe Illustrator:World maps,image/svg+xml,200,https://commons.wikimedia.org/wiki/File:Africa_in_the_world_(red)_(W3).svg
Africa in the world (yellow) (W3).svg,"Africa, the world (yellow)",Commons category marks SVG as invalid,Category:Invalid SVG created with Adobe Illustrator:World maps,image/svg+xml,200,https://commons.wikimedia.org/wiki/File:Africa_in_the_world_(yellow)_(W3).svg
Africa in the World (yellow).svg,"Africa, the World (yellow)",Commons category marks SVG as invalid,Category:Invalid SVG created with Adobe Illustrator:World maps,image/svg+xml,200,https://commons.wikimedia.org/wiki/File:Africa_in_the_World_(yellow).svg
Afro-Eurasia in the world (grey) (W3).svg,"Afro-Eurasia, the world",Commons category marks SVG as invalid,Category:Invalid SVG created with Adobe Illustrator:World maps,image/svg+xml,200,https://commons.wikimedia.org/wiki/File:Afro-Eurasia_in_the_world_(grey)_(W3).svg
Afro-Eurasia in the World (grey).svg,"Afro-Eurasia, the World",Commons category marks SVG as invalid,Category:Invalid SVG created with Adobe Illustrator:World maps,image/svg+xml,200,https://commons.wikimedia.org/wiki/File:Afro-Eurasia_in_the_World_(grey).svg
Afro-Eurasia in the World (red).svg,"Afro-Eurasia, the World",Commons category marks SVG as invalid,Category:Invalid SVG created with Adobe Illustrator:World maps,image/svg+xml,200,https://commons.wikimedia.org/wiki/File:Afro-Eurasia_in_the_World_(red).svg
Afro-Eurasia in the world (yellow) (W3).svg,"Afro-Eurasia, the world (yellow)",Commons category marks SVG as invalid,Category:Invalid SVG created with Adobe Illustrator:World maps,image/svg+xml,200,https://commons.wikimedia.org/wiki/File:Afro-Eurasia_in_the_world_(yellow)_(W3).svg
Afro-Eurasia in the World (yellow).svg,"Afro-Eurasia, the World (yellow)",Commons category marks SVG as invalid,Category:Invalid SVG created with Adobe Illustrator:World maps,image/svg+xml,200,https://commons.wikimedia.org/wiki/File:Afro-Eurasia_in_the_World_(yellow).svg
Aichi in Japan (extended).svg,"Aichi, Japan (extended)",Commons category marks SVG as invalid,Category:Invalid SVG created with Adobe Illustrator:Japanese prefecture maps,image/svg+xml,200,https://commons.wikimedia.org/wiki/File:Aichi_in_Japan_(extended).svg
Aichi in Japan (narrow).svg,"Aichi, Japan (narrow)",Commons category marks SVG as invalid,Category:Invalid SVG created with Adobe Illustrator:Japanese prefecture maps,image/svg+xml,200,https://commons.wikimedia.org/wiki/File:Aichi_in_Japan_(narrow).svg
Aichi in Japan.svg,"Aichi, Japan",Commons category marks SVG as invalid,Category:Invalid SVG created with Adobe Illustrator:Japanese prefecture maps,image/svg+xml,200,https://commons.wikimedia.org/wiki/File:Aichi_in_Japan.svg
Akita in Japan (extended).svg,"Akita, Japan (extended)",Commons category marks SVG as invalid,Category:Invalid SVG created with Adobe Illustrator:Japanese prefecture maps,image/svg+xml,200,https://commons.wikimedia.org/wiki/File:Akita_in_Japan_(extended).svg
Akita in Japan (narrow).svg,"Akita, Japan (narrow)",Commons category marks SVG as invalid,Category:Invalid SVG created with Adobe Illustrator:Japanese prefecture maps,image/svg+xml,200,https://commons.wikimedia.org/wiki/File:Akita_in_Japan_(narrow).svg
Akita in Japan.svg,"Akita, Japan",Commons category marks SVG as invalid,Category:Invalid SVG created with Adobe Illustrator:Japanese prefecture maps,image/svg+xml,200,https://commons.wikimedia.org/wiki/File:Akita_in_Japan.svg
Akrotiri and Dhekelia in its region (de-facto).svg,Akrotiri and Dhekelia,Commons category marks SVG as invalid,Category:Invalid SVG created with Adobe Illustrator:Locator maps,image/svg+xml,200,https://commons.wikimedia.org/wiki/File:Akrotiri_and_Dhekelia_in_its_region_(de-facto).svg
Al Daayen in Qatar.svg,"Al Daayen, Qatar",Commons category marks SVG as invalid,Category:Invalid SVG created with Adobe Illustrator:Maps,image/svg+xml,200,https://commons.wikimedia.org/wiki/File:Al_Daayen_in_Qatar.svg
Al Khor in Qatar.svg,"Al Khor, Qatar",Commons category marks SVG as invalid,Category:Invalid SVG created with Adobe Illustrator:Maps,image/svg+xml,200,https://commons.wikimedia.org/wiki/File:Al_Khor_in_Qatar.svg
Al Rayyan in Qatar.svg,"Al Rayyan, Qatar",Commons category marks SVG as invalid,Category:Invalid SVG created with Adobe Illustrator:Maps,image/svg+xml,200,https://commons.wikimedia.org/wiki/File:Al_Rayyan_in_Qatar.svg
Al Shamal in Qatar.svg,"Al Shamal, Qatar",Commons category marks SVG as invalid,Category:Invalid SVG created with Adobe Illustrator:Maps,image/svg+xml,200,https://commons.wikimedia.org/wiki/File:Al_Shamal_in_Qatar.svg
Al Wakra in Qatar.svg,"Al Wakra, Qatar",Commons category marks SVG as invalid,Category:Invalid SVG created with Adobe Illustrator:Locator maps,image/svg+xml,200,https://commons.wikimedia.org/wiki/File:Al_Wakra_in_Qatar.svg
Al-Basrah in Iraq.svg,"Al-Basrah, Iraq",Commons category marks SVG as invalid,Category:Invalid SVG created with Adobe Illustrator:Maps,image/svg+xml,200,https://commons.wikimedia.org/wiki/File:Al-Basrah_in_Iraq.svg
Alabama in United States (US48).svg,"Alabama, United States",Commons category marks SVG as invalid,Category:Invalid SVG created with Adobe Illustrator:Locator maps-USA,image/svg+xml,200,https://commons.wikimedia.org/wiki/File:Alabama_in_United_States_(US48).svg
Alaska in United States (US50) (+grid) (W3).svg,"Alaska, United States",Commons category marks SVG as invalid,Category:Invalid SVG created with Adobe Illustrator:Locator maps-USA,image/svg+xml,200,https://commons.wikimedia.org/wiki/File:Alaska_in_United_States_(US50)_(%2Bgrid)_(W3).svg
Alaska in United States (US50) (-grid).svg,"Alaska, United States",Commons category marks SVG as invalid,Category:Invalid SVG created with Adobe Illustrator:Locator maps-USA,image/svg+xml,200,https://commons.wikimedia.org/wiki/File:Alaska_in_United_States_(US50)_(-grid).svg
Alaska in United States (US50).svg,"Alaska, United States",Commons category marks SVG as invalid,Category:Invalid SVG created with Adobe Illustrator:Locator maps-USA,image/svg+xml,200,https://commons.wikimedia.org/wiki/File:Alaska_in_United_States_(US50).svg
Albania in Europe (natural) (-mini map).svg,"Albania, Europe",Commons category marks SVG as invalid,Category:Invalid SVG created with Adobe Illustrator:Maps,image/svg+xml,200,https://commons.wikimedia.org/wiki/File:Albania_in_Europe_(natural)_(-mini_map).svg
Albania in Europe (natural).svg,"Albania, Europe",Commons category marks SVG as invalid,Category:Invalid SVG created with Adobe Illustrator:Maps,image/svg+xml,200,https://commons.wikimedia.org/wiki/File:Albania_in_Europe_(natural).svg
Albania in Europe (relief) (-mini map).svg,"Albania, Europe",Commons category marks SVG as invalid,Category:Invalid SVG created with Adobe Illustrator:Maps,image/svg+xml,200,https://commons.wikimedia.org/wiki/File:Albania_in_Europe_(relief)_(-mini_map).svg
Albania in Europe (relief).svg,"Albania, Europe",Commons category marks SVG as invalid,Category:Invalid SVG created with Adobe Illustrator:Maps,image/svg+xml,200,https://commons.wikimedia.org/wiki/File:Albania_in_Europe_(relief).svg
Albania in the world (W3).svg,"Albania, the world",Commons category marks SVG as invalid,Category:Invalid SVG created with Adobe Illustrator:World maps,image/svg+xml,200,https://commons.wikimedia.org/wiki/File:Albania_in_the_world_(W3).svg
Albania map-ce.svg,Albania,Commons category marks SVG as invalid,Category:Invalid SVG created with Inkscape:Maps,image/svg+xml,200,https://commons.wikimedia.org/wiki/File:Albania_map-ce.svg
Albania map-de.svg,Albania,Commons category marks SVG as invalid,Category:Invalid SVG created with Inkscape:Maps,image/svg+xml,200,https://commons.wikimedia.org/wiki/File:Albania_map-de.svg
Albania map-en.svg,Albania,Commons category marks SVG as invalid,Category:Invalid SVG created with Inkscape:Maps,image/svg+xml,200,https://commons.wikimedia.org/wiki/File:Albania_map-en.svg
Albania map-fr.svg,Albania,Commons category marks SVG as invalid,Category:Invalid SVG created with Inkscape:Maps,image/svg+xml,200,https://commons.wikimedia.org/wiki/File:Albania_map-fr.svg
Albania map-it.svg,Albania,Commons category marks SVG as invalid,Category:Invalid SVG created with Inkscape:Maps,image/svg+xml,200,https://commons.wikimedia.org/wiki/File:Albania_map-it.svg
Albania map-mk.svg,Albania,Commons category marks SVG as invalid,Category:Invalid SVG created with Inkscape:Maps,image/svg+xml,200,https://commons.wikimedia.org/wiki/File:Albania_map-mk.svg
Albania map-ru.svg,Albania,Commons category marks SVG as invalid,Category:Invalid SVG created with Inkscape:Maps,image/svg+xml,200,https://commons.wikimedia.org/wiki/File:Albania_map-ru.svg
Albania map-sq.svg,Albania,Commons category marks SVG as invalid,Category:Invalid SVG created with Inkscape:Maps,image/svg+xml,200,https://commons.wikimedia.org/wiki/File:Albania_map-sq.svg
Aleppo in Syria (+Golan hatched).svg,"Aleppo, Syria (+Golan hatched)",Commons category marks SVG as invalid,Category:Invalid SVG created with Adobe Illustrator:Maps,image/svg+xml,200,https://commons.wikimedia.org/wiki/File:Aleppo_in_Syria_(%2BGolan_hatched).svg
Aleppo in Syria (+Golan light grey).svg,"Aleppo, Syria (+Golan light grey)",Commons category marks SVG as invalid,Category:Invalid SVG created with Adobe Illustrator:Maps,image/svg+xml,200,https://commons.wikimedia.org/wiki/File:Aleppo_in_Syria_(%2BGolan_light_grey).svg
Aleppo in Syria (+Golan).svg,"Aleppo, Syria (+Golan)",Commons category marks SVG as invalid,Category:Invalid SVG created with Adobe Illustrator:Maps,image/svg+xml,200,https://commons.wikimedia.org/wiki/File:Aleppo_in_Syria_(%2BGolan).svg
Aleppo in Syria.svg,"Aleppo, Syria",Commons category marks SVG as invalid,Category:Invalid SVG created with Adobe Illustrator:Maps,image/svg+xml,200,https://commons.wikimedia.org/wiki/File:Aleppo_in_Syria.svg
Alessandria in Italy.svg,"Alessandria, Italy",Commons category marks SVG as invalid,Category:Invalid SVG created with Adobe Illustrator:Italian province maps,image/svg+xml,200,https://commons.wikimedia.org/wiki/File:Alessandria_in_Italy.svg
Alluri Sitharama Raju in Andhra Pradesh (India).svg,"Alluri Sitharama Raju, Andhra Pradesh, India",Commons category marks SVG as invalid,Category:Invalid SVG created with Inkscape:Locator maps,image/svg+xml,200,https://commons.wikimedia.org/wiki/File:Alluri_Sitharama_Raju_in_Andhra_Pradesh_(India).svg
Alsace Lorraine departments evolution map-en.svg,former departments of France,Commons category marks SVG as invalid,Category:Invalid SVG created with Inkscape:Locator maps,image/svg+xml,200,https://commons.wikimedia.org/wiki/File:Alsace_Lorraine_departments_evolution_map-en.svg
Alsó-Fehér vármegye in Hungary.svg,"Alsó-Fehér vármegye, Hungary, the Kingdom of Hungary",Commons category marks SVG as invalid,Category:Invalid SVG created with Adobe Illustrator:Locator maps-Hungary,image/svg+xml,200,https://commons.wikimedia.org/wiki/File:Als%C3%B3-Feh%C3%A9r_v%C3%A1rmegye_in_Hungary.svg
Amazonas in Venezuela (+claimed).svg,"Amazonas, Venezuela",Commons category marks SVG as invalid,Category:Invalid SVG created with Adobe Illustrator:Maps,image/svg+xml,200,https://commons.wikimedia.org/wiki/File:Amazonas_in_Venezuela_(%2Bclaimed).svg
Amazonas in Venezuela.svg,"Amazonas, Venezuela",Commons category marks SVG as invalid,Category:Invalid SVG created with Adobe Illustrator:Maps,image/svg+xml,200,https://commons.wikimedia.org/wiki/File:Amazonas_in_Venezuela.svg
An Giang in Viet Nam.svg,"An Giang, Viet Nam",Commons category marks SVG as invalid,Category:Invalid SVG created with Adobe Illustrator:Maps of Vietnam,image/svg+xml,200,https://commons.wikimedia.org/wiki/File:An_Giang_in_Viet_Nam.svg
An Giang in Vietnam before 1 July 2025.svg,"An Giang, Vietnam before 1 July 2025",Commons category marks SVG as invalid,Category:Invalid SVG created with Adobe Illustrator:Maps of Vietnam,image/svg+xml,200,https://commons.wikimedia.org/wiki/File:An_Giang_in_Vietnam_before_1_July_2025.svg
Anakapalli in Andhra Pradesh (India).svg,"Anakapalli, Andhra Pradesh, India",Commons category marks SVG as invalid,Category:Invalid SVG created with Inkscape:Locator maps,image/svg+xml,200,https://commons.wikimedia.org/wiki/File:Anakapalli_in_Andhra_Pradesh_(India).svg
Anantapur in Andhra Pradesh (India).svg,"Anantapur, Andhra Pradesh, India",Commons category marks SVG as invalid,Category:Invalid SVG created with Inkscape:Locator maps,image/svg+xml,200,https://commons.wikimedia.org/wiki/File:Anantapur_in_Andhra_Pradesh_(India).svg
Ancona in Italy.svg,"Ancona, Italy",Commons category marks SVG as invalid,Category:Invalid SVG created with Adobe Illustrator:Italian province maps,image/svg+xml,200,https://commons.wikimedia.org/wiki/File:Ancona_in_Italy.svg
Andalucia in Spain (including Canarias) (special marker).svg,"Andalucia, Spain (including Canarias)",Commons category marks SVG as invalid,Category:Invalid SVG created with Adobe Illustrator:Locator maps,image/svg+xml,200,https://commons.wikimedia.org/wiki/File:Andalucia_in_Spain_(including_Canarias)_(special_marker).svg
Andalucia in Spain (special marker).svg,"Andalucia, Spain",Commons category marks SVG as invalid,Category:Invalid SVG created with Adobe Illustrator:Locator maps,image/svg+xml,200,https://commons.wikimedia.org/wiki/File:Andalucia_in_Spain_(special_marker).svg
Andorra in Europe (zoomed).svg,"Andorra, Europe",Commons category marks SVG as invalid,Category:Invalid SVG created with Adobe Illustrator:Maps,image/svg+xml,200,https://commons.wikimedia.org/wiki/File:Andorra_in_Europe_(zoomed).svg
Anglesey in Wales.svg,"Anglesey, Wales",Commons category marks SVG as invalid,Category:Invalid SVG created with Adobe Illustrator:Locator maps-Wales,image/svg+xml,200,https://commons.wikimedia.org/wiki/File:Anglesey_in_Wales.svg
Anhwei in Republic of China.svg,"Anhwei, Republic of China",Commons category reports broken file links,Category:Files with broken file links,image/svg+xml,200,https://commons.wikimedia.org/wiki/File:Anhwei_in_Republic_of_China.svg
Annamayya in Andhra Pradesh (India).svg,"Annamayya, Andhra Pradesh, India",Commons category marks SVG as invalid,Category:Invalid SVG created with Inkscape:Locator maps,image/svg+xml,200,https://commons.wikimedia.org/wiki/File:Annamayya_in_Andhra_Pradesh_(India).svg
Antung in Republic of China.svg,"Antung, Republic of China",Commons category reports broken file links,Category:Files with broken file links,image/svg+xml,200,https://commons.wikimedia.org/wiki/File:Antung_in_Republic_of_China.svg
Anzoategui in Venezuela (+claimed).svg,"Anzoategui, Venezuela",Commons category marks SVG as invalid,Category:Invalid SVG created with Adobe Illustrator:Maps,image/svg+xml,200,https://commons.wikimedia.org/wiki/File:Anzoategui_in_Venezuela_(%2Bclaimed).svg
Anzoategui in Venezuela.svg,"Anzoategui, Venezuela",Commons category marks SVG as invalid,Category:Invalid SVG created with Adobe Illustrator:Maps,image/svg+xml,200,https://commons.wikimedia.org/wiki/File:Anzoategui_in_Venezuela.svg
Aomori in Japan (extended).svg,"Aomori, Japan (extended)",Commons category marks SVG as invalid,Category:Invalid SVG created with Adobe Illustrator:Japanese prefecture maps,image/svg+xml,200,https://commons.wikimedia.org/wiki/File:Aomori_in_Japan_(extended).svg
Aomori in Japan (narrow).svg,"Aomori, Japan (narrow)",Commons category marks SVG as invalid,Category:Invalid SVG created with Adobe Illustrator:Japanese prefecture maps,image/svg+xml,200,https://commons.wikimedia.org/wiki/File:Aomori_in_Japan_(narrow).svg
Aomori in Japan.svg,"Aomori, Japan",Commons category marks SVG as invalid,Category:Invalid SVG created with Adobe Illustrator:Japanese prefecture maps,image/svg+xml,200,https://commons.wikimedia.org/wiki/File:Aomori_in_Japan.svg
Aosta Valley in Italy.svg,"Aosta Valley, Italy",Commons category marks SVG as invalid,Category:Invalid SVG created with Adobe Illustrator:Maps,image/svg+xml,200,https://commons.wikimedia.org/wiki/File:Aosta_Valley_in_Italy.svg
Aoste in Italy.svg,"Aoste, Italy",Commons category marks SVG as invalid,Category:Invalid SVG created with Adobe Illustrator:Maps,image/svg+xml,200,https://commons.wikimedia.org/wiki/File:Aoste_in_Italy.svg
Apartheid South Africa with Nominally independent Bantustans (orthographic projection).svg,former countries of Africa,Commons category marks SVG as invalid,Category:Invalid SVG,image/svg+xml,200,https://commons.wikimedia.org/wiki/File:Apartheid_South_Africa_with_Nominally_independent_Bantustans_(orthographic_projection).svg
Apulia in Italy.svg,"Apulia, Italy",Commons category marks SVG as invalid,Category:Invalid SVG created with Adobe Illustrator:Maps,image/svg+xml,200,https://commons.wikimedia.org/wiki/File:Apulia_in_Italy.svg
Apure in Venezuela (+claimed).svg,"Apure, Venezuela",Commons category marks SVG as invalid,Category:Invalid SVG created with Adobe Illustrator:Maps,image/svg+xml,200,https://commons.wikimedia.org/wiki/File:Apure_in_Venezuela_(%2Bclaimed).svg
Apure in Venezuela.svg,"Apure, Venezuela",Commons category marks SVG as invalid,Category:Invalid SVG created with Adobe Illustrator:Maps,image/svg+xml,200,https://commons.wikimedia.org/wiki/File:Apure_in_Venezuela.svg
Arad vármegye in Hungary.svg,"Arad vármegye, Hungary, the Kingdom of Hungary",Commons category marks SVG as invalid,Category:Invalid SVG created with Adobe Illustrator:Locator maps-Hungary,image/svg+xml,200,https://commons.wikimedia.org/wiki/File:Arad_v%C3%A1rmegye_in_Hungary.svg
Aragua in Venezuela (+claimed).svg,"Aragua, Venezuela",Commons category marks SVG as invalid,Category:Invalid SVG created with Adobe Illustrator:Maps,image/svg+xml,200,https://commons.wikimedia.org/wiki/File:Aragua_in_Venezuela_(%2Bclaimed).svg
Aragua in Venezuela.svg,"Aragua, Venezuela",Commons category marks SVG as invalid,Category:Invalid SVG created with Adobe Illustrator:Maps,image/svg+xml,200,https://commons.wikimedia.org/wiki/File:Aragua_in_Venezuela.svg
Arezzo in Italy.svg,"Arezzo, Italy",Commons category marks SVG as invalid,Category:Invalid SVG created with Adobe Illustrator:Italian province maps,image/svg+xml,200,https://commons.wikimedia.org/wiki/File:Arezzo_in_Italy.svg
"Argentina (including claimed territories, orthographic projection).svg",Argentina,Commons category marks SVG as invalid,Category:Invalid SVG created with Inkscape:World maps (gggs),image/svg+xml,200,"https://commons.wikimedia.org/wiki/File:Argentina_(including_claimed_territories,_orthographic_projection).svg"
Argentina - Buenos Aires - Coronel Pringles.svg,partidos of Buenos Aires Province,Commons category marks SVG as invalid,Category:Invalid SVG created with Inkscape:Maps,image/svg+xml,200,https://commons.wikimedia.org/wiki/File:Argentina_-_Buenos_Aires_-_Coronel_Pringles.svg
Argentina - Buenos Aires - Lezama.svg,partidos of Buenos Aires Province,Commons category marks SVG as invalid,Category:Invalid SVG created with Inkscape:Maps,image/svg+xml,200,https://commons.wikimedia.org/wiki/File:Argentina_-_Buenos_Aires_-_Lezama.svg
Argentina - Buenos Aires - Merlo.svg,partidos of Buenos Aires Province,Commons category marks SVG as invalid,Category:Invalid SVG created with Inkscape:Maps,image/svg+xml,200,https://commons.wikimedia.org/wiki/File:Argentina_-_Buenos_Aires_-_Merlo.svg
Argentina - Buenos Aires - Morón.svg,partidos of Buenos Aires Province,Commons category marks SVG as invalid,Category:Invalid SVG created with Inkscape:Maps,image/svg+xml,200,https://commons.wikimedia.org/wiki/File:Argentina_-_Buenos_Aires_-_Mor%C3%B3n.svg
Argentina - Buenos Aires - Olavarría.svg,partidos of Buenos Aires Province,Commons category marks SVG as invalid,Category:Invalid SVG created with Inkscape:Maps,image/svg+xml,200,https://commons.wikimedia.org/wiki/File:Argentina_-_Buenos_Aires_-_Olavarr%C3%ADa.svg
Argentina - Buenos Aires - Roque Pérez.svg,partidos of Buenos Aires Province,Commons category marks SVG as invalid,Category:Invalid SVG created with Inkscape:Maps,image/svg+xml,200,https://commons.wikimedia.org/wiki/File:Argentina_-_Buenos_Aires_-_Roque_P%C3%A9rez.svg
Argentina - Buenos Aires - San Andrés de Giles.svg,partidos of Buenos Aires Province,Commons category marks SVG as invalid,Category:Invalid SVG created with Inkscape:Maps,image/svg+xml,200,https://commons.wikimedia.org/wiki/File:Argentina_-_Buenos_Aires_-_San_Andr%C3%A9s_de_Giles.svg
Argentina - Buenos Aires - San Fernando.svg,partidos of Buenos Aires Province,Commons category marks SVG as invalid,Category:Invalid SVG created with Inkscape:Maps,image/svg+xml,200,https://commons.wikimedia.org/wiki/File:Argentina_-_Buenos_Aires_-_San_Fernando.svg
Argentina - Buenos Aires - San Isidro.svg,partidos of Buenos Aires Province,Commons category marks SVG as invalid,Category:Invalid SVG created with Inkscape:Maps,image/svg+xml,200,https://commons.wikimedia.org/wiki/File:Argentina_-_Buenos_Aires_-_San_Isidro.svg
Argentina - Buenos Aires - San Miguel del Monte.svg,partidos of Buenos Aires Province,Commons category marks SVG as invalid,Category:Invalid SVG created with Inkscape:Maps,image/svg+xml,200,https://commons.wikimedia.org/wiki/File:Argentina_-_Buenos_Aires_-_San_Miguel_del_Monte.svg
Argentina - Buenos Aires - San Nicolás.svg,partidos of Buenos Aires Province,Commons category marks SVG as invalid,Category:Invalid SVG created with Inkscape:Maps,image/svg+xml,200,https://commons.wikimedia.org/wiki/File:Argentina_-_Buenos_Aires_-_San_Nicol%C3%A1s.svg
Argentina - Buenos Aires - San Pedro.svg,partidos of Buenos Aires Province,Commons category marks SVG as invalid,Category:Invalid SVG created with Inkscape:Maps,image/svg+xml,200,https://commons.wikimedia.org/wiki/File:Argentina_-_Buenos_Aires_-_San_Pedro.svg
Argentina - Buenos Aires - San Vicente.svg,partidos of Buenos Aires Province,Commons category marks SVG as invalid,Category:Invalid SVG created with Inkscape:Maps,image/svg+xml,200,https://commons.wikimedia.org/wiki/File:Argentina_-_Buenos_Aires_-_San_Vicente.svg
Argentina - Buenos Aires - Suipacha.svg,partidos of Buenos Aires Province,Commons category marks SVG as invalid,Category:Invalid SVG created with Inkscape:Maps,image/svg+xml,200,https://commons.wikimedia.org/wiki/File:Argentina_-_Buenos_Aires_-_Suipacha.svg
Argentina - Buenos Aires - Tandil.svg,partidos of Buenos Aires Province,Commons category marks SVG as invalid,Category:Invalid SVG created with Inkscape:Maps,image/svg+xml,200,https://commons.wikimedia.org/wiki/File:Argentina_-_Buenos_Aires_-_Tandil.svg
Argentina - Buenos Aires - Tigre.svg,partidos of Buenos Aires Province,Commons category marks SVG as invalid,Category:Invalid SVG created with Inkscape:Maps,image/svg+xml,200,https://commons.wikimedia.org/wiki/File:Argentina_-_Buenos_Aires_-_Tigre.svg
Argentina - Buenos Aires - Tordillo.svg,partidos of Buenos Aires Province,Commons category marks SVG as invalid,Category:Invalid SVG created with Inkscape:Maps,image/svg+xml,200,https://commons.wikimedia.org/wiki/File:Argentina_-_Buenos_Aires_-_Tordillo.svg
Argentina - Buenos Aires - Tornquist.svg,partidos of Buenos Aires Province,Commons category marks SVG as invalid,Category:Invalid SVG created with Inkscape:Maps,image/svg+xml,200,https://commons.wikimedia.org/wiki/File:Argentina_-_Buenos_Aires_-_Tornquist.svg
Argentina - Buenos Aires - Trenque Lauquen.svg,partidos of Buenos Aires Province,Commons category marks SVG as invalid,Category:Invalid SVG created with Inkscape:Maps,image/svg+xml,200,https://commons.wikimedia.org/wiki/File:Argentina_-_Buenos_Aires_-_Trenque_Lauquen.svg
Argentina - Buenos Aires - Tres Arroyos.svg,partidos of Buenos Aires Province,Commons category marks SVG as invalid,Category:Invalid SVG created with Inkscape:Maps,image/svg+xml,200,https://commons.wikimedia.org/wiki/File:Argentina_-_Buenos_Aires_-_Tres_Arroyos.svg
Argentina - Buenos Aires - Tres de Febrero.svg,partidos of Buenos Aires Province,Commons category marks SVG as invalid,Category:Invalid SVG created with Inkscape:Maps,image/svg+xml,200,https://commons.wikimedia.org/wiki/File:Argentina_-_Buenos_Aires_-_Tres_de_Febrero.svg
Argentina - Buenos Aires - Tres Lomas.svg,partidos of Buenos Aires Province,Commons category marks SVG as invalid,Category:Invalid SVG created with Inkscape:Maps,image/svg+xml,200,https://commons.wikimedia.org/wiki/File:Argentina_-_Buenos_Aires_-_Tres_Lomas.svg
Argentina - Buenos Aires - Veinticinco de Mayo.svg,partidos of Buenos Aires Province,Commons category marks SVG as invalid,Category:Invalid SVG created with Inkscape:Maps,image/svg+xml,200,https://commons.wikimedia.org/wiki/File:Argentina_-_Buenos_Aires_-_Veinticinco_de_Mayo.svg
Argentina - Buenos Aires - Vicente López.svg,partidos of Buenos Aires Province,Commons category marks SVG as invalid,Category:Invalid SVG created with Inkscape:Maps,image/svg+xml,200,https://commons.wikimedia.org/wiki/File:Argentina_-_Buenos_Aires_-_Vicente_L%C3%B3pez.svg
Argentina - Buenos Aires - Villa Gesell.svg,partidos of Buenos Aires Province,Commons category marks SVG as invalid,Category:Invalid SVG created with Inkscape:Maps,image/svg+xml,200,https://commons.wikimedia.org/wiki/File:Argentina_-_Buenos_Aires_-_Villa_Gesell.svg
Argentina - Buenos Aires - Villarino.svg,partidos of Buenos Aires Province,Commons category marks SVG as invalid,Category:Invalid SVG created with Inkscape:Maps,image/svg+xml,200,https://commons.wikimedia.org/wiki/File:Argentina_-_Buenos_Aires_-_Villarino.svg
Argentina - Buenos Aires - Zárate.svg,partidos of Buenos Aires Province,Commons category marks SVG as invalid,Category:Invalid SVG created with Inkscape:Maps,image/svg+xml,200,https://commons.wikimedia.org/wiki/File:Argentina_-_Buenos_Aires_-_Z%C3%A1rate.svg
Argentina on the globe (de facto +Antarctic claims hatched) (Chile centered).svg,"Argentina, Antarctica",Commons category marks SVG as invalid,Category:Invalid SVG created with Adobe Illustrator:World maps,image/svg+xml,200,https://commons.wikimedia.org/wiki/File:Argentina_on_the_globe_(de_facto_%2BAntarctic_claims_hatched)_(Chile_centered).svg
Argyll and Bute in Scotland.svg,"Argyll and Bute, Scotland",Commons category marks SVG as invalid,Category:Invalid SVG created with Adobe Illustrator:Maps,image/svg+xml,200,https://commons.wikimedia.org/wiki/File:Argyll_and_Bute_in_Scotland.svg
Arizona in United States (US48).svg,"Arizona, United States",Commons category marks SVG as invalid,Category:Invalid SVG created with Adobe Illustrator:Locator maps-USA,image/svg+xml,200,https://commons.wikimedia.org/wiki/File:Arizona_in_United_States_(US48).svg
Arkansas in United States (US48).svg,"Arkansas, United States",Commons category marks SVG as invalid,Category:Invalid SVG created with Adobe Illustrator:Locator maps-USA,image/svg+xml,200,https://commons.wikimedia.org/wiki/File:Arkansas_in_United_States_(US48).svg
Armenia Japan Locator.svg,Armenia,Commons category marks SVG as invalid,Category:Invalid SVG created with Inkscape:Maps,image/svg+xml,200,https://commons.wikimedia.org/wiki/File:Armenia_Japan_Locator.svg
Armorican Massif geological map-fr.svg,Armorican Massif,Commons category reports broken file links,Category:Files with broken file links,image/svg+xml,200,https://commons.wikimedia.org/wiki/File:Armorican_Massif_geological_map-fr.svg
Artemisa in Cuba.svg,"Artemisa, Cuba",Commons category marks SVG as invalid,Category:Invalid SVG created with Adobe Illustrator:Cuba maps,image/svg+xml,200,https://commons.wikimedia.org/wiki/File:Artemisa_in_Cuba.svg
Artsakh on the globe (de-facto) (Europe centered).svg,Artsakh,Commons category marks SVG as invalid,Category:Invalid SVG created with Adobe Illustrator:World maps,image/svg+xml,200,https://commons.wikimedia.org/wiki/File:Artsakh_on_the_globe_(de-facto)_(Europe_centered).svg
Ascension Island on the Globe (in the United Kingdom).svg,"Ascension Island, the United Kingdom",Commons category marks SVG as invalid,Category:Invalid SVG created with Adobe Illustrator:World maps,image/svg+xml,200,https://commons.wikimedia.org/wiki/File:Ascension_Island_on_the_Globe_(in_the_United_Kingdom).svg
Ascoli Piceno in Italy.svg,"Ascoli Piceno, Italy",Commons category marks SVG as invalid,Category:Invalid SVG created with Adobe Illustrator:Italian province maps,image/svg+xml,200,https://commons.wikimedia.org/wiki/File:Ascoli_Piceno_in_Italy.svg
Ashmore and Cartier Islands on the globe (Southeast Asia centered) (small islands magnified).svg,"Ashmore and Cartier Islands, Australia",Thumbnail request was rate-limited (HTTP 429); reachability unconfirmed,,image/svg+xml,429,https://commons.wikimedia.org/wiki/File:Ashmore_and_Cartier_Islands_on_the_globe_(Southeast_Asia_centered)_(small_islands_magnified).svg
Assam Marigaon locator map.svg,districts of Assam,Commons category marks SVG as invalid,Category:Invalid SVG created with Adobe Illustrator:Maps,image/svg+xml,200,https://commons.wikimedia.org/wiki/File:Assam_Marigaon_locator_map.svg
Asti in Italy.svg,"Asti, Italy",Commons category marks SVG as invalid,Category:Invalid SVG created with Adobe Illustrator:Italian province maps,image/svg+xml,200,https://commons.wikimedia.org/wiki/File:Asti_in_Italy.svg
Auckland in New Zealand.svg,"Auckland, New Zealand",Commons category marks SVG as invalid,Category:Invalid SVG created with Adobe Illustrator:Maps,image/svg+xml,200,https://commons.wikimedia.org/wiki/File:Auckland_in_New_Zealand.svg
Australia (orthographic projection).svg,Australia,Commons category marks SVG as invalid,Category:Invalid SVG created with Inkscape:World maps (gggs),image/svg+xml,200,https://commons.wikimedia.org/wiki/File:Australia_(orthographic_projection).svg
Australia in Oceania (Ashmore and Cartier Islands special) (small islands magnified) (-mini map -rivers).svg,"Australia, Oceania (Ashmore and Cartier Islands special) (small islands magnified)",Commons category marks SVG as invalid,Category:Invalid SVG created with Adobe Illustrator:World maps,image/svg+xml,200,https://commons.wikimedia.org/wiki/File:Australia_in_Oceania_(Ashmore_and_Cartier_Islands_special)_(small_islands_magnified)_(-mini_map_-rivers).svg
Australia in Oceania.svg,"Australia, Oceania",Commons category marks SVG as invalid,Category:Invalid SVG created with Adobe Illustrator:World maps,image/svg+xml,200,https://commons.wikimedia.org/wiki/File:Australia_in_Oceania.svg
Australia map with outlying islands.svg,Australia,Commons category marks SVG as invalid,Category:Invalid SVG created with Inkscape:World maps (gggs),image/svg+xml,200,https://commons.wikimedia.org/wiki/File:Australia_map_with_outlying_islands.svg
Australia on the globe (Antarctic claims hatched) (Oceania centered) with borders.svg,"Australia, Antarctica",Commons category marks SVG as invalid,Category:Invalid SVG created with Adobe Illustrator:World maps,image/svg+xml,200,https://commons.wikimedia.org/wiki/File:Australia_on_the_globe_(Antarctic_claims_hatched)_(Oceania_centered)_with_borders.svg
Austria all.svg,Austria,Commons category marks SVG as invalid,Category:Invalid SVG created with Inkscape:Maps,image/svg+xml,200,https://commons.wikimedia.org/wiki/File:Austria_all.svg
Austria in European Union.svg,"Austria, European Union",Commons category marks SVG as invalid,Category:Invalid SVG created with Adobe Illustrator:Maps,image/svg+xml,200,https://commons.wikimedia.org/wiki/File:Austria_in_European_Union.svg
Austria States blank map.svg,Austria,Commons category marks SVG as invalid,Category:Invalid SVG created with Adobe Illustrator:Maps,image/svg+xml,200,https://commons.wikimedia.org/wiki/File:Austria_States_blank_map.svg
Austria Vienna location map.svg,states of Austria,Commons category marks SVG as invalid,Category:Invalid SVG created with Adobe Illustrator:Maps,image/svg+xml,200,https://commons.wikimedia.org/wiki/File:Austria_Vienna_location_map.svg
Avellino in Italy.svg,"Avellino, Italy",Commons category marks SVG as invalid,Category:Invalid SVG created with Adobe Illustrator:Italian province maps,image/svg+xml,200,https://commons.wikimedia.org/wiki/File:Avellino_in_Italy.svg
Azad Kashmir in Pakistan (claims hatched).svg,"Azad Kashmir, Pakistan (claims hatched)",Commons category marks SVG as invalid,Category:Invalid SVG created with Adobe Illustrator:Locator maps,image/svg+xml,200,https://commons.wikimedia.org/wiki/File:Azad_Kashmir_in_Pakistan_(claims_hatched).svg
Azerbaijan topographic map-de.svg,Azerbaijan,Commons category marks SVG as invalid,Category:Invalid SVG created with Inkscape:Maps,image/svg+xml,200,https://commons.wikimedia.org/wiki/File:Azerbaijan_topographic_map-de.svg
Azerbaijan topographic map-fr.svg,Azerbaijan,Commons category marks SVG as invalid,Category:Invalid SVG created with Inkscape:Maps,image/svg+xml,200,https://commons.wikimedia.org/wiki/File:Azerbaijan_topographic_map-fr.svg
Azerbaijan topographic map-it.svg,the Caucasus,Commons category marks SVG as invalid,Category:Invalid SVG created with Inkscape:Maps,image/svg+xml,200,https://commons.wikimedia.org/wiki/File:Azerbaijan_topographic_map-it.svg
Azerbaijan topographic map-lt.svg,Azerbaijan,Commons category marks SVG as invalid,Category:Invalid SVG created with Inkscape:World maps,image/svg+xml,200,https://commons.wikimedia.org/wiki/File:Azerbaijan_topographic_map-lt.svg
Ba Ria-Vung Tau in Vietnam.svg,"Ba Ria-Vung Tau, Vietnam",Commons category marks SVG as invalid,Category:Invalid SVG created with Adobe Illustrator:Maps of Vietnam,image/svg+xml,200,https://commons.wikimedia.org/wiki/File:Ba_Ria-Vung_Tau_in_Vietnam.svg
Bac Giang in Vietnam before 1 July 2025.svg,"Bac Giang, Vietnam before 1 July 2025",Commons category marks SVG as invalid,Category:Invalid SVG created with Adobe Illustrator:Maps of Vietnam,image/svg+xml,200,https://commons.wikimedia.org/wiki/File:Bac_Giang_in_Vietnam_before_1_July_2025.svg
Bac Lieu in Vietnam before 1 July 2025.svg,"Bac Lieu, Vietnam before 1 July 2025",Commons category marks SVG as invalid,Category:Invalid SVG created with Adobe Illustrator:Maps of Vietnam,image/svg+xml,200,https://commons.wikimedia.org/wiki/File:Bac_Lieu_in_Vietnam_before_1_July_2025.svg
Bac Ninh in Viet Nam.svg,"Bac Ninh, Viet Nam",Commons category marks SVG as invalid,Category:Invalid SVG created with Adobe Illustrator:Maps of Vietnam,image/svg+xml,200,https://commons.wikimedia.org/wiki/File:Bac_Ninh_in_Viet_Nam.svg
Bac Ninh in Vietnam before 1 July 2025 (special marker).svg,"Bac Ninh, Vietnam before 1 July 2025",Commons category marks SVG as invalid,Category:Invalid SVG created with Adobe Illustrator:Maps of Vietnam,image/svg+xml,200,https://commons.wikimedia.org/wiki/File:Bac_Ninh_in_Vietnam_before_1_July_2025_(special_marker).svg
Bac Ninh in Vietnam before 1 July 2025.svg,"Bac Ninh, Vietnam before 1 July 2025",Commons category marks SVG as invalid,Category:Invalid SVG created with Adobe Illustrator:Maps,image/svg+xml,200,https://commons.wikimedia.org/wiki/File:Bac_Ninh_in_Vietnam_before_1_July_2025.svg
Bali in Indonesia (special marker).svg,"Bali, Indonesia",Commons category marks SVG as invalid,Category:Invalid SVG created with Adobe Illustrator:Maps,image/svg+xml,200,https://commons.wikimedia.org/wiki/File:Bali_in_Indonesia_(special_marker).svg
Bali in Indonesia.svg,"Bali, Indonesia",Commons category marks SVG as invalid,Category:Invalid SVG created with Adobe Illustrator:Maps,image/svg+xml,200,https://commons.wikimedia.org/wiki/File:Bali_in_Indonesia.svg
Bapatla in Andhra Pradesh (India).svg,"Bapatla, Andhra Pradesh, India",Commons category marks SVG as invalid,Category:Invalid SVG created with Inkscape:Locator maps,image/svg+xml,200,https://commons.wikimedia.org/wiki/File:Bapatla_in_Andhra_Pradesh_(India).svg
Baranya vármegye in Hungary.svg,"Baranya vármegye, Hungary, the Kingdom of Hungary",Commons category marks SVG as invalid,Category:Invalid SVG created with Adobe Illustrator:Locator maps-Hungary,image/svg+xml,200,https://commons.wikimedia.org/wiki/File:Baranya_v%C3%A1rmegye_in_Hungary.svg
Bari in Italy.svg,"Bari, Italy",Commons category marks SVG as invalid,Category:Invalid SVG created with Adobe Illustrator:Italian province maps,image/svg+xml,200,https://commons.wikimedia.org/wiki/File:Bari_in_Italy.svg
Barinas en Venezuela.svg,Venezuela,Thumbnail request was rate-limited (HTTP 429); reachability unconfirmed,,image/svg+xml,429,https://commons.wikimedia.org/wiki/File:Barinas_en_Venezuela.svg
Barinas in Venezuela (+claimed).svg,"Barinas, Venezuela",Commons category marks SVG as invalid,Category:Invalid SVG created with Adobe Illustrator:Maps,image/svg+xml,200,https://commons.wikimedia.org/wiki/File:Barinas_in_Venezuela_(%2Bclaimed).svg
Barinas in Venezuela.svg,"Barinas, Venezuela",Commons category marks SVG as invalid,Category:Invalid SVG created with Adobe Illustrator:Maps,image/svg+xml,200,https://commons.wikimedia.org/wiki/File:Barinas_in_Venezuela.svg
Barletta-Andria-Trani in Italy.svg,"Barletta-Andria-Trani, Italy",Commons category marks SVG as invalid,Category:Invalid SVG created with Adobe Illustrator:Italian province maps,image/svg+xml,200,https://commons.wikimedia.org/wiki/File:Barletta-Andria-Trani_in_Italy.svg
Bars vármegye in Hungary.svg,"Bars vármegye, Hungary, the Kingdom of Hungary",Commons category marks SVG as invalid,Category:Invalid SVG created with Adobe Illustrator:Locator maps-Hungary,image/svg+xml,200,https://commons.wikimedia.org/wiki/File:Bars_v%C3%A1rmegye_in_Hungary.svg
Bashkortostan in Russia.svg,"Bashkortostan, Russia",Commons category marks SVG as invalid,Category:Invalid SVG created with Adobe Illustrator:Locator maps,image/svg+xml,200,https://commons.wikimedia.org/wiki/File:Bashkortostan_in_Russia.svg
Basilicata in Italy.svg,"Basilicata, Italy",Commons category marks SVG as invalid,Category:Invalid SVG created with Adobe Illustrator:Maps,image/svg+xml,200,https://commons.wikimedia.org/wiki/File:Basilicata_in_Italy.svg
Bavaria in Germany.svg,"Bavaria, Germany",Commons category marks SVG as invalid,Category:Invalid SVG created with Adobe Illustrator:Locator maps,image/svg+xml,200,https://commons.wikimedia.org/wiki/File:Bavaria_in_Germany.svg
Bay of Plenty in New Zealand.svg,"Bay of Plenty, New Zealand",Commons category marks SVG as invalid,Category:Invalid SVG created with Adobe Illustrator:Maps,image/svg+xml,200,https://commons.wikimedia.org/wiki/File:Bay_of_Plenty_in_New_Zealand.svg
Belarus Georgia locator.svg,Belarus,Commons category marks SVG as invalid,Category:Invalid SVG created with Inkscape:Maps,image/svg+xml,200,https://commons.wikimedia.org/wiki/File:Belarus_Georgia_locator.svg
Belize in Belize.svg,Belize,Commons category marks SVG as invalid,Category:Invalid SVG created with Adobe Illustrator:Locator maps,image/svg+xml,200,https://commons.wikimedia.org/wiki/File:Belize_in_Belize.svg
Belize in its region.svg,Belize,Commons category marks SVG as invalid,Category:Invalid SVG created with Adobe Illustrator:Locator maps,image/svg+xml,200,https://commons.wikimedia.org/wiki/File:Belize_in_its_region.svg
Belize on the globe (Americas centered).svg,Belize,Commons category marks SVG as invalid,Category:Invalid SVG created with Adobe Illustrator:World maps,image/svg+xml,200,https://commons.wikimedia.org/wiki/File:Belize_on_the_globe_(Americas_centered).svg
Belluno in Italy.svg,"Belluno, Italy",Commons category marks SVG as invalid,Category:Invalid SVG created with Adobe Illustrator:Italian province maps,image/svg+xml,200,https://commons.wikimedia.org/wiki/File:Belluno_in_Italy.svg
Belovár-Kőrös vármegye in Hungary.svg,"Belovár-Kőrös vármegye, Hungary, the Kingdom of Hungary",Commons category marks SVG as invalid,Category:Invalid SVG created with Adobe Illustrator:Locator maps-Hungary,image/svg+xml,200,https://commons.wikimedia.org/wiki/File:Belov%C3%A1r-K%C5%91r%C3%B6s_v%C3%A1rmegye_in_Hungary.svg
Ben Tre in Vietnam before 1 July 2025.svg,"Ben Tre, Vietnam before 1 July 2025",Commons category marks SVG as invalid,Category:Invalid SVG created with Adobe Illustrator:Maps of Vietnam,image/svg+xml,200,https://commons.wikimedia.org/wiki/File:Ben_Tre_in_Vietnam_before_1_July_2025.svg
Benevento in Italy.svg,"Benevento, Italy",Commons category marks SVG as invalid,Category:Invalid SVG created with Adobe Illustrator:Italian province maps,image/svg+xml,200,https://commons.wikimedia.org/wiki/File:Benevento_in_Italy.svg
Bengo in Angola.svg,"Bengo, Angola",Commons category marks SVG as invalid,Category:Invalid SVG created with Inkscape:Locator maps,image/svg+xml,200,https://commons.wikimedia.org/wiki/File:Bengo_in_Angola.svg
Benguela in Angola.svg,"Benguela, Angola",Commons category marks SVG as invalid,Category:Invalid SVG created with Inkscape:Locator maps,image/svg+xml,200,https://commons.wikimedia.org/wiki/File:Benguela_in_Angola.svg
Benin - Alibori.svg,Departments in Benin,Commons category marks SVG as invalid,Category:Invalid SVG created with Adobe Illustrator:Locator maps,image/svg+xml,200,https://commons.wikimedia.org/wiki/File:Benin_-_Alibori.svg
Benin - Atakora.svg,Departments in Benin,Commons category marks SVG as invalid,Category:Invalid SVG created with Adobe Illustrator:Locator maps,image/svg+xml,200,https://commons.wikimedia.org/wiki/File:Benin_-_Atakora.svg
Benin - Atlantique.svg,Departments in Benin,Commons category marks SVG as invalid,Category:Invalid SVG created with Adobe Illustrator:Locator maps,image/svg+xml,200,https://commons.wikimedia.org/wiki/File:Benin_-_Atlantique.svg
Benin - Borgou.svg,Departments in Benin,Commons category marks SVG as invalid,Category:Invalid SVG created with Adobe Illustrator:Locator maps,image/svg+xml,200,https://commons.wikimedia.org/wiki/File:Benin_-_Borgou.svg
Benin - Collines.svg,Departments in Benin,Commons category marks SVG as invalid,Category:Invalid SVG created with Adobe Illustrator:Locator maps,image/svg+xml,200,https://commons.wikimedia.org/wiki/File:Benin_-_Collines.svg
Benin - Donga.svg,Departments in Benin,Commons category marks SVG as invalid,Category:Invalid SVG created with Adobe Illustrator:Locator maps,image/svg+xml,200,https://commons.wikimedia.org/wiki/File:Benin_-_Donga.svg
Benin - Kouffo.svg,Departments in Benin,Commons category marks SVG as invalid,Category:Invalid SVG created with Adobe Illustrator:Locator maps,image/svg+xml,200,https://commons.wikimedia.org/wiki/File:Benin_-_Kouffo.svg
Benin - Littoral (+special marker).svg,Departments in Benin,Commons category marks SVG as invalid,Category:Invalid SVG created with Adobe Illustrator:Locator maps,image/svg+xml,200,https://commons.wikimedia.org/wiki/File:Benin_-_Littoral_(%2Bspecial_marker).svg
Benin - Littoral.svg,Departments in Benin,Commons category marks SVG as invalid,Category:Invalid SVG created with Adobe Illustrator:Locator maps,image/svg+xml,200,https://commons.wikimedia.org/wiki/File:Benin_-_Littoral.svg
Benin - Mono.svg,Departments in Benin,Commons category marks SVG as invalid,Category:Invalid SVG created with Adobe Illustrator:Locator maps,image/svg+xml,200,https://commons.wikimedia.org/wiki/File:Benin_-_Mono.svg
Benin - Ouémé.svg,Departments in Benin,Commons category marks SVG as invalid,Category:Invalid SVG created with Adobe Illustrator:Locator maps,image/svg+xml,200,https://commons.wikimedia.org/wiki/File:Benin_-_Ou%C3%A9m%C3%A9.svg
Benin - Plateau.svg,Departments in Benin,Commons category marks SVG as invalid,Category:Invalid SVG created with Adobe Illustrator:Locator maps,image/svg+xml,200,https://commons.wikimedia.org/wiki/File:Benin_-_Plateau.svg
Benin - Zou.svg,Departments in Benin,Commons category marks SVG as invalid,Category:Invalid SVG created with Adobe Illustrator:Locator maps,image/svg+xml,200,https://commons.wikimedia.org/wiki/File:Benin_-_Zou.svg
Bereg vármegye in Hungary.svg,"Bereg vármegye, Hungary, the Kingdom of Hungary",Commons category marks SVG as invalid,Category:Invalid SVG created with Adobe Illustrator:Locator maps-Hungary,image/svg+xml,200,https://commons.wikimedia.org/wiki/File:Bereg_v%C3%A1rmegye_in_Hungary.svg
Bergamo in Italy.svg,"Bergamo, Italy",Commons category marks SVG as invalid,Category:Invalid SVG created with Adobe Illustrator:Italian province maps,image/svg+xml,200,https://commons.wikimedia.org/wiki/File:Bergamo_in_Italy.svg
Berlin in Germany.svg,"Berlin, Germany",Commons category marks SVG as invalid,Category:Invalid SVG created with Adobe Illustrator:Locator maps,image/svg+xml,200,https://commons.wikimedia.org/wiki/File:Berlin_in_Germany.svg
BES islands in the Kingdom of the Netherlands.svg,"BES islands, the Kingdom of the Netherlands",Commons category marks SVG as invalid,Category:Invalid SVG created with Adobe Illustrator:Maps,image/svg+xml,200,https://commons.wikimedia.org/wiki/File:BES_islands_in_the_Kingdom_of_the_Netherlands.svg
Beszterce-Naszód vármegye in Hungary.svg,"Beszterce-Naszód vármegye, Hungary, the Kingdom of Hungary",Commons category marks SVG as invalid,Category:Invalid SVG created with Adobe Illustrator:Locator maps-Hungary,image/svg+xml,200,https://commons.wikimedia.org/wiki/File:Beszterce-Nasz%C3%B3d_v%C3%A1rmegye_in_Hungary.svg
Biella in Italy.svg,"Biella, Italy",Commons category marks SVG as invalid,Category:Invalid SVG created with Adobe Illustrator:Italian province maps,image/svg+xml,200,https://commons.wikimedia.org/wiki/File:Biella_in_Italy.svg
Bihar vármegye in Hungary.svg,"Bihar vármegye, Hungary, the Kingdom of Hungary",Commons category marks SVG as invalid,Category:Invalid SVG created with Adobe Illustrator:Locator maps-Hungary,image/svg+xml,200,https://commons.wikimedia.org/wiki/File:Bihar_v%C3%A1rmegye_in_Hungary.svg
Binh Dinh in Vietnam before 1 July 2025.svg,"Binh Dinh, Vietnam before 1 July 2025",Commons category marks SVG as invalid,Category:Invalid SVG created with Adobe Illustrator:Maps of Vietnam,image/svg+xml,200,https://commons.wikimedia.org/wiki/File:Binh_Dinh_in_Vietnam_before_1_July_2025.svg
Binh Duong in Vietnam before 1 July 2025.svg,"Binh Duong, Vietnam before 1 July 2025",Commons category marks SVG as invalid,Category:Invalid SVG created with Adobe Illustrator:Maps of Vietnam,image/svg+xml,200,https://commons.wikimedia.org/wiki/File:Binh_Duong_in_Vietnam_before_1_July_2025.svg
Binh Phuoc in Vietnam before 1 July 2025.svg,"Binh Phuoc, Vietnam before 1 July 2025",Commons category marks SVG as invalid,Category:Invalid SVG created with Adobe Illustrator:Maps of Vietnam,image/svg+xml,200,https://commons.wikimedia.org/wiki/File:Binh_Phuoc_in_Vietnam_before_1_July_2025.svg
Biobio in Chile (equirectangular projection) (zoom).svg,"Biobio, Chile (equirectangular projection)",Commons category marks SVG as invalid,Category:Invalid SVG created with Adobe Illustrator:Maps,image/svg+xml,200,https://commons.wikimedia.org/wiki/File:Biobio_in_Chile_(equirectangular_projection)_(zoom).svg
BlackForest-Position.svg,Baden-Württemberg,Commons category reports broken file links,Category:Files with broken file links,image/svg+xml,200,https://commons.wikimedia.org/wiki/File:BlackForest-Position.svg
Blaenau Gwent in Wales.svg,"Blaenau Gwent, Wales",Commons category marks SVG as invalid,Category:Invalid SVG created with Adobe Illustrator:Locator maps-Wales,image/svg+xml,200,https://commons.wikimedia.org/wiki/File:Blaenau_Gwent_in_Wales.svg
Blank map of Europe - Atelier graphique colors with Kosovo.svg,Kosovo,Commons category marks SVG as invalid,Category:Invalid SVG created with Inkscape:Maps,image/svg+xml,200,https://commons.wikimedia.org/wiki/File:Blank_map_of_Europe_-_Atelier_graphique_colors_with_Kosovo.svg
Blank map of Europe - Atelier graphique colors.svg,Europe,Commons category marks SVG as invalid,Category:Invalid SVG created with Inkscape:Maps,image/svg+xml,200,https://commons.wikimedia.org/wiki/File:Blank_map_of_Europe_-_Atelier_graphique_colors.svg
Blank map of Europe March - September 1939.svg,territorial evolution of Europe,Commons category marks SVG as invalid,Category:Invalid SVG created with Inkscape:World maps,image/svg+xml,200,https://commons.wikimedia.org/wiki/File:Blank_map_of_Europe_March_-_September_1939.svg
"Blank Map of France, with Communes.svg",subdivisions of France,Commons category marks SVG as invalid,Category:Invalid SVG created with Adobe Illustrator:Maps,image/svg+xml,200,"https://commons.wikimedia.org/wiki/File:Blank_Map_of_France,_with_Communes.svg"
Blank map of Japan new.svg,prefectures of Japan,Commons category marks SVG as invalid,Category:Invalid SVG created with Other tools:Maps,image/svg+xml,200,https://commons.wikimedia.org/wiki/File:Blank_map_of_Japan_new.svg
Blank map of the world (Robinson projection) (10E).svg,the world with national borders,Commons category marks SVG as invalid,Category:Invalid SVG created with Inkscape:World maps,image/svg+xml,200,https://commons.wikimedia.org/wiki/File:Blank_map_of_the_world_(Robinson_projection)_(10E).svg
Blank map.svg,Generic locator template (no fixed geographic region),Commons category marks SVG as invalid,Category:Invalid SVG created with Text Editor:Maps,image/svg+xml,200,https://commons.wikimedia.org/wiki/File:Blank_map.svg
Blank US map 1864.svg,the history of the United States,Thumbnail request was rate-limited (HTTP 429); reachability unconfirmed,,image/svg+xml,429,https://commons.wikimedia.org/wiki/File:Blank_US_map_1864.svg
"Blank US Map, striped, w territories.svg",the United States,Commons category marks SVG as invalid,Category:Invalid SVG created with Other tools:Maps,image/svg+xml,200,"https://commons.wikimedia.org/wiki/File:Blank_US_Map,_striped,_w_territories.svg"
"Blank US Map, striped.svg",the United States,Commons category marks SVG as invalid,Category:Invalid SVG created with Other tools:Maps,image/svg+xml,200,"https://commons.wikimedia.org/wiki/File:Blank_US_Map,_striped.svg"
BlankMap-CIS.svg,the Commonwealth of Independent States,Commons category marks SVG as invalid,Category:Invalid SVG created with Inkscape:Maps,image/svg+xml,200,https://commons.wikimedia.org/wiki/File:BlankMap-CIS.svg
BlankMap-USA-Northwest.svg,the Western United States,Commons category marks SVG as invalid,Category:Invalid SVG created with Inkscape:Maps,image/svg+xml,200,https://commons.wikimedia.org/wiki/File:BlankMap-USA-Northwest.svg
BlankMap-USA-Southwest-no-Utah.svg,the Southwestern United States,Commons category marks SVG as invalid,Category:Invalid SVG created with Inkscape:Maps,image/svg+xml,200,https://commons.wikimedia.org/wiki/File:BlankMap-USA-Southwest-no-Utah.svg
Bolivar in Venezuela (+claimed).svg,"Bolivar, Venezuela",Commons category marks SVG as invalid,Category:Invalid SVG created with Adobe Illustrator:Maps,image/svg+xml,200,https://commons.wikimedia.org/wiki/File:Bolivar_in_Venezuela_(%2Bclaimed).svg
Bolivar in Venezuela.svg,"Bolivar, Venezuela",Commons category marks SVG as invalid,Category:Invalid SVG created with Adobe Illustrator:Maps,image/svg+xml,200,https://commons.wikimedia.org/wiki/File:Bolivar_in_Venezuela.svg
Bologna in Italy.svg,"Bologna, Italy",Commons category marks SVG as invalid,Category:Invalid SVG created with Adobe Illustrator:Italian province maps,image/svg+xml,200,https://commons.wikimedia.org/wiki/File:Bologna_in_Italy.svg
Bonaire in the Kingdom of the Netherlands.svg,"Bonaire, the Kingdom of the Netherlands",Commons category marks SVG as invalid,Category:Invalid SVG created with Adobe Illustrator:Maps,image/svg+xml,200,https://commons.wikimedia.org/wiki/File:Bonaire_in_the_Kingdom_of_the_Netherlands.svg
Borsod vármegye in Hungary.svg,"Borsod vármegye, Hungary, the Kingdom of Hungary",Commons category marks SVG as invalid,Category:Invalid SVG created with Adobe Illustrator:Locator maps-Hungary,image/svg+xml,200,https://commons.wikimedia.org/wiki/File:Borsod_v%C3%A1rmegye_in_Hungary.svg
Bosnia and Herzegovina topographic map-mk.svg,Bosnia and Herzegovina,Commons category marks SVG as invalid,Category:Invalid SVG created with Adobe Illustrator:Maps,image/svg+xml,200,https://commons.wikimedia.org/wiki/File:Bosnia_and_Herzegovina_topographic_map-mk.svg
Botswana on the globe (Africa centered).svg,Botswana,Commons category marks SVG as invalid,Category:Invalid SVG created with Adobe Illustrator:World maps,image/svg+xml,200,https://commons.wikimedia.org/wiki/File:Botswana_on_the_globe_(Africa_centered).svg
Bouenza in Congo.svg,"Bouenza, Congo",Commons category marks SVG as invalid,Category:Invalid SVG created with Adobe Illustrator,image/svg+xml,200,https://commons.wikimedia.org/wiki/File:Bouenza_in_Congo.svg
Boyaca in Colombia (mainland).svg,"Boyaca, Colombia (mainland)",Commons category marks SVG as invalid,Category:Invalid SVG created with Adobe Illustrator:Maps,image/svg+xml,200,https://commons.wikimedia.org/wiki/File:Boyaca_in_Colombia_(mainland).svg
Brassó vármegye in Hungary.svg,"Brassó vármegye, Hungary, the Kingdom of Hungary",Commons category marks SVG as invalid,Category:Invalid SVG created with Adobe Illustrator:Locator maps-Hungary,image/svg+xml,200,https://commons.wikimedia.org/wiki/File:Brass%C3%B3_v%C3%A1rmegye_in_Hungary.svg
Brazzaville in Congo.svg,"Brazzaville, Congo",Commons category marks SVG as invalid,Category:Invalid SVG created with Adobe Illustrator,image/svg+xml,200,https://commons.wikimedia.org/wiki/File:Brazzaville_in_Congo.svg
Bremen in Germany.svg,"Bremen, Germany",Commons category marks SVG as invalid,Category:Invalid SVG created with Adobe Illustrator:Locator maps,image/svg+xml,200,https://commons.wikimedia.org/wiki/File:Bremen_in_Germany.svg
Brescia in Italy.svg,"Brescia, Italy",Commons category marks SVG as invalid,Category:Invalid SVG created with Adobe Illustrator:Italian province maps,image/svg+xml,200,https://commons.wikimedia.org/wiki/File:Brescia_in_Italy.svg
Bridgend in Wales.svg,"Bridgend, Wales",Commons category marks SVG as invalid,Category:Invalid SVG created with Adobe Illustrator:Locator maps-Wales,image/svg+xml,200,https://commons.wikimedia.org/wiki/File:Bridgend_in_Wales.svg
Brindisi in Italy.svg,"Brindisi, Italy",Commons category marks SVG as invalid,Category:Invalid SVG created with Adobe Illustrator:Italian province maps,image/svg+xml,200,https://commons.wikimedia.org/wiki/File:Brindisi_in_Italy.svg
Bulawayo in Zimbabwe (special marker).svg,"Bulawayo, Zimbabwe",Commons category marks SVG as invalid,Category:Invalid SVG created with Inkscape:Locator maps,image/svg+xml,200,https://commons.wikimedia.org/wiki/File:Bulawayo_in_Zimbabwe_(special_marker).svg
Bulawayo in Zimbabwe.svg,"Bulawayo, Zimbabwe",Commons category marks SVG as invalid,Category:Invalid SVG created with Inkscape:Locator maps,image/svg+xml,200,https://commons.wikimedia.org/wiki/File:Bulawayo_in_Zimbabwe.svg
Bulgaria in 1915 geographic map-en.svg,"Bulgaria, 1915 geographic map-en",Commons category marks SVG as invalid,Category:Invalid SVG created with Inkscape:Maps,image/svg+xml,200,https://commons.wikimedia.org/wiki/File:Bulgaria_in_1915_geographic_map-en.svg
Bulgaria-geographic map-en.svg,Bulgaria,Commons category marks SVG as invalid,Category:Invalid SVG created with Inkscape:Maps,image/svg+xml,200,https://commons.wikimedia.org/wiki/File:Bulgaria-geographic_map-en.svg
Burgenland in Austria.svg,"Burgenland, Austria",Commons category marks SVG as invalid,Category:Invalid SVG created with Adobe Illustrator:Locator maps-Austria,image/svg+xml,200,https://commons.wikimedia.org/wiki/File:Burgenland_in_Austria.svg
Burkina Faso on the globe (Africa centered).svg,Burkina Faso,Commons category marks SVG as invalid,Category:Invalid SVG created with Adobe Illustrator:World maps,image/svg+xml,200,https://commons.wikimedia.org/wiki/File:Burkina_Faso_on_the_globe_(Africa_centered).svg
Burundi (orthographic projection).svg,Burundi,Commons category marks SVG as invalid,Category:Invalid SVG created with Inkscape:World maps (gggs),image/svg+xml,200,https://commons.wikimedia.org/wiki/File:Burundi_(orthographic_projection).svg
Burundi on the globe (Africa centered).svg,Burundi,Commons category marks SVG as invalid,Category:Invalid SVG created with Adobe Illustrator:World maps,image/svg+xml,200,https://commons.wikimedia.org/wiki/File:Burundi_on_the_globe_(Africa_centered).svg
Byzantium - ru.svg,ancient Greece,Commons category marks SVG as invalid,Category:Invalid SVG created with Inkscape:Maps,image/svg+xml,200,https://commons.wikimedia.org/wiki/File:Byzantium_-_ru.svg
Bács-Bodrog vármegye in Hungary.svg,"Bács-Bodrog vármegye, Hungary, the Kingdom of Hungary",Commons category marks SVG as invalid,Category:Invalid SVG created with Adobe Illustrator:Locator maps-Hungary,image/svg+xml,200,https://commons.wikimedia.org/wiki/File:B%C3%A1cs-Bodrog_v%C3%A1rmegye_in_Hungary.svg
Békés vármegye in Hungary.svg,"Békés vármegye, Hungary, the Kingdom of Hungary",Commons category marks SVG as invalid,Category:Invalid SVG created with Adobe Illustrator:Locator maps-Hungary,image/svg+xml,200,https://commons.wikimedia.org/wiki/File:B%C3%A9k%C3%A9s_v%C3%A1rmegye_in_Hungary.svg
Ca Mau in Viet Nam.svg,"Ca Mau, Viet Nam",Commons category marks SVG as invalid,Category:Invalid SVG created with Adobe Illustrator:Maps of Vietnam,image/svg+xml,200,https://commons.wikimedia.org/wiki/File:Ca_Mau_in_Viet_Nam.svg
Ca Mau in Vietnam before 1 July 2025.svg,"Ca Mau, Vietnam before 1 July 2025",Commons category marks SVG as invalid,Category:Invalid SVG created with Adobe Illustrator:Maps of Vietnam,image/svg+xml,200,https://commons.wikimedia.org/wiki/File:Ca_Mau_in_Vietnam_before_1_July_2025.svg
Cabo Delgado in Mozambique.svg,"Cabo Delgado, Mozambique",Commons category marks SVG as invalid,Category:Invalid SVG created with Inkscape:Maps,image/svg+xml,200,https://commons.wikimedia.org/wiki/File:Cabo_Delgado_in_Mozambique.svg
Cadiz in Spain (plus Canarias).svg,"Cadiz, Spain",Commons category marks SVG as invalid,Category:Invalid SVG created with Adobe Illustrator:Locator maps,image/svg+xml,200,https://commons.wikimedia.org/wiki/File:Cadiz_in_Spain_(plus_Canarias).svg
Cadiz in Spain.svg,"Cadiz, Spain",Commons category marks SVG as invalid,Category:Invalid SVG created with Adobe Illustrator:Locator maps,image/svg+xml,200,https://commons.wikimedia.org/wiki/File:Cadiz_in_Spain.svg
Caerphilly in Wales.svg,"Caerphilly, Wales",Commons category marks SVG as invalid,Category:Invalid SVG created with Adobe Illustrator:Locator maps-Wales,image/svg+xml,200,https://commons.wikimedia.org/wiki/File:Caerphilly_in_Wales.svg
Cagliari in Italy (2001–2016).svg,"Cagliari, Italy (2001–2016)",Commons category marks SVG as invalid,Category:Invalid SVG created with Adobe Illustrator:Italian province maps,image/svg+xml,200,https://commons.wikimedia.org/wiki/File:Cagliari_in_Italy_(2001%E2%80%932016).svg
Calabria in Italy.svg,"Calabria, Italy",Commons category marks SVG as invalid,Category:Invalid SVG created with Adobe Illustrator:Maps,image/svg+xml,200,https://commons.wikimedia.org/wiki/File:Calabria_in_Italy.svg
California in United States (US48).svg,"California, United States",Commons category marks SVG as invalid,Category:Invalid SVG created with Adobe Illustrator:Locator maps-USA,image/svg+xml,200,https://commons.wikimedia.org/wiki/File:California_in_United_States_(US48).svg
Caltanissetta in Italy.svg,"Caltanissetta, Italy",Commons category marks SVG as invalid,Category:Invalid SVG created with Adobe Illustrator:Italian province maps,image/svg+xml,200,https://commons.wikimedia.org/wiki/File:Caltanissetta_in_Italy.svg
Camaguey in Cuba.svg,"Camaguey, Cuba",Commons category marks SVG as invalid,Category:Invalid SVG created with Adobe Illustrator:Cuba maps,image/svg+xml,200,https://commons.wikimedia.org/wiki/File:Camaguey_in_Cuba.svg
Cambodia Banteay Meanchey locator map.svg,Banteay Meanchey Province,Commons category marks SVG as invalid,Category:Invalid SVG created with Adobe Illustrator:Locator maps-Cambodia,image/svg+xml,200,https://commons.wikimedia.org/wiki/File:Cambodia_Banteay_Meanchey_locator_map.svg
Cambodia Battambang locator map.svg,provinces in Cambodia,Commons category marks SVG as invalid,Category:Invalid SVG created with Adobe Illustrator:Locator maps-Cambodia,image/svg+xml,200,https://commons.wikimedia.org/wiki/File:Cambodia_Battambang_locator_map.svg
Cambodia in Asia (-mini map -rivers).svg,"Cambodia, Asia",Commons category marks SVG as invalid,Category:Invalid SVG created with Adobe Illustrator:Locator maps,image/svg+xml,200,https://commons.wikimedia.org/wiki/File:Cambodia_in_Asia_(-mini_map_-rivers).svg
Cambodia in Asia (relief) (-mini map).svg,"Cambodia, Asia",Commons category marks SVG as invalid,Category:Invalid SVG created with Adobe Illustrator:Locator maps,image/svg+xml,200,https://commons.wikimedia.org/wiki/File:Cambodia_in_Asia_(relief)_(-mini_map).svg
Cambodia in Asia.svg,"Cambodia, Asia",Commons category marks SVG as invalid,Category:Invalid SVG created with Adobe Illustrator:Locator maps,image/svg+xml,200,https://commons.wikimedia.org/wiki/File:Cambodia_in_Asia.svg
Cambodia in its region.svg,Cambodia,Commons category marks SVG as invalid,Category:Invalid SVG created with Adobe Illustrator:Locator maps,image/svg+xml,200,https://commons.wikimedia.org/wiki/File:Cambodia_in_its_region.svg
Cambodia Kampong Cham locator map.svg,provinces in Cambodia,Commons category marks SVG as invalid,Category:Invalid SVG created with Adobe Illustrator:Locator maps-Cambodia,image/svg+xml,200,https://commons.wikimedia.org/wiki/File:Cambodia_Kampong_Cham_locator_map.svg
Cambodia Kampong Chhnang locator map.svg,provinces in Cambodia,Commons category marks SVG as invalid,Category:Invalid SVG created with Adobe Illustrator:Locator maps-Cambodia,image/svg+xml,200,https://commons.wikimedia.org/wiki/File:Cambodia_Kampong_Chhnang_locator_map.svg
Cambodia Kampong Speu locator map.svg,provinces in Cambodia,Commons category marks SVG as invalid,Category:Invalid SVG created with Adobe Illustrator:Locator maps-Cambodia,image/svg+xml,200,https://commons.wikimedia.org/wiki/File:Cambodia_Kampong_Speu_locator_map.svg
Cambodia Kampong Thom locator map.svg,provinces in Cambodia,Commons category marks SVG as invalid,Category:Invalid SVG created with Adobe Illustrator:Locator maps-Cambodia,image/svg+xml,200,https://commons.wikimedia.org/wiki/File:Cambodia_Kampong_Thom_locator_map.svg
Cambodia Kampot locator map.svg,provinces in Cambodia,Commons category marks SVG as invalid,Category:Invalid SVG created with Adobe Illustrator:Locator maps-Cambodia,image/svg+xml,200,https://commons.wikimedia.org/wiki/File:Cambodia_Kampot_locator_map.svg
Cambodia Kandal locator map.svg,provinces in Cambodia,Commons category marks SVG as invalid,Category:Invalid SVG created with Adobe Illustrator:Locator maps-Cambodia,image/svg+xml,200,https://commons.wikimedia.org/wiki/File:Cambodia_Kandal_locator_map.svg
Cambodia Kep locator map.svg,provinces in Cambodia,Commons category marks SVG as invalid,Category:Invalid SVG created with Adobe Illustrator:Locator maps-Cambodia,image/svg+xml,200,https://commons.wikimedia.org/wiki/File:Cambodia_Kep_locator_map.svg
Cambodia Koh Kong locator map.svg,provinces in Cambodia,Commons category marks SVG as invalid,Category:Invalid SVG created with Adobe Illustrator:Locator maps-Cambodia,image/svg+xml,200,https://commons.wikimedia.org/wiki/File:Cambodia_Koh_Kong_locator_map.svg
Cambodia Kratié locator map.svg,provinces in Cambodia,Commons category marks SVG as invalid,Category:Invalid SVG created with Adobe Illustrator:Locator maps-Cambodia,image/svg+xml,200,https://commons.wikimedia.org/wiki/File:Cambodia_Krati%C3%A9_locator_map.svg
Cambodia Mondulkiri locator map.svg,provinces in Cambodia,Commons category marks SVG as invalid,Category:Invalid SVG created with Adobe Illustrator:Locator maps-Cambodia,image/svg+xml,200,https://commons.wikimedia.org/wiki/File:Cambodia_Mondulkiri_locator_map.svg
Cambodia Oddar Meancheay locator map.svg,provinces in Cambodia,Commons category marks SVG as invalid,Category:Invalid SVG created with Adobe Illustrator:Locator maps-Cambodia,image/svg+xml,200,https://commons.wikimedia.org/wiki/File:Cambodia_Oddar_Meancheay_locator_map.svg
Cambodia on the globe (Southeast Asia centered).svg,Cambodia,Commons category marks SVG as invalid,Category:Invalid SVG created with Adobe Illustrator:World maps,image/svg+xml,200,https://commons.wikimedia.org/wiki/File:Cambodia_on_the_globe_(Southeast_Asia_centered).svg
Cambodia Pailin locator map.svg,provinces in Cambodia,Commons category marks SVG as invalid,Category:Invalid SVG created with Adobe Illustrator:Locator maps-Cambodia,image/svg+xml,200,https://commons.wikimedia.org/wiki/File:Cambodia_Pailin_locator_map.svg
Cambodia Phnom Penh locator map.svg,provinces in Cambodia,Commons category marks SVG as invalid,Category:Invalid SVG created with Adobe Illustrator:Locator maps-Cambodia,image/svg+xml,200,https://commons.wikimedia.org/wiki/File:Cambodia_Phnom_Penh_locator_map.svg
Cambodia Preah Vihear locator map.svg,provinces in Cambodia,Commons category marks SVG as invalid,Category:Invalid SVG created with Adobe Illustrator:Locator maps-Cambodia,image/svg+xml,200,https://commons.wikimedia.org/wiki/File:Cambodia_Preah_Vihear_locator_map.svg
Cambodia Prey Veng locator map.svg,provinces in Cambodia,Commons category marks SVG as invalid,Category:Invalid SVG created with Adobe Illustrator:Locator maps-Cambodia,image/svg+xml,200,https://commons.wikimedia.org/wiki/File:Cambodia_Prey_Veng_locator_map.svg
Cambodia Pursat locator map.svg,provinces in Cambodia,Commons category marks SVG as invalid,Category:Invalid SVG created with Adobe Illustrator:Locator maps-Cambodia,image/svg+xml,200,https://commons.wikimedia.org/wiki/File:Cambodia_Pursat_locator_map.svg
Cambodia Ratanakiri locator map.svg,provinces in Cambodia,Commons category marks SVG as invalid,Category:Invalid SVG created with Adobe Illustrator:Locator maps-Cambodia,image/svg+xml,200,https://commons.wikimedia.org/wiki/File:Cambodia_Ratanakiri_locator_map.svg
Cambodia Siem Reap locator map.svg,provinces in Cambodia,Commons category marks SVG as invalid,Category:Invalid SVG created with Adobe Illustrator:Locator maps-Cambodia,image/svg+xml,200,https://commons.wikimedia.org/wiki/File:Cambodia_Siem_Reap_locator_map.svg
Cambodia Sihanoukville locator map.svg,provinces in Cambodia,Commons category marks SVG as invalid,Category:Invalid SVG created with Adobe Illustrator:Locator maps-Cambodia,image/svg+xml,200,https://commons.wikimedia.org/wiki/File:Cambodia_Sihanoukville_locator_map.svg
Cambodia Stung Treng locator map.svg,provinces in Cambodia,Commons category marks SVG as invalid,Category:Invalid SVG created with Adobe Illustrator:Locator maps-Cambodia,image/svg+xml,200,https://commons.wikimedia.org/wiki/File:Cambodia_Stung_Treng_locator_map.svg
Cambodia Svay Rieng locator map.svg,provinces in Cambodia,Commons category marks SVG as invalid,Category:Invalid SVG created with Adobe Illustrator:Locator maps-Cambodia,image/svg+xml,200,https://commons.wikimedia.org/wiki/File:Cambodia_Svay_Rieng_locator_map.svg
Cambodia Takéo locator map.svg,provinces in Cambodia,Commons category marks SVG as invalid,Category:Invalid SVG created with Adobe Illustrator:Locator maps-Cambodia,image/svg+xml,200,https://commons.wikimedia.org/wiki/File:Cambodia_Tak%C3%A9o_locator_map.svg
Cambodia Tbong Khmum locator map.svg,provinces in Cambodia,Commons category marks SVG as invalid,Category:Invalid SVG created with Adobe Illustrator:Locator maps-Cambodia,image/svg+xml,200,https://commons.wikimedia.org/wiki/File:Cambodia_Tbong_Khmum_locator_map.svg
Cameroon on the globe (Africa centered).svg,Cameroon,Commons category marks SVG as invalid,Category:Invalid SVG created with Adobe Illustrator:World maps,image/svg+xml,200,https://commons.wikimedia.org/wiki/File:Cameroon_on_the_globe_(Africa_centered).svg
Campania in Italy.svg,"Campania, Italy",Commons category marks SVG as invalid,Category:Invalid SVG created with Adobe Illustrator:Maps,image/svg+xml,200,https://commons.wikimedia.org/wiki/File:Campania_in_Italy.svg
Campobasso in Italy.svg,"Campobasso, Italy",Commons category marks SVG as invalid,Category:Invalid SVG created with Adobe Illustrator:Italian province maps,image/svg+xml,200,https://commons.wikimedia.org/wiki/File:Campobasso_in_Italy.svg
Can Tho in Viet Nam.svg,"Can Tho, Viet Nam",Commons category marks SVG as invalid,Category:Invalid SVG created with Adobe Illustrator:Maps of Vietnam,image/svg+xml,200,https://commons.wikimedia.org/wiki/File:Can_Tho_in_Viet_Nam.svg
Can Tho in Vietnam before 1 July 2025 (special marker).svg,"Can Tho, Vietnam before 1 July 2025",Commons category marks SVG as invalid,Category:Invalid SVG created with Adobe Illustrator:Maps of Vietnam,image/svg+xml,200,https://commons.wikimedia.org/wiki/File:Can_Tho_in_Vietnam_before_1_July_2025_(special_marker).svg
Can Tho in Vietnam before 1 July 2025.svg,"Can Tho, Vietnam before 1 July 2025",Commons category marks SVG as invalid,Category:Invalid SVG created with Adobe Illustrator:Maps of Vietnam,image/svg+xml,200,https://commons.wikimedia.org/wiki/File:Can_Tho_in_Vietnam_before_1_July_2025.svg
Canada (orthographic projection).svg,Canada,Commons category marks SVG as invalid,Category:Invalid SVG created with Inkscape:World maps (gggs),image/svg+xml,200,https://commons.wikimedia.org/wiki/File:Canada_(orthographic_projection).svg
Canada location map.svg,North America,Commons category marks SVG as invalid,Category:Invalid SVG created with Inkscape:Maps,image/svg+xml,200,https://commons.wikimedia.org/wiki/File:Canada_location_map.svg
Canary Islands on the globe (Africa centered).svg,"Canary Islands, Spain",Commons category marks SVG as invalid,Category:Invalid SVG created with Adobe Illustrator:World maps,image/svg+xml,200,https://commons.wikimedia.org/wiki/File:Canary_Islands_on_the_globe_(Africa_centered).svg
Canterbury in New Zealand.svg,"Canterbury, New Zealand",Commons category marks SVG as invalid,Category:Invalid SVG created with Adobe Illustrator:Maps,image/svg+xml,200,https://commons.wikimedia.org/wiki/File:Canterbury_in_New_Zealand.svg
Cao Bang in Viet Nam.svg,"Cao Bang, Viet Nam",Commons category marks SVG as invalid,Category:Invalid SVG created with Adobe Illustrator:Maps of Vietnam,image/svg+xml,200,https://commons.wikimedia.org/wiki/File:Cao_Bang_in_Viet_Nam.svg
Cao Bang in Vietnam before 1 July 2025.svg,"Cao Bang, Vietnam before 1 July 2025",Commons category marks SVG as invalid,Category:Invalid SVG created with Adobe Illustrator:Maps of Vietnam,image/svg+xml,200,https://commons.wikimedia.org/wiki/File:Cao_Bang_in_Vietnam_before_1_July_2025.svg
Capital District in Venezuela (+claimed).svg,"Capital District, Venezuela",Commons category marks SVG as invalid,Category:Invalid SVG created with Adobe Illustrator:Maps,image/svg+xml,200,https://commons.wikimedia.org/wiki/File:Capital_District_in_Venezuela_(%2Bclaimed).svg
Capital District in Venezuela (special marker) (+claimed).svg,"Capital District, Venezuela",Commons category marks SVG as invalid,Category:Invalid SVG created with Adobe Illustrator:Maps,image/svg+xml,200,https://commons.wikimedia.org/wiki/File:Capital_District_in_Venezuela_(special_marker)_(%2Bclaimed).svg
Capital District in Venezuela (special marker).svg,"Capital District, Venezuela",Commons category marks SVG as invalid,Category:Invalid SVG created with Adobe Illustrator:Maps,image/svg+xml,200,https://commons.wikimedia.org/wiki/File:Capital_District_in_Venezuela_(special_marker).svg
Capital District in Venezuela.svg,"Capital District, Venezuela",Commons category marks SVG as invalid,Category:Invalid SVG created with Adobe Illustrator:Maps,image/svg+xml,200,https://commons.wikimedia.org/wiki/File:Capital_District_in_Venezuela.svg
Carabobo in Venezuela (+claimed).svg,"Carabobo, Venezuela",Commons category marks SVG as invalid,Category:Invalid SVG created with Adobe Illustrator:Maps,image/svg+xml,200,https://commons.wikimedia.org/wiki/File:Carabobo_in_Venezuela_(%2Bclaimed).svg
Carabobo in Venezuela.svg,"Carabobo, Venezuela",Commons category marks SVG as invalid,Category:Invalid SVG created with Adobe Illustrator:Maps,image/svg+xml,200,https://commons.wikimedia.org/wiki/File:Carabobo_in_Venezuela.svg
Carbonia-Iglesias in Italy (2001–2016).svg,"Carbonia-Iglesias, Italy (2001–2016)",Commons category marks SVG as invalid,Category:Invalid SVG created with Adobe Illustrator:Italian province maps,image/svg+xml,200,https://commons.wikimedia.org/wiki/File:Carbonia-Iglesias_in_Italy_(2001%E2%80%932016).svg
Cardiff in Wales.svg,"Cardiff, Wales",Commons category marks SVG as invalid,Category:Invalid SVG created with Adobe Illustrator:Locator maps-Wales,image/svg+xml,200,https://commons.wikimedia.org/wiki/File:Cardiff_in_Wales.svg
Carmarthenshire in Wales.svg,"Carmarthenshire, Wales",Commons category marks SVG as invalid,Category:Invalid SVG created with Adobe Illustrator:Locator maps-Wales,image/svg+xml,200,https://commons.wikimedia.org/wiki/File:Carmarthenshire_in_Wales.svg
Carte topographique Tubuai.svg,the Austral Islands,Commons category marks SVG as invalid,Category:Invalid SVG created with Adobe Illustrator:Maps,image/svg+xml,200,https://commons.wikimedia.org/wiki/File:Carte_topographique_Tubuai.svg
Cartography of Africa.svg,Africa,Commons category marks SVG as invalid,Category:Invalid SVG created with Inkscape:Maps,image/svg+xml,200,https://commons.wikimedia.org/wiki/File:Cartography_of_Africa.svg
Cartography of South America.svg,South America,Commons category marks SVG as invalid,Category:Invalid SVG created with Inkscape:Maps,image/svg+xml,200,https://commons.wikimedia.org/wiki/File:Cartography_of_South_America.svg
Cartography of the Americas.svg,the Americas,Commons category marks SVG as invalid,Category:Invalid SVG created with Inkscape:Maps,image/svg+xml,200,https://commons.wikimedia.org/wiki/File:Cartography_of_the_Americas.svg
Caserta in Italy.svg,"Caserta, Italy",Commons category marks SVG as invalid,Category:Invalid SVG created with Adobe Illustrator:Italian province maps,image/svg+xml,200,https://commons.wikimedia.org/wiki/File:Caserta_in_Italy.svg
Catalonia relief location map.svg,Catalonia,Commons category marks SVG as invalid,Category:Invalid SVG created with Inkscape:Maps,image/svg+xml,200,https://commons.wikimedia.org/wiki/File:Catalonia_relief_location_map.svg
CatalunyaLoc-NUTS-ES51.svg,Catalonia,Commons category reports broken file links,Category:Files with broken file links,image/svg+xml,200,https://commons.wikimedia.org/wiki/File:CatalunyaLoc-NUTS-ES51.svg
Catania in Italy.svg,"Catania, Italy",Commons category marks SVG as invalid,Category:Invalid SVG created with Adobe Illustrator:Italian province maps,image/svg+xml,200,https://commons.wikimedia.org/wiki/File:Catania_in_Italy.svg
Catanzaro in Italy.svg,"Catanzaro, Italy",Commons category marks SVG as invalid,Category:Invalid SVG created with Adobe Illustrator:Italian province maps,image/svg+xml,200,https://commons.wikimedia.org/wiki/File:Catanzaro_in_Italy.svg
Cayo in Belize.svg,"Cayo, Belize",Commons category marks SVG as invalid,Category:Invalid SVG created with Adobe Illustrator:Locator maps,image/svg+xml,200,https://commons.wikimedia.org/wiki/File:Cayo_in_Belize.svg
Central Equatoria in South Sudan (+Kafia Kingi).svg,"Central Equatoria, South Sudan (+Kafia Kingi)",Commons category marks SVG as invalid,Category:Invalid SVG created with Adobe Illustrator:Maps,image/svg+xml,200,https://commons.wikimedia.org/wiki/File:Central_Equatoria_in_South_Sudan_(%2BKafia_Kingi).svg
Centre-Val de Loire region location map.svg,Centre-Val de Loire,Commons category marks SVG as invalid,Category:Invalid SVG created with Inkscape:Maps,image/svg+xml,200,https://commons.wikimedia.org/wiki/File:Centre-Val_de_Loire_region_location_map.svg
Ceredigion in Wales.svg,"Ceredigion, Wales",Commons category marks SVG as invalid,Category:Invalid SVG created with Adobe Illustrator:Locator maps-Wales,image/svg+xml,200,https://commons.wikimedia.org/wiki/File:Ceredigion_in_Wales.svg
Chahar in Republic of China.svg,"Chahar, Republic of China",Commons category reports broken file links,Category:Files with broken file links,image/svg+xml,200,https://commons.wikimedia.org/wiki/File:Chahar_in_Republic_of_China.svg
Chekiang in Republic of China.svg,"Chekiang, Republic of China",Commons category reports broken file links,Category:Files with broken file links,image/svg+xml,200,https://commons.wikimedia.org/wiki/File:Chekiang_in_Republic_of_China.svg
Chernobyl placement.svg,the Chernobyl disaster,Commons category marks SVG as invalid,Category:Invalid SVG created with Inkscape:Maps,image/svg+xml,200,https://commons.wikimedia.org/wiki/File:Chernobyl_placement.svg
Chiba in Japan (extended).svg,"Chiba, Japan (extended)",Commons category marks SVG as invalid,Category:Invalid SVG created with Adobe Illustrator:Japanese prefecture maps,image/svg+xml,200,https://commons.wikimedia.org/wiki/File:Chiba_in_Japan_(extended).svg
Chiba in Japan (narrow).svg,"Chiba, Japan (narrow)",Commons category marks SVG as invalid,Category:Invalid SVG created with Adobe Illustrator:Japanese prefecture maps,image/svg+xml,200,https://commons.wikimedia.org/wiki/File:Chiba_in_Japan_(narrow).svg
Chiba in Japan.svg,"Chiba, Japan",Commons category marks SVG as invalid,Category:Invalid SVG created with Adobe Illustrator:Japanese prefecture maps,image/svg+xml,200,https://commons.wikimedia.org/wiki/File:Chiba_in_Japan.svg
Chilean Antarctic Territory in Antarctica.svg,"Chilean Antarctic Territory, Antarctica",Thumbnail request was rate-limited (HTTP 429); reachability unconfirmed,,image/svg+xml,429,https://commons.wikimedia.org/wiki/File:Chilean_Antarctic_Territory_in_Antarctica.svg
ChinaPrefectures.svg,prefecture-level divisions of China,Commons category marks SVG as invalid,Category:Invalid SVG created with Inkscape:Maps,image/svg+xml,200,https://commons.wikimedia.org/wiki/File:ChinaPrefectures.svg
Chittoor in Andhra Pradesh (India).svg,"Chittoor, Andhra Pradesh, India",Commons category marks SVG as invalid,Category:Invalid SVG created with Inkscape:Locator maps,image/svg+xml,200,https://commons.wikimedia.org/wiki/File:Chittoor_in_Andhra_Pradesh_(India).svg
Ciego de Avila in Cuba.svg,"Ciego de Avila, Cuba",Commons category marks SVG as invalid,Category:Invalid SVG created with Adobe Illustrator:Cuba maps,image/svg+xml,200,https://commons.wikimedia.org/wiki/File:Ciego_de_Avila_in_Cuba.svg
Cienfuegos in Cuba.svg,"Cienfuegos, Cuba",Commons category marks SVG as invalid,Category:Invalid SVG created with Adobe Illustrator:Cuba maps,image/svg+xml,200,https://commons.wikimedia.org/wiki/File:Cienfuegos_in_Cuba.svg
Clipperton Island on the globe (Americas centered).svg,"Clipperton Island, France",Commons category marks SVG as invalid,Category:Invalid SVG created with Adobe Illustrator:World maps,image/svg+xml,200,https://commons.wikimedia.org/wiki/File:Clipperton_Island_on_the_globe_(Americas_centered).svg
Cojedes in Venezuela (+claimed).svg,"Cojedes, Venezuela",Commons category marks SVG as invalid,Category:Invalid SVG created with Adobe Illustrator:Maps,image/svg+xml,200,https://commons.wikimedia.org/wiki/File:Cojedes_in_Venezuela_(%2Bclaimed).svg
Cojedes in Venezuela.svg,"Cojedes, Venezuela",Commons category marks SVG as invalid,Category:Invalid SVG created with Adobe Illustrator:Maps,image/svg+xml,200,https://commons.wikimedia.org/wiki/File:Cojedes_in_Venezuela.svg
Colombia location map.svg,South America,Commons category marks SVG as invalid,Category:Invalid SVG created with Adobe Illustrator:Maps,image/svg+xml,200,https://commons.wikimedia.org/wiki/File:Colombia_location_map.svg
Colombia on the globe (San Andrés and Providencia special) (Americas centered).svg,Colombia,Commons category marks SVG as invalid,Category:Invalid SVG created with Adobe Illustrator:World maps,image/svg+xml,200,https://commons.wikimedia.org/wiki/File:Colombia_on_the_globe_(San_Andr%C3%A9s_and_Providencia_special)_(Americas_centered).svg
Colorado in United States (US48).svg,"Colorado, United States",Commons category marks SVG as invalid,Category:Invalid SVG created with Adobe Illustrator:Locator maps-USA,image/svg+xml,200,https://commons.wikimedia.org/wiki/File:Colorado_in_United_States_(US48).svg
Communautés du pays de Galles.svg,subdivisions of Wales,Commons category marks SVG as invalid,Category:Invalid SVG created with Inkscape:Maps,image/svg+xml,200,https://commons.wikimedia.org/wiki/File:Communaut%C3%A9s_du_pays_de_Galles.svg
Como in Italy.svg,"Como, Italy",Commons category marks SVG as invalid,Category:Invalid SVG created with Adobe Illustrator:Italian province maps,image/svg+xml,200,https://commons.wikimedia.org/wiki/File:Como_in_Italy.svg
Comunidad de Madrid in Spain (including Canarias).svg,"Comunidad de Madrid, Spain (including Canarias)",Commons category marks SVG as invalid,Category:Invalid SVG created with Adobe Illustrator:Maps,image/svg+xml,200,https://commons.wikimedia.org/wiki/File:Comunidad_de_Madrid_in_Spain_(including_Canarias).svg
Connecticut in United States (US48).svg,"Connecticut, United States",Commons category marks SVG as invalid,Category:Invalid SVG created with Adobe Illustrator:Locator maps-USA,image/svg+xml,200,https://commons.wikimedia.org/wiki/File:Connecticut_in_United_States_(US48).svg
Connecticut in United States (zoom) (US48).svg,"Connecticut, United States",Commons category marks SVG as invalid,Category:Invalid SVG created with Adobe Illustrator:Locator maps-USA,image/svg+xml,200,https://commons.wikimedia.org/wiki/File:Connecticut_in_United_States_(zoom)_(US48).svg
Conwy in Wales.svg,"Conwy, Wales",Commons category marks SVG as invalid,Category:Invalid SVG created with Adobe Illustrator:Locator maps-Wales,image/svg+xml,200,https://commons.wikimedia.org/wiki/File:Conwy_in_Wales.svg
Corfu Channel topographic map-en.svg,Albania,Commons category marks SVG as invalid,Category:Invalid SVG created with Inkscape:Maps,image/svg+xml,200,https://commons.wikimedia.org/wiki/File:Corfu_Channel_topographic_map-en.svg
Corfu topographic map-de.svg,Greece,Commons category marks SVG as invalid,Category:Invalid SVG created with Inkscape:Maps,image/svg+xml,200,https://commons.wikimedia.org/wiki/File:Corfu_topographic_map-de.svg
Corfu topographic map-el.svg,Greece,Commons category marks SVG as invalid,Category:Invalid SVG created with Inkscape:Maps,image/svg+xml,200,https://commons.wikimedia.org/wiki/File:Corfu_topographic_map-el.svg
Corfu topographic map-en.svg,Greece,Commons category marks SVG as invalid,Category:Invalid SVG created with Inkscape:Maps,image/svg+xml,200,https://commons.wikimedia.org/wiki/File:Corfu_topographic_map-en.svg
Corfu topographic map-es.svg,Greece,Commons category marks SVG as invalid,Category:Invalid SVG created with Inkscape:Maps,image/svg+xml,200,https://commons.wikimedia.org/wiki/File:Corfu_topographic_map-es.svg
Corfu topographic map-fr.svg,Greece,Commons category marks SVG as invalid,Category:Invalid SVG created with Inkscape:Maps,image/svg+xml,200,https://commons.wikimedia.org/wiki/File:Corfu_topographic_map-fr.svg
Corfu topographic map-hu.svg,Greece,Commons category marks SVG as invalid,Category:Invalid SVG created with Inkscape:Maps,image/svg+xml,200,https://commons.wikimedia.org/wiki/File:Corfu_topographic_map-hu.svg
Corfu topographic map-mk.svg,Greece,Commons category marks SVG as invalid,Category:Invalid SVG created with Inkscape:Maps,image/svg+xml,200,https://commons.wikimedia.org/wiki/File:Corfu_topographic_map-mk.svg
Corfu topographic map-nb.svg,Greece,Commons category marks SVG as invalid,Category:Invalid SVG created with Inkscape:Maps,image/svg+xml,200,https://commons.wikimedia.org/wiki/File:Corfu_topographic_map-nb.svg
Corozal in Belize.svg,"Corozal, Belize",Commons category marks SVG as invalid,Category:Invalid SVG created with Adobe Illustrator:Locator maps,image/svg+xml,200,https://commons.wikimedia.org/wiki/File:Corozal_in_Belize.svg
Counties of New Brunswick topographic map-blank.svg,North America,Commons category marks SVG as invalid,Category:Invalid SVG created with Inkscape:Maps,image/svg+xml,200,https://commons.wikimedia.org/wiki/File:Counties_of_New_Brunswick_topographic_map-blank.svg
Cremona in Italy.svg,"Cremona, Italy",Commons category marks SVG as invalid,Category:Invalid SVG created with Adobe Illustrator:Italian province maps,image/svg+xml,200,https://commons.wikimedia.org/wiki/File:Cremona_in_Italy.svg
Crimea in Ukraine.svg,"Crimea, Ukraine",Commons category marks SVG as invalid,Category:Invalid SVG created with Adobe Illustrator:Locator maps,image/svg+xml,200,https://commons.wikimedia.org/wiki/File:Crimea_in_Ukraine.svg
Croatia in European Union.svg,"Croatia, European Union",Commons category marks SVG as invalid,Category:Invalid SVG created with Adobe Illustrator:Maps,image/svg+xml,200,https://commons.wikimedia.org/wiki/File:Croatia_in_European_Union.svg
Crotone in Italy.svg,"Crotone, Italy",Commons category marks SVG as invalid,Category:Invalid SVG created with Adobe Illustrator:Italian province maps,image/svg+xml,200,https://commons.wikimedia.org/wiki/File:Crotone_in_Italy.svg
Csanád vármegye in Hungary.svg,"Csanád vármegye, Hungary, the Kingdom of Hungary",Commons category marks SVG as invalid,Category:Invalid SVG created with Adobe Illustrator:Locator maps-Hungary,image/svg+xml,200,https://commons.wikimedia.org/wiki/File:Csan%C3%A1d_v%C3%A1rmegye_in_Hungary.svg
Csongrád vármegye in Hungary.svg,"Csongrád vármegye, Hungary, the Kingdom of Hungary",Commons category marks SVG as invalid,Category:Invalid SVG created with Adobe Illustrator:Locator maps-Hungary,image/svg+xml,200,https://commons.wikimedia.org/wiki/File:Csongr%C3%A1d_v%C3%A1rmegye_in_Hungary.svg
Csík vármegye in Hungary.svg,"Csík vármegye, Hungary, the Kingdom of Hungary",Commons category marks SVG as invalid,Category:Invalid SVG created with Adobe Illustrator:Locator maps-Hungary,image/svg+xml,200,https://commons.wikimedia.org/wiki/File:Cs%C3%ADk_v%C3%A1rmegye_in_Hungary.svg
CUB orthographic.svg,Cuba,Commons category marks SVG as invalid,Category:Invalid SVG created with Inkscape:World maps (gggs),image/svg+xml,200,https://commons.wikimedia.org/wiki/File:CUB_orthographic.svg
Cuba (orthographic projection).svg,Cuba,Commons category marks SVG as invalid,Category:Invalid SVG created with Inkscape:World maps (gggs),image/svg+xml,200,https://commons.wikimedia.org/wiki/File:Cuba_(orthographic_projection).svg
Cuba in its region.svg,Cuba,Commons category marks SVG as invalid,Category:Invalid SVG created with Adobe Illustrator:Maps,image/svg+xml,200,https://commons.wikimedia.org/wiki/File:Cuba_in_its_region.svg
Cuba in North America (-mini map -rivers).svg,"Cuba, North America",Commons category marks SVG as invalid,Category:Invalid SVG created with Adobe Illustrator:Maps,image/svg+xml,200,https://commons.wikimedia.org/wiki/File:Cuba_in_North_America_(-mini_map_-rivers).svg
Cuba in North America (relief) (-mini map).svg,"Cuba, North America",Commons category marks SVG as invalid,Category:Invalid SVG created with Adobe Illustrator:Maps,image/svg+xml,200,https://commons.wikimedia.org/wiki/File:Cuba_in_North_America_(relief)_(-mini_map).svg
Cuba in North America (relief).svg,"Cuba, North America",Commons category marks SVG as invalid,Category:Invalid SVG created with Adobe Illustrator:Maps,image/svg+xml,200,https://commons.wikimedia.org/wiki/File:Cuba_in_North_America_(relief).svg
Cuba in North America.svg,"Cuba, North America",Commons category marks SVG as invalid,Category:Invalid SVG created with Adobe Illustrator:Maps,image/svg+xml,200,https://commons.wikimedia.org/wiki/File:Cuba_in_North_America.svg
Cuba in the Caribbean.svg,"Cuba, the Caribbean",Commons category marks SVG as invalid,Category:Invalid SVG created with Inkscape:Maps,image/svg+xml,200,https://commons.wikimedia.org/wiki/File:Cuba_in_the_Caribbean.svg
Cuba in the world (W3).svg,"Cuba, the world",Commons category marks SVG as invalid,Category:Invalid SVG created with Adobe Illustrator:World maps,image/svg+xml,200,https://commons.wikimedia.org/wiki/File:Cuba_in_the_world_(W3).svg
Cuba on the globe (Americas centered).svg,Cuba,Commons category marks SVG as invalid,Category:Invalid SVG created with Adobe Illustrator:World maps,image/svg+xml,200,https://commons.wikimedia.org/wiki/File:Cuba_on_the_globe_(Americas_centered).svg
Cuvette-Ouest in Congo.svg,"Cuvette-Ouest, Congo",Commons category marks SVG as invalid,Category:Invalid SVG created with Adobe Illustrator,image/svg+xml,200,https://commons.wikimedia.org/wiki/File:Cuvette-Ouest_in_Congo.svg
Cyclades map-fr.svg,the Cyclades,Commons category reports broken file links,Category:Files with broken file links,image/svg+xml,200,https://commons.wikimedia.org/wiki/File:Cyclades_map-fr.svg
Cyprus-topographic map-be.svg,Europe,Commons category marks SVG as invalid,Category:Invalid SVG created with Inkscape:Maps,image/svg+xml,200,https://commons.wikimedia.org/wiki/File:Cyprus-topographic_map-be.svg
Cyprus-topographic map-en.svg,Europe,Commons category marks SVG as invalid,Category:Invalid SVG created with Inkscape:Maps,image/svg+xml,200,https://commons.wikimedia.org/wiki/File:Cyprus-topographic_map-en.svg
Cádiz-loc.svg,the province of Cádiz,Commons category marks SVG as invalid,Category:Invalid SVG created with Inkscape:Locator maps-ES,image/svg+xml,200,https://commons.wikimedia.org/wiki/File:C%C3%A1diz-loc.svg
Da Nang in Viet Nam.svg,"Da Nang, Viet Nam",Commons category marks SVG as invalid,Category:Invalid SVG created with Adobe Illustrator:Maps of Vietnam,image/svg+xml,200,https://commons.wikimedia.org/wiki/File:Da_Nang_in_Viet_Nam.svg
Da Nang in Vietnam before 1 July 2025 (special marker).svg,"Da Nang, Vietnam before 1 July 2025",Commons category marks SVG as invalid,Category:Invalid SVG created with Adobe Illustrator:Maps of Vietnam,image/svg+xml,200,https://commons.wikimedia.org/wiki/File:Da_Nang_in_Vietnam_before_1_July_2025_(special_marker).svg
Da Nang in Vietnam before 1 July 2025.svg,"Da Nang, Vietnam before 1 July 2025",Commons category marks SVG as invalid,Category:Invalid SVG created with Adobe Illustrator:Maps of Vietnam,image/svg+xml,200,https://commons.wikimedia.org/wiki/File:Da_Nang_in_Vietnam_before_1_July_2025.svg
Daejeon-gwangyeoksi in South Korea.svg,"Daejeon-gwangyeoksi, South Korea",Commons category marks SVG as invalid,Category:Invalid SVG created with Adobe Illustrator:Maps,image/svg+xml,200,https://commons.wikimedia.org/wiki/File:Daejeon-gwangyeoksi_in_South_Korea.svg
Dagestan topographic map-lt.svg,the Caucasus,Commons category marks SVG as invalid,Category:Invalid SVG created with Inkscape:World maps,image/svg+xml,200,https://commons.wikimedia.org/wiki/File:Dagestan_topographic_map-lt.svg
Dak Lak in Viet Nam.svg,"Dak Lak, Viet Nam",Commons category marks SVG as invalid,Category:Invalid SVG created with Adobe Illustrator:Maps of Vietnam,image/svg+xml,200,https://commons.wikimedia.org/wiki/File:Dak_Lak_in_Viet_Nam.svg
Dak Lak in Vietnam before 1 July 2025.svg,"Dak Lak, Vietnam before 1 July 2025",Commons category marks SVG as invalid,Category:Invalid SVG created with Adobe Illustrator:Maps of Vietnam,image/svg+xml,200,https://commons.wikimedia.org/wiki/File:Dak_Lak_in_Vietnam_before_1_July_2025.svg
Dak Nong in Vietnam before 1 July 2025.svg,"Dak Nong, Vietnam before 1 July 2025",Commons category marks SVG as invalid,Category:Invalid SVG created with Adobe Illustrator:Maps of Vietnam,image/svg+xml,200,https://commons.wikimedia.org/wiki/File:Dak_Nong_in_Vietnam_before_1_July_2025.svg
Delaware in United States (special marker) (US48).svg,"Delaware, United States",Commons category marks SVG as invalid,Category:Invalid SVG created with Adobe Illustrator:Locator maps-USA,image/svg+xml,200,https://commons.wikimedia.org/wiki/File:Delaware_in_United_States_(special_marker)_(US48).svg
Delaware in United States (US48).svg,"Delaware, United States",Commons category marks SVG as invalid,Category:Invalid SVG created with Adobe Illustrator:Locator maps-USA,image/svg+xml,200,https://commons.wikimedia.org/wiki/File:Delaware_in_United_States_(US48).svg
Delaware in United States (zoom) (US48).svg,"Delaware, United States",Commons category marks SVG as invalid,Category:Invalid SVG created with Adobe Illustrator:Locator maps-USA,image/svg+xml,200,https://commons.wikimedia.org/wiki/File:Delaware_in_United_States_(zoom)_(US48).svg
Delta Amacuro in Venezuela (+claimed).svg,"Delta Amacuro, Venezuela",Commons category marks SVG as invalid,Category:Invalid SVG created with Adobe Illustrator:Maps,image/svg+xml,200,https://commons.wikimedia.org/wiki/File:Delta_Amacuro_in_Venezuela_(%2Bclaimed).svg
Delta Amacuro in Venezuela.svg,"Delta Amacuro, Venezuela",Commons category marks SVG as invalid,Category:Invalid SVG created with Adobe Illustrator:Maps,image/svg+xml,200,https://commons.wikimedia.org/wiki/File:Delta_Amacuro_in_Venezuela.svg
Democratic Republic of the Congo in its region.svg,the Democratic Republic of the Congo,Commons category marks SVG as invalid,Category:Invalid SVG created with Adobe Illustrator:World maps,image/svg+xml,200,https://commons.wikimedia.org/wiki/File:Democratic_Republic_of_the_Congo_in_its_region.svg
Denbighshire in Wales.svg,"Denbighshire, Wales",Commons category marks SVG as invalid,Category:Invalid SVG created with Adobe Illustrator:Locator maps-Wales,image/svg+xml,200,https://commons.wikimedia.org/wiki/File:Denbighshire_in_Wales.svg
Deutschland Besatzungszonen 8 Jun 1947 - 22 Apr 1949 britisch.svg,Allied occupation zones of Germany,Commons category marks SVG as invalid,Category:Invalid SVG created with Adobe Illustrator:Maps,image/svg+xml,200,https://commons.wikimedia.org/wiki/File:Deutschland_Besatzungszonen_8_Jun_1947_-_22_Apr_1949_britisch.svg
Deutschsprachige Gemeinschaft in Belgium.svg,"Deutschsprachige Gemeinschaft, Belgium",Commons category marks SVG as invalid,Category:Invalid SVG created with Adobe Illustrator:Locator maps,image/svg+xml,200,https://commons.wikimedia.org/wiki/File:Deutschsprachige_Gemeinschaft_in_Belgium.svg
Dien Bien in Viet Nam.svg,"Dien Bien, Viet Nam",Commons category marks SVG as invalid,Category:Invalid SVG created with Adobe Illustrator:Maps of Vietnam,image/svg+xml,200,https://commons.wikimedia.org/wiki/File:Dien_Bien_in_Viet_Nam.svg
Dien Bien in Vietnam before 1 July 2025.svg,"Dien Bien, Vietnam before 1 July 2025",Commons category marks SVG as invalid,Category:Invalid SVG created with Adobe Illustrator:Maps of Vietnam,image/svg+xml,200,https://commons.wikimedia.org/wiki/File:Dien_Bien_in_Vietnam_before_1_July_2025.svg
Districts of England (2019).svg,districts of England,Commons category marks SVG as invalid,Category:Invalid SVG created with Inkscape:Maps,image/svg+xml,200,https://commons.wikimedia.org/wiki/File:Districts_of_England_(2019).svg
Distrito Federal in United States of Colombia.svg,"Distrito Federal, United States of Colombia",Commons category marks SVG as invalid,Category:Invalid SVG created with Adobe Illustrator:Maps,image/svg+xml,200,https://commons.wikimedia.org/wiki/File:Distrito_Federal_in_United_States_of_Colombia.svg
Division Politico Territorial Nueva Esparta no labeled.svg,states of Venezuela,Commons category marks SVG as invalid,Category:Invalid SVG created with Inkscape:Maps,image/svg+xml,200,https://commons.wikimedia.org/wiki/File:Division_Politico_Territorial_Nueva_Esparta_no_labeled.svg
Dodona location.svg,ancient Greece,Commons category marks SVG as invalid,Category:Invalid SVG created with Adobe Illustrator:Maps,image/svg+xml,200,https://commons.wikimedia.org/wiki/File:Dodona_location.svg
Doha in Qatar.svg,"Doha, Qatar",Commons category marks SVG as invalid,Category:Invalid SVG created with Adobe Illustrator:Locator maps,image/svg+xml,200,https://commons.wikimedia.org/wiki/File:Doha_in_Qatar.svg
Dominican Republic on the globe (Americas centered).svg,Dominican Republic,Commons category marks SVG as invalid,Category:Invalid SVG created with Adobe Illustrator:World maps,image/svg+xml,200,https://commons.wikimedia.org/wiki/File:Dominican_Republic_on_the_globe_(Americas_centered).svg
Donetsk Oblast (orthographic projection).svg,Donetsk People's Republic,Commons category marks SVG as invalid,Category:Invalid SVG created with Inkscape:World maps (gggs),image/svg+xml,200,https://commons.wikimedia.org/wiki/File:Donetsk_Oblast_(orthographic_projection).svg
Dong Nai in Viet Nam.svg,"Dong Nai, Viet Nam",Commons category marks SVG as invalid,Category:Invalid SVG created with Adobe Illustrator:Maps of Vietnam,image/svg+xml,200,https://commons.wikimedia.org/wiki/File:Dong_Nai_in_Viet_Nam.svg
Dong Nai in Vietnam before 1 July 2025.svg,"Dong Nai, Vietnam before 1 July 2025",Commons category marks SVG as invalid,Category:Invalid SVG created with Adobe Illustrator:Maps of Vietnam,image/svg+xml,200,https://commons.wikimedia.org/wiki/File:Dong_Nai_in_Vietnam_before_1_July_2025.svg
Dong Thap in Viet Nam.svg,"Dong Thap, Viet Nam",Commons category marks SVG as invalid,Category:Invalid SVG created with Adobe Illustrator:Maps of Vietnam,image/svg+xml,200,https://commons.wikimedia.org/wiki/File:Dong_Thap_in_Viet_Nam.svg
Dong Thap in Vietnam before 1 July 2025.svg,"Dong Thap, Vietnam before 1 July 2025",Commons category marks SVG as invalid,Category:Invalid SVG created with Adobe Illustrator:Maps of Vietnam,image/svg+xml,200,https://commons.wikimedia.org/wiki/File:Dong_Thap_in_Vietnam_before_1_July_2025.svg
Département 971 in France (-mini map) (zoom).svg,"Département 971, France",Commons category marks SVG as invalid,Category:Invalid SVG created with Adobe Illustrator:Maps,image/svg+xml,200,https://commons.wikimedia.org/wiki/File:D%C3%A9partement_971_in_France_(-mini_map)_(zoom).svg
Département 972 in France (-mini map) (zoom).svg,"Département 972, France",Commons category marks SVG as invalid,Category:Invalid SVG created with Adobe Illustrator:Maps,image/svg+xml,200,https://commons.wikimedia.org/wiki/File:D%C3%A9partement_972_in_France_(-mini_map)_(zoom).svg
East Berlin in East Germany.svg,"East Berlin, East Germany",Commons category marks SVG as invalid,Category:Invalid SVG created with Adobe Illustrator:Locator maps,image/svg+xml,200,https://commons.wikimedia.org/wiki/File:East_Berlin_in_East_Germany.svg
East Godavari in Andhra Pradesh (India).svg,"East Godavari, Andhra Pradesh, India",Commons category marks SVG as invalid,Category:Invalid SVG created with Inkscape:Locator maps,image/svg+xml,200,https://commons.wikimedia.org/wiki/File:East_Godavari_in_Andhra_Pradesh_(India).svg
East Timor Bobonaro locator map 2003-2015.svg,municipalities in East Timor,Commons category marks SVG as invalid,Category:Invalid SVG created with Inkscape:Maps,image/svg+xml,200,https://commons.wikimedia.org/wiki/File:East_Timor_Bobonaro_locator_map_2003-2015.svg
Eastern Equatoria in South Sudan (+Ilemi hatched) (+Kafia Kingi).svg,"Eastern Equatoria, South Sudan (+Ilemi hatched) (+Kafia Kingi)",Commons category marks SVG as invalid,Category:Invalid SVG created with Adobe Illustrator:Maps,image/svg+xml,200,https://commons.wikimedia.org/wiki/File:Eastern_Equatoria_in_South_Sudan_(%2BIlemi_hatched)_(%2BKafia_Kingi).svg
Eastern Equatoria in South Sudan (+Ilemi hatched).svg,"Eastern Equatoria, South Sudan (+Ilemi hatched)",Commons category marks SVG as invalid,Category:Invalid SVG created with Adobe Illustrator:Maps,image/svg+xml,200,https://commons.wikimedia.org/wiki/File:Eastern_Equatoria_in_South_Sudan_(%2BIlemi_hatched).svg
Eastern Equatoria in South Sudan (+Ilemi) (+Kafia Kingi).svg,"Eastern Equatoria, South Sudan (+Ilemi) (+Kafia Kingi)",Commons category marks SVG as invalid,Category:Invalid SVG created with Adobe Illustrator:Maps,image/svg+xml,200,https://commons.wikimedia.org/wiki/File:Eastern_Equatoria_in_South_Sudan_(%2BIlemi)_(%2BKafia_Kingi).svg
Eastern Equatoria in South Sudan (+Ilemi).svg,"Eastern Equatoria, South Sudan (+Ilemi)",Commons category marks SVG as invalid,Category:Invalid SVG created with Adobe Illustrator:Maps,image/svg+xml,200,https://commons.wikimedia.org/wiki/File:Eastern_Equatoria_in_South_Sudan_(%2BIlemi).svg
Eastern Equatoria in South Sudan (+Kafia Kingi).svg,"Eastern Equatoria, South Sudan (+Kafia Kingi)",Commons category marks SVG as invalid,Category:Invalid SVG created with Adobe Illustrator:Maps,image/svg+xml,200,https://commons.wikimedia.org/wiki/File:Eastern_Equatoria_in_South_Sudan_(%2BKafia_Kingi).svg
Eastern Equatoria in South Sudan.svg,"Eastern Equatoria, South Sudan",Commons category marks SVG as invalid,Category:Invalid SVG created with Adobe Illustrator:Maps,image/svg+xml,200,https://commons.wikimedia.org/wiki/File:Eastern_Equatoria_in_South_Sudan.svg
Egypt in 1923.svg,"Egypt, Africa",Commons category marks SVG as invalid,Category:Invalid SVG created with Inkscape:Locator maps,image/svg+xml,200,https://commons.wikimedia.org/wiki/File:Egypt_in_1923.svg
Egypt on the globe (claimed or de-facto hatched) (Africa centered).svg,"Egypt, the world",Commons category marks SVG as invalid,Category:Invalid SVG created with Adobe Illustrator:World maps,image/svg+xml,200,https://commons.wikimedia.org/wiki/File:Egypt_on_the_globe_(claimed_or_de-facto_hatched)_(Africa_centered).svg
Egypt on the globe (de-facto + disputed hatched) (North Africa centered).svg,Egypt,Commons category marks SVG as invalid,Category:Invalid SVG created with Adobe Illustrator:World maps,image/svg+xml,200,https://commons.wikimedia.org/wiki/File:Egypt_on_the_globe_(de-facto_%2B_disputed_hatched)_(North_Africa_centered).svg
Ehime in Japan (extended).svg,"Ehime, Japan (extended)",Commons category marks SVG as invalid,Category:Invalid SVG created with Adobe Illustrator:Japanese prefecture maps,image/svg+xml,200,https://commons.wikimedia.org/wiki/File:Ehime_in_Japan_(extended).svg
Ehime in Japan (narrow).svg,"Ehime, Japan (narrow)",Commons category marks SVG as invalid,Category:Invalid SVG created with Adobe Illustrator:Japanese prefecture maps,image/svg+xml,200,https://commons.wikimedia.org/wiki/File:Ehime_in_Japan_(narrow).svg
Ehime in Japan.svg,"Ehime, Japan",Commons category marks SVG as invalid,Category:Invalid SVG created with Adobe Illustrator:Japanese prefecture maps,image/svg+xml,200,https://commons.wikimedia.org/wiki/File:Ehime_in_Japan.svg
Eluru in Andhra Pradesh (India).svg,"Eluru, Andhra Pradesh, India",Commons category marks SVG as invalid,Category:Invalid SVG created with Inkscape:Locator maps,image/svg+xml,200,https://commons.wikimedia.org/wiki/File:Eluru_in_Andhra_Pradesh_(India).svg
Emilia-Romagna in Italy.svg,"Emilia-Romagna, Italy",Commons category marks SVG as invalid,Category:Invalid SVG created with Adobe Illustrator:Maps,image/svg+xml,200,https://commons.wikimedia.org/wiki/File:Emilia-Romagna_in_Italy.svg
England in United Kingdom.svg,"England, United Kingdom",Commons category marks SVG as invalid,Category:Invalid SVG created with Adobe Illustrator:Maps,image/svg+xml,200,https://commons.wikimedia.org/wiki/File:England_in_United_Kingdom.svg
England location map.svg,the United Kingdom,Commons category marks SVG as invalid,Category:Invalid SVG created with Inkscape:Maps,image/svg+xml,200,https://commons.wikimedia.org/wiki/File:England_location_map.svg
Enna in Italy.svg,"Enna, Italy",Commons category marks SVG as invalid,Category:Invalid SVG created with Adobe Illustrator:Italian province maps,image/svg+xml,200,https://commons.wikimedia.org/wiki/File:Enna_in_Italy.svg
Equatorial Guinea on the globe (Zambia centered).svg,Equatorial Guinea,Commons category marks SVG as invalid,Category:Invalid SVG created with Adobe Illustrator:World maps,image/svg+xml,200,https://commons.wikimedia.org/wiki/File:Equatorial_Guinea_on_the_globe_(Zambia_centered).svg
Espainiako Erliebea1.svg,Europe,Commons category marks SVG as invalid,Category:Invalid SVG created with EazyDraw:Maps,image/svg+xml,200,https://commons.wikimedia.org/wiki/File:Espainiako_Erliebea1.svg
Estados Unidos loc.svg,the United States,Commons category marks SVG as invalid,Category:Invalid SVG created with Inkscape:World maps,image/svg+xml,200,https://commons.wikimedia.org/wiki/File:Estados_Unidos_loc.svg
Estonia Harju locator map.svg,counties of Estonia,Commons category marks SVG as invalid,Category:Invalid SVG created with Adobe Illustrator:Maps,image/svg+xml,200,https://commons.wikimedia.org/wiki/File:Estonia_Harju_locator_map.svg
Estonia Hiiu locator map.svg,counties of Estonia,Commons category marks SVG as invalid,Category:Invalid SVG created with Adobe Illustrator:Maps,image/svg+xml,200,https://commons.wikimedia.org/wiki/File:Estonia_Hiiu_locator_map.svg
Estonia Ida-Viru locator map.svg,counties of Estonia,Commons category marks SVG as invalid,Category:Invalid SVG created with Adobe Illustrator:Maps,image/svg+xml,200,https://commons.wikimedia.org/wiki/File:Estonia_Ida-Viru_locator_map.svg
Estonia Järva locator map.svg,counties of Estonia,Commons category marks SVG as invalid,Category:Invalid SVG created with Adobe Illustrator:Maps,image/svg+xml,200,https://commons.wikimedia.org/wiki/File:Estonia_J%C3%A4rva_locator_map.svg
Estonia Jõgeva locator map.svg,counties of Estonia,Commons category marks SVG as invalid,Category:Invalid SVG created with Adobe Illustrator:Maps,image/svg+xml,200,https://commons.wikimedia.org/wiki/File:Estonia_J%C3%B5geva_locator_map.svg
Estonia Lääne locator map.svg,counties of Estonia,Commons category marks SVG as invalid,Category:Invalid SVG created with Adobe Illustrator:Maps,image/svg+xml,200,https://commons.wikimedia.org/wiki/File:Estonia_L%C3%A4%C3%A4ne_locator_map.svg
Estonia Lääne-Viru locator map.svg,counties of Estonia,Commons category marks SVG as invalid,Category:Invalid SVG created with Adobe Illustrator:Maps,image/svg+xml,200,https://commons.wikimedia.org/wiki/File:Estonia_L%C3%A4%C3%A4ne-Viru_locator_map.svg
Estonia Pärnu locator map.svg,counties of Estonia,Commons category marks SVG as invalid,Category:Invalid SVG created with Adobe Illustrator:Maps,image/svg+xml,200,https://commons.wikimedia.org/wiki/File:Estonia_P%C3%A4rnu_locator_map.svg
Estonia Põlva locator map.svg,counties of Estonia,Commons category marks SVG as invalid,Category:Invalid SVG created with Adobe Illustrator:Maps,image/svg+xml,200,https://commons.wikimedia.org/wiki/File:Estonia_P%C3%B5lva_locator_map.svg
Estonia Rapla locator map.svg,counties of Estonia,Commons category marks SVG as invalid,Category:Invalid SVG created with Adobe Illustrator:Maps,image/svg+xml,200,https://commons.wikimedia.org/wiki/File:Estonia_Rapla_locator_map.svg
Estonia Saare locator map.svg,counties of Estonia,Commons category marks SVG as invalid,Category:Invalid SVG created with Adobe Illustrator:Maps,image/svg+xml,200,https://commons.wikimedia.org/wiki/File:Estonia_Saare_locator_map.svg
Estonia Tartu locator map.svg,counties of Estonia,Commons category marks SVG as invalid,Category:Invalid SVG created with Adobe Illustrator:Maps,image/svg+xml,200,https://commons.wikimedia.org/wiki/File:Estonia_Tartu_locator_map.svg
Estonia Valga locator map.svg,counties of Estonia,Commons category marks SVG as invalid,Category:Invalid SVG created with Adobe Illustrator:Maps,image/svg+xml,200,https://commons.wikimedia.org/wiki/File:Estonia_Valga_locator_map.svg
Estonia Viljandi locator map.svg,counties of Estonia,Commons category marks SVG as invalid,Category:Invalid SVG created with Adobe Illustrator:Maps,image/svg+xml,200,https://commons.wikimedia.org/wiki/File:Estonia_Viljandi_locator_map.svg
Estonia Võru locator map.svg,counties of Estonia,Commons category marks SVG as invalid,Category:Invalid SVG created with Adobe Illustrator:Maps,image/svg+xml,200,https://commons.wikimedia.org/wiki/File:Estonia_V%C3%B5ru_locator_map.svg
Esztergom vármegye in Hungary.svg,"Esztergom vármegye, Hungary, the Kingdom of Hungary",Commons category marks SVG as invalid,Category:Invalid SVG created with Adobe Illustrator:Locator maps-Hungary,image/svg+xml,200,https://commons.wikimedia.org/wiki/File:Esztergom_v%C3%A1rmegye_in_Hungary.svg
EU outermost regions.svg,freguesias of the Azores,Commons category marks SVG as invalid,Category:Invalid SVG created with Inkscape:World maps,image/svg+xml,200,https://commons.wikimedia.org/wiki/File:EU_outermost_regions.svg
EU-Finland (orthographic projection).svg,Finland,Commons category marks SVG as invalid,Category:Invalid SVG created with Inkscape:Maps of EU,image/svg+xml,200,https://commons.wikimedia.org/wiki/File:EU-Finland_(orthographic_projection).svg
EU-France (orthographic projection).svg,France,Commons category marks SVG as invalid,Category:Invalid SVG created with Inkscape:Maps of EU,image/svg+xml,200,https://commons.wikimedia.org/wiki/File:EU-France_(orthographic_projection).svg
EU-France.svg,countries in European Union,Commons category marks SVG as invalid,Category:Invalid SVG created with Inkscape:Maps of EU,image/svg+xml,200,https://commons.wikimedia.org/wiki/File:EU-France.svg
EU-Germany (orthographic projection).svg,Germany,Commons category marks SVG as invalid,Category:Invalid SVG created with Inkscape:Maps of EU | Category:Invalid SVG created with Inkscape:World maps (gggs),image/svg+xml,200,https://commons.wikimedia.org/wiki/File:EU-Germany_(orthographic_projection).svg
EU-Germany.svg,countries in European Union,Commons category marks SVG as invalid,Category:Invalid SVG created with Inkscape:Maps of EU,image/svg+xml,200,https://commons.wikimedia.org/wiki/File:EU-Germany.svg
EU-Hungary.svg,countries in European Union,Commons category marks SVG as invalid,Category:Invalid SVG created with Inkscape:Maps of EU,image/svg+xml,200,https://commons.wikimedia.org/wiki/File:EU-Hungary.svg
EU-Italy (orthographic projection).svg,Italy,Commons category marks SVG as invalid,Category:Invalid SVG created with Inkscape:Maps of EU,image/svg+xml,200,https://commons.wikimedia.org/wiki/File:EU-Italy_(orthographic_projection).svg
EU-Netherlands.svg,countries in European Union,Commons category marks SVG as invalid,Category:Invalid SVG created with Inkscape:Maps of EU,image/svg+xml,200,https://commons.wikimedia.org/wiki/File:EU-Netherlands.svg
EU-Poland (orthographic projection).svg,Poland,Commons category marks SVG as invalid,Category:Invalid SVG created with Inkscape:Maps of EU | Category:Invalid SVG created with Inkscape:World maps (gggs),image/svg+xml,200,https://commons.wikimedia.org/wiki/File:EU-Poland_(orthographic_projection).svg
EU-Portugal (orthographic projection).svg,Portugal,Commons category marks SVG as invalid,Category:Invalid SVG created with Inkscape:Maps of EU | Category:Invalid SVG created with Inkscape:World maps (gggs),image/svg+xml,200,https://commons.wikimedia.org/wiki/File:EU-Portugal_(orthographic_projection).svg
EU-Romania (orthographic projection).svg,Romania,Commons category marks SVG as invalid,Category:Invalid SVG created with Inkscape:Maps of EU | Category:Invalid SVG created with Inkscape:World maps (gggs),image/svg+xml,200,https://commons.wikimedia.org/wiki/File:EU-Romania_(orthographic_projection).svg
EU-Spain (Catalonia disputed).svg,countries in European Union,Commons category marks SVG as invalid,Category:Invalid SVG created with Inkscape:World maps (gggs),image/svg+xml,200,https://commons.wikimedia.org/wiki/File:EU-Spain_(Catalonia_disputed).svg
EU-Spain (orthographic projection).svg,Spain,Commons category marks SVG as invalid,Category:Invalid SVG created with Inkscape:Maps of EU | Category:Invalid SVG created with Inkscape:World maps (gggs),image/svg+xml,200,https://commons.wikimedia.org/wiki/File:EU-Spain_(orthographic_projection).svg
EU-Spain.svg,countries in European Union,Commons category marks SVG as invalid,Category:Invalid SVG created with Inkscape:Maps of EU,image/svg+xml,200,https://commons.wikimedia.org/wiki/File:EU-Spain.svg
EU-Sweden (orthographic projection).svg,Sweden,Commons category marks SVG as invalid,Category:Invalid SVG created with Inkscape:Maps of EU,image/svg+xml,200,https://commons.wikimedia.org/wiki/File:EU-Sweden_(orthographic_projection).svg
EU-Ukraine.svg,the European Union,Commons category marks SVG as invalid,Category:Invalid SVG created with Inkscape:Maps of EU,image/svg+xml,200,https://commons.wikimedia.org/wiki/File:EU-Ukraine.svg
EU-United Kingdom (orthographic projection).svg,the United Kingdom,Commons category marks SVG as invalid,Category:Invalid SVG created with Inkscape:Maps of EU | Category:Invalid SVG created with Inkscape:World maps (gggs),image/svg+xml,200,https://commons.wikimedia.org/wiki/File:EU-United_Kingdom_(orthographic_projection).svg
Europe (orthographic projection).svg,Europe,Commons category marks SVG as invalid,Category:Invalid SVG created with Inkscape:World maps,image/svg+xml,200,https://commons.wikimedia.org/wiki/File:Europe_(orthographic_projection).svg
Europe countries.svg,Europe,Commons category marks SVG as invalid,Category:Invalid SVG created with Inkscape:Maps,image/svg+xml,200,https://commons.wikimedia.org/wiki/File:Europe_countries.svg
Europe orthographic Caucasus Urals boundary.svg,Europe,Commons category marks SVG as invalid,Category:Invalid SVG created with Inkscape:World maps (gggs),image/svg+xml,200,https://commons.wikimedia.org/wiki/File:Europe_orthographic_Caucasus_Urals_boundary.svg
Europe-Albania.svg,Albania,Commons category marks SVG as invalid,Category:Invalid SVG created with CorelDRAW:Maps,image/svg+xml,200,https://commons.wikimedia.org/wiki/File:Europe-Albania.svg
Europe-Armenia.svg,Armenia,Commons category marks SVG as invalid,Category:Invalid SVG created with CorelDRAW:Maps,image/svg+xml,200,https://commons.wikimedia.org/wiki/File:Europe-Armenia.svg
Europe-Azerbaijan.svg,Azerbaijan,Commons category marks SVG as invalid,Category:Invalid SVG created with CorelDRAW:Maps,image/svg+xml,200,https://commons.wikimedia.org/wiki/File:Europe-Azerbaijan.svg
Europe-Belarus (orthographic projection).svg,Belarus,Commons category marks SVG as invalid,Category:Invalid SVG created with Inkscape:World maps,image/svg+xml,200,https://commons.wikimedia.org/wiki/File:Europe-Belarus_(orthographic_projection).svg
Europe-Belarus.svg,Belarus,Commons category marks SVG as invalid,Category:Invalid SVG created with CorelDRAW:Maps,image/svg+xml,200,https://commons.wikimedia.org/wiki/File:Europe-Belarus.svg
Europe-Norway (orthographic projection).svg,Norway,Commons category marks SVG as invalid,Category:Invalid SVG created with Inkscape:World maps,image/svg+xml,200,https://commons.wikimedia.org/wiki/File:Europe-Norway_(orthographic_projection).svg
Europe-Russia.svg,Russia,Commons category marks SVG as invalid,Category:Invalid SVG created with CorelDRAW:Maps,image/svg+xml,200,https://commons.wikimedia.org/wiki/File:Europe-Russia.svg
Europe-Turkey.svg,Turkey,Commons category marks SVG as invalid,Category:Invalid SVG created with CorelDRAW:Maps,image/svg+xml,200,https://commons.wikimedia.org/wiki/File:Europe-Turkey.svg
Europe-UK (orthographic projection).svg,the United Kingdom,Commons category marks SVG as invalid,Category:Invalid SVG created with Inkscape:Maps of EU | Category:Invalid SVG created with Inkscape:World maps (gggs),image/svg+xml,200,https://commons.wikimedia.org/wiki/File:Europe-UK_(orthographic_projection).svg
Europe-Ukraine (disputed territory).svg,Ukraine,Commons category marks SVG as invalid,Category:Invalid SVG created with Inkscape:Maps,image/svg+xml,200,https://commons.wikimedia.org/wiki/File:Europe-Ukraine_(disputed_territory).svg
Europe-Ukraine (orthographic projection; disputed territory).svg,Ukraine,Commons category marks SVG as invalid,Category:Invalid SVG created with Inkscape:World maps,image/svg+xml,200,https://commons.wikimedia.org/wiki/File:Europe-Ukraine_(orthographic_projection%3B_disputed_territory).svg
Europe-Ukraine.svg,Ukraine,Commons category marks SVG as invalid,Category:Invalid SVG created with Inkscape:Maps,image/svg+xml,200,https://commons.wikimedia.org/wiki/File:Europe-Ukraine.svg
Falcon in Venezuela (+claimed).svg,"Falcon, Venezuela",Commons category marks SVG as invalid,Category:Invalid SVG created with Adobe Illustrator:Maps,image/svg+xml,200,https://commons.wikimedia.org/wiki/File:Falcon_in_Venezuela_(%2Bclaimed).svg
Falcon in Venezuela.svg,"Falcon, Venezuela",Commons category marks SVG as invalid,Category:Invalid SVG created with Adobe Illustrator:Maps,image/svg+xml,200,https://commons.wikimedia.org/wiki/File:Falcon_in_Venezuela.svg
Falkland Islands in its region (globe zoom).svg,"Falkland Islands, the United Kingdom",Thumbnail request was rate-limited (HTTP 429); reachability unconfirmed,,image/svg+xml,429,https://commons.wikimedia.org/wiki/File:Falkland_Islands_in_its_region_(globe_zoom).svg
Falkland Islands in South America (relief).svg,"Falkland Islands, South America",Commons category marks SVG as invalid,Category:Invalid SVG created with Adobe Illustrator:Maps,image/svg+xml,200,https://commons.wikimedia.org/wiki/File:Falkland_Islands_in_South_America_(relief).svg
Federal Dependencies in Venezuela (+claimed).svg,"Federal Dependencies, Venezuela",Commons category marks SVG as invalid,Category:Invalid SVG created with Adobe Illustrator:Maps,image/svg+xml,200,https://commons.wikimedia.org/wiki/File:Federal_Dependencies_in_Venezuela_(%2Bclaimed).svg
Federal Dependencies in Venezuela (special marker) (+claimed).svg,"Federal Dependencies, Venezuela",Commons category marks SVG as invalid,Category:Invalid SVG created with Adobe Illustrator:Maps,image/svg+xml,200,https://commons.wikimedia.org/wiki/File:Federal_Dependencies_in_Venezuela_(special_marker)_(%2Bclaimed).svg
Federal Dependencies in Venezuela (special marker).svg,"Federal Dependencies, Venezuela",Commons category marks SVG as invalid,Category:Invalid SVG created with Adobe Illustrator:Maps,image/svg+xml,200,https://commons.wikimedia.org/wiki/File:Federal_Dependencies_in_Venezuela_(special_marker).svg
Federal Dependencies in Venezuela.svg,"Federal Dependencies, Venezuela",Commons category marks SVG as invalid,Category:Invalid SVG created with Adobe Illustrator:Maps,image/svg+xml,200,https://commons.wikimedia.org/wiki/File:Federal_Dependencies_in_Venezuela.svg
Fejér vármegye in Hungary.svg,"Fejér vármegye, Hungary, the Kingdom of Hungary",Commons category marks SVG as invalid,Category:Invalid SVG created with Adobe Illustrator:Locator maps-Hungary,image/svg+xml,200,https://commons.wikimedia.org/wiki/File:Fej%C3%A9r_v%C3%A1rmegye_in_Hungary.svg
Fermo in Italy.svg,"Fermo, Italy",Commons category marks SVG as invalid,Category:Invalid SVG created with Adobe Illustrator:Italian province maps,image/svg+xml,200,https://commons.wikimedia.org/wiki/File:Fermo_in_Italy.svg
Ferrara in Italy.svg,"Ferrara, Italy",Commons category marks SVG as invalid,Category:Invalid SVG created with Adobe Illustrator:Italian province maps,image/svg+xml,200,https://commons.wikimedia.org/wiki/File:Ferrara_in_Italy.svg
Firenze in Italy.svg,"Firenze, Italy",Commons category marks SVG as invalid,Category:Invalid SVG created with Adobe Illustrator:Italian province maps,image/svg+xml,200,https://commons.wikimedia.org/wiki/File:Firenze_in_Italy.svg
Flintshire in Wales.svg,"Flintshire, Wales",Commons category marks SVG as invalid,Category:Invalid SVG created with Adobe Illustrator:Locator maps-Wales,image/svg+xml,200,https://commons.wikimedia.org/wiki/File:Flintshire_in_Wales.svg
Florida in United States (US48).svg,"Florida, United States",Commons category marks SVG as invalid,Category:Invalid SVG created with Adobe Illustrator:Locator maps-USA,image/svg+xml,200,https://commons.wikimedia.org/wiki/File:Florida_in_United_States_(US48).svg
Fogaras vármegye in Hungary.svg,"Fogaras vármegye, Hungary, the Kingdom of Hungary",Commons category marks SVG as invalid,Category:Invalid SVG created with Adobe Illustrator:Locator maps-Hungary,image/svg+xml,200,https://commons.wikimedia.org/wiki/File:Fogaras_v%C3%A1rmegye_in_Hungary.svg
Foggia in Italy.svg,"Foggia, Italy",Commons category marks SVG as invalid,Category:Invalid SVG created with Adobe Illustrator:Italian province maps,image/svg+xml,200,https://commons.wikimedia.org/wiki/File:Foggia_in_Italy.svg
Fond de carte Tour de France-blank.svg,European regions,Commons category marks SVG as invalid,Category:Invalid SVG created with Inkscape:Maps,image/svg+xml,200,https://commons.wikimedia.org/wiki/File:Fond_de_carte_Tour_de_France-blank.svg
Forli-Cesena in Italy.svg,"Forli-Cesena, Italy",Commons category marks SVG as invalid,Category:Invalid SVG created with Adobe Illustrator:Italian province maps,image/svg+xml,200,https://commons.wikimedia.org/wiki/File:Forli-Cesena_in_Italy.svg
France blank 1.svg,the Rhone watercourse system,Commons category marks SVG as invalid,Category:Invalid SVG created with Inkscape:Maps,image/svg+xml,200,https://commons.wikimedia.org/wiki/File:France_blank_1.svg
France blank 2.svg,the Rhone watercourse system,Commons category marks SVG as invalid,Category:Invalid SVG created with Inkscape:Maps,image/svg+xml,200,https://commons.wikimedia.org/wiki/File:France_blank_2.svg
France blank.svg,the Rhone watercourse system,Commons category marks SVG as invalid,Category:Invalid SVG created with Inkscape:Maps,image/svg+xml,200,https://commons.wikimedia.org/wiki/File:France_blank.svg
France Georgia locator.svg,Georgia,Commons category marks SVG as invalid,Category:Invalid SVG created with Inkscape:Maps,image/svg+xml,200,https://commons.wikimedia.org/wiki/File:France_Georgia_locator.svg
France Large South West localisation map.svg,regions of France,Commons category marks SVG as invalid,Category:Invalid SVG created with CorelDRAW:Maps,image/svg+xml,200,https://commons.wikimedia.org/wiki/File:France_Large_South_West_localisation_map.svg
France location map-Regions and departements-2015.svg,historical regional subdivisions of France,Commons category marks SVG as invalid,Category:Invalid SVG created with Inkscape:Maps,image/svg+xml,200,https://commons.wikimedia.org/wiki/File:France_location_map-Regions_and_departements-2015.svg
French Guiana (orthographic projection).svg,French Guiana,Commons category marks SVG as invalid,Category:Invalid SVG created with Inkscape:World maps (gggs),image/svg+xml,200,https://commons.wikimedia.org/wiki/File:French_Guiana_(orthographic_projection).svg
Friuli-Venezia Giulia in Italy.svg,"Friuli-Venezia Giulia, Italy",Commons category marks SVG as invalid,Category:Invalid SVG created with Adobe Illustrator:Maps,image/svg+xml,200,https://commons.wikimedia.org/wiki/File:Friuli-Venezia_Giulia_in_Italy.svg
Frosinone in Italy.svg,"Frosinone, Italy",Commons category marks SVG as invalid,Category:Invalid SVG created with Adobe Illustrator:Italian province maps,image/svg+xml,200,https://commons.wikimedia.org/wiki/File:Frosinone_in_Italy.svg
Fukien in Republic of China (1912-1949).svg,"Fukien, Republic of China (1912-1949)",Commons category reports broken file links,Category:Files with broken file links,image/svg+xml,200,https://commons.wikimedia.org/wiki/File:Fukien_in_Republic_of_China_(1912-1949).svg
Fukui in Japan (extended).svg,"Fukui, Japan (extended)",Commons category marks SVG as invalid,Category:Invalid SVG created with Adobe Illustrator:Japanese prefecture maps,image/svg+xml,200,https://commons.wikimedia.org/wiki/File:Fukui_in_Japan_(extended).svg
Fukui in Japan (narrow).svg,"Fukui, Japan (narrow)",Commons category marks SVG as invalid,Category:Invalid SVG created with Adobe Illustrator:Japanese prefecture maps,image/svg+xml,200,https://commons.wikimedia.org/wiki/File:Fukui_in_Japan_(narrow).svg
Fukui in Japan.svg,"Fukui, Japan",Commons category marks SVG as invalid,Category:Invalid SVG created with Adobe Illustrator:Japanese prefecture maps,image/svg+xml,200,https://commons.wikimedia.org/wiki/File:Fukui_in_Japan.svg
Fukuoka in Japan (extended).svg,"Fukuoka, Japan (extended)",Commons category marks SVG as invalid,Category:Invalid SVG created with Adobe Illustrator:Japanese prefecture maps,image/svg+xml,200,https://commons.wikimedia.org/wiki/File:Fukuoka_in_Japan_(extended).svg
Fukuoka in Japan (narrow).svg,"Fukuoka, Japan (narrow)",Commons category marks SVG as invalid,Category:Invalid SVG created with Adobe Illustrator:Japanese prefecture maps,image/svg+xml,200,https://commons.wikimedia.org/wiki/File:Fukuoka_in_Japan_(narrow).svg
Fukuoka in Japan.svg,"Fukuoka, Japan",Commons category marks SVG as invalid,Category:Invalid SVG created with Adobe Illustrator:Japanese prefecture maps,image/svg+xml,200,https://commons.wikimedia.org/wiki/File:Fukuoka_in_Japan.svg
Fukushima in Japan (extended).svg,"Fukushima, Japan (extended)",Commons category marks SVG as invalid,Category:Invalid SVG created with Adobe Illustrator:Japanese prefecture maps,image/svg+xml,200,https://commons.wikimedia.org/wiki/File:Fukushima_in_Japan_(extended).svg
Fukushima in Japan (narrow).svg,"Fukushima, Japan (narrow)",Commons category marks SVG as invalid,Category:Invalid SVG created with Adobe Illustrator:Japanese prefecture maps,image/svg+xml,200,https://commons.wikimedia.org/wiki/File:Fukushima_in_Japan_(narrow).svg
Fukushima in Japan.svg,"Fukushima, Japan",Commons category marks SVG as invalid,Category:Invalid SVG created with Adobe Illustrator:Japanese prefecture maps,image/svg+xml,200,https://commons.wikimedia.org/wiki/File:Fukushima_in_Japan.svg
Gabon on the globe (Africa centered).svg,Gabon,Commons category marks SVG as invalid,Category:Invalid SVG created with Adobe Illustrator:World maps,image/svg+xml,200,https://commons.wikimedia.org/wiki/File:Gabon_on_the_globe_(Africa_centered).svg
Galicia in Spain (including Canarias).svg,"Galicia, Spain (including Canarias)",Commons category marks SVG as invalid,Category:Invalid SVG created with Adobe Illustrator:Locator maps,image/svg+xml,200,https://commons.wikimedia.org/wiki/File:Galicia_in_Spain_(including_Canarias).svg
Galicia in Spain.svg,"Galicia, Spain",Commons category marks SVG as invalid,Category:Invalid SVG created with Adobe Illustrator:Locator maps,image/svg+xml,200,https://commons.wikimedia.org/wiki/File:Galicia_in_Spain.svg
Gaza in Mozambique.svg,"Gaza, Mozambique",Commons category marks SVG as invalid,Category:Invalid SVG created with Inkscape:Maps,image/svg+xml,200,https://commons.wikimedia.org/wiki/File:Gaza_in_Mozambique.svg
Genova in Italy.svg,"Genova, Italy",Commons category marks SVG as invalid,Category:Invalid SVG created with Adobe Illustrator:Italian province maps,image/svg+xml,200,https://commons.wikimedia.org/wiki/File:Genova_in_Italy.svg
Geographic map of Carpathian mountains.svg,the Pannonian Basin,Commons category marks SVG as invalid,Category:Invalid SVG created with Inkscape:Maps,image/svg+xml,200,https://commons.wikimedia.org/wiki/File:Geographic_map_of_Carpathian_mountains.svg
Geographical distribution of Lynx lynx balcanicus in North-Macedonia.svg,"Geographical distribution of Lynx lynx balcanicus, North-Macedonia",Commons category marks SVG as invalid,Category:Invalid SVG created with QGIS:Maps,image/svg+xml,200,https://commons.wikimedia.org/wiki/File:Geographical_distribution_of_Lynx_lynx_balcanicus_in_North-Macedonia.svg
Georgia (orthographic projection with inset).svg,Georgia,Commons category marks SVG as invalid,Category:Invalid SVG created with Inkscape:World maps (gggs),image/svg+xml,200,https://commons.wikimedia.org/wiki/File:Georgia_(orthographic_projection_with_inset).svg
Georgia Belarus Locator.svg,Belarus,Commons category marks SVG as invalid,Category:Invalid SVG created with Inkscape:Maps,image/svg+xml,200,https://commons.wikimedia.org/wiki/File:Georgia_Belarus_Locator.svg
Georgia France Locator.svg,Georgia,Commons category marks SVG as invalid,Category:Invalid SVG created with Inkscape:Maps,image/svg+xml,200,https://commons.wikimedia.org/wiki/File:Georgia_France_Locator.svg
Georgia in United States (US48).svg,"Georgia, United States",Commons category marks SVG as invalid,Category:Invalid SVG created with Adobe Illustrator:Locator maps-USA,image/svg+xml,200,https://commons.wikimedia.org/wiki/File:Georgia_in_United_States_(US48).svg
Georgia India locator.svg,Georgia,Commons category marks SVG as invalid,Category:Invalid SVG created with Inkscape:Maps,image/svg+xml,200,https://commons.wikimedia.org/wiki/File:Georgia_India_locator.svg
Georgia Japan locator.svg,Georgia,Commons category marks SVG as invalid,Category:Invalid SVG created with Inkscape:Maps,image/svg+xml,200,https://commons.wikimedia.org/wiki/File:Georgia_Japan_locator.svg
Georgia Lithuania locator.svg,Lithuania,Commons category marks SVG as invalid,Category:Invalid SVG created with Inkscape:Maps,image/svg+xml,200,https://commons.wikimedia.org/wiki/File:Georgia_Lithuania_locator.svg
Georgia South Korea Locator.svg,South Korea,Commons category marks SVG as invalid,Category:Invalid SVG created with Inkscape:Maps,image/svg+xml,200,https://commons.wikimedia.org/wiki/File:Georgia_South_Korea_Locator.svg
Georgia Spain Locator.svg,Georgia,Commons category marks SVG as invalid,Category:Invalid SVG created with Inkscape:Maps,image/svg+xml,200,https://commons.wikimedia.org/wiki/File:Georgia_Spain_Locator.svg
Georgia topo map-blank.svg,the whole Caucasus,Commons category marks SVG as invalid,Category:Invalid SVG created with Inkscape:Maps,image/svg+xml,200,https://commons.wikimedia.org/wiki/File:Georgia_topo_map-blank.svg
Germany in Europe (blue marble) (-mini map).svg,"Germany, Europe",Commons category marks SVG as invalid,Category:Invalid SVG created with Adobe Illustrator:Maps,image/svg+xml,200,https://commons.wikimedia.org/wiki/File:Germany_in_Europe_(blue_marble)_(-mini_map).svg
Germany location map.svg,Germany,Commons category marks SVG as invalid,Category:Invalid SVG created with Adobe Illustrator:Maps,image/svg+xml,200,https://commons.wikimedia.org/wiki/File:Germany_location_map.svg
Germany on the globe (Germany centered).svg,Germany,Commons category marks SVG as invalid,Category:Invalid SVG created with Inkscape:World maps,image/svg+xml,200,https://commons.wikimedia.org/wiki/File:Germany_on_the_globe_(Germany_centered).svg
"Germany, German Democratic Republic (+districts) location map w·o FRG 1990.svg",the German Democratic Republic,Commons category marks SVG as invalid,Category:Invalid SVG created with Adobe Illustrator:Maps,image/svg+xml,200,"https://commons.wikimedia.org/wiki/File:Germany,_German_Democratic_Republic_(%2Bdistricts)_location_map_w%C2%B7o_FRG_1990.svg"
Germany2 location map.svg,Germany,Commons category marks SVG as invalid,Category:Invalid SVG created with Adobe Illustrator:Maps,image/svg+xml,200,https://commons.wikimedia.org/wiki/File:Germany2_location_map.svg
Gia Lai in Viet Nam.svg,"Gia Lai, Viet Nam",Commons category marks SVG as invalid,Category:Invalid SVG created with Adobe Illustrator:Maps of Vietnam,image/svg+xml,200,https://commons.wikimedia.org/wiki/File:Gia_Lai_in_Viet_Nam.svg
Gia Lai in Vietnam before 1 July 2025.svg,"Gia Lai, Vietnam before 1 July 2025",Commons category marks SVG as invalid,Category:Invalid SVG created with Adobe Illustrator:Maps of Vietnam,image/svg+xml,200,https://commons.wikimedia.org/wiki/File:Gia_Lai_in_Vietnam_before_1_July_2025.svg
Gifu in Japan (extended).svg,"Gifu, Japan (extended)",Commons category marks SVG as invalid,Category:Invalid SVG created with Adobe Illustrator:Japanese prefecture maps,image/svg+xml,200,https://commons.wikimedia.org/wiki/File:Gifu_in_Japan_(extended).svg
Gifu in Japan (narrow).svg,"Gifu, Japan (narrow)",Commons category marks SVG as invalid,Category:Invalid SVG created with Adobe Illustrator:Japanese prefecture maps,image/svg+xml,200,https://commons.wikimedia.org/wiki/File:Gifu_in_Japan_(narrow).svg
Gifu in Japan.svg,"Gifu, Japan",Commons category marks SVG as invalid,Category:Invalid SVG created with Adobe Illustrator:Japanese prefecture maps,image/svg+xml,200,https://commons.wikimedia.org/wiki/File:Gifu_in_Japan.svg
Gisborne in New Zealand.svg,"Gisborne, New Zealand",Commons category marks SVG as invalid,Category:Invalid SVG created with Adobe Illustrator:Maps,image/svg+xml,200,https://commons.wikimedia.org/wiki/File:Gisborne_in_New_Zealand.svg
Glasgow City in Scotland.svg,"Glasgow City, Scotland",Commons category marks SVG as invalid,Category:Invalid SVG created with Adobe Illustrator:Locator maps,image/svg+xml,200,https://commons.wikimedia.org/wiki/File:Glasgow_City_in_Scotland.svg
Granma in Cuba.svg,"Granma, Cuba",Commons category marks SVG as invalid,Category:Invalid SVG created with Adobe Illustrator:Cuba maps,image/svg+xml,200,https://commons.wikimedia.org/wiki/File:Granma_in_Cuba.svg
Great Socialist People's Libyan Arab Jamahiriya (1977–2011).svg,former countries of Africa,Commons category marks SVG as invalid,Category:Invalid SVG created with Inkscape:World maps (gggs),image/svg+xml,200,https://commons.wikimedia.org/wiki/File:Great_Socialist_People's_Libyan_Arab_Jamahiriya_(1977%E2%80%932011).svg
Greenland in North America (-mini map -rivers).svg,"Greenland, North America",Commons category marks SVG as invalid,Category:Invalid SVG created with Adobe Illustrator:Locator maps,image/svg+xml,200,https://commons.wikimedia.org/wiki/File:Greenland_in_North_America_(-mini_map_-rivers).svg
Greenland in North America (relief) (-mini map).svg,"Greenland, North America",Commons category marks SVG as invalid,Category:Invalid SVG created with Adobe Illustrator:Maps,image/svg+xml,200,https://commons.wikimedia.org/wiki/File:Greenland_in_North_America_(relief)_(-mini_map).svg
Greenland in North America (relief).svg,"Greenland, North America",Commons category marks SVG as invalid,Category:Invalid SVG created with Adobe Illustrator:Maps,image/svg+xml,200,https://commons.wikimedia.org/wiki/File:Greenland_in_North_America_(relief).svg
Greenland in North America.svg,"Greenland, North America",Commons category marks SVG as invalid,Category:Invalid SVG created with Adobe Illustrator:Locator maps,image/svg+xml,200,https://commons.wikimedia.org/wiki/File:Greenland_in_North_America.svg
Greenland in the Kingdom of Denmark (globe zoom).svg,"Greenland, the Kingdom of Denmark",Commons category marks SVG as invalid,Category:Invalid SVG created with Inkscape:Maps,image/svg+xml,200,https://commons.wikimedia.org/wiki/File:Greenland_in_the_Kingdom_of_Denmark_(globe_zoom).svg
Greenland in the Kingdom of Denmark.svg,"Greenland, the Kingdom of Denmark",Commons category marks SVG as invalid,Category:Invalid SVG created with Adobe Illustrator:Locator maps,image/svg+xml,200,https://commons.wikimedia.org/wiki/File:Greenland_in_the_Kingdom_of_Denmark.svg
Greenland in the World (+EU).svg,"Greenland, the World (+EU)",Commons category marks SVG as invalid,Category:Invalid SVG created with Adobe Illustrator:World maps,image/svg+xml,200,https://commons.wikimedia.org/wiki/File:Greenland_in_the_World_(%2BEU).svg
Greenland in the world (W3).svg,"Greenland, the world",Commons category marks SVG as invalid,Category:Invalid SVG created with Adobe Illustrator:World maps,image/svg+xml,200,https://commons.wikimedia.org/wiki/File:Greenland_in_the_world_(W3).svg
Greenland on the globe (Greenland centered).svg,Greenland,Commons category marks SVG as invalid,Category:Invalid SVG created with Adobe Illustrator:World maps,image/svg+xml,200,https://commons.wikimedia.org/wiki/File:Greenland_on_the_globe_(Greenland_centered).svg
Greenland on the globe (North America centered).svg,Greenland,Commons category marks SVG as invalid,Category:Invalid SVG created with Adobe Illustrator:World maps,image/svg+xml,200,https://commons.wikimedia.org/wiki/File:Greenland_on_the_globe_(North_America_centered).svg
Grenada in its region.svg,Grenada,Commons category marks SVG as invalid,Category:Invalid SVG created with Adobe Illustrator:Maps,image/svg+xml,200,https://commons.wikimedia.org/wiki/File:Grenada_in_its_region.svg
Grenada in North America (-mini map -rivers).svg,"Grenada, North America",Commons category marks SVG as invalid,Category:Invalid SVG created with Adobe Illustrator:Maps,image/svg+xml,200,https://commons.wikimedia.org/wiki/File:Grenada_in_North_America_(-mini_map_-rivers).svg
Grenada in North America (relief) (-mini map).svg,"Grenada, North America",Commons category marks SVG as invalid,Category:Invalid SVG created with Adobe Illustrator:Maps,image/svg+xml,200,https://commons.wikimedia.org/wiki/File:Grenada_in_North_America_(relief)_(-mini_map).svg
Grenada in North America (relief).svg,"Grenada, North America",Commons category marks SVG as invalid,Category:Invalid SVG created with Adobe Illustrator:Maps,image/svg+xml,200,https://commons.wikimedia.org/wiki/File:Grenada_in_North_America_(relief).svg
Grenada in North America.svg,"Grenada, North America",Commons category marks SVG as invalid,Category:Invalid SVG created with Adobe Illustrator:Maps,image/svg+xml,200,https://commons.wikimedia.org/wiki/File:Grenada_in_North_America.svg
Grenada on the globe (Americas centered).svg,Grenada,Commons category marks SVG as invalid,Category:Invalid SVG created with Adobe Illustrator:World maps,image/svg+xml,200,https://commons.wikimedia.org/wiki/File:Grenada_on_the_globe_(Americas_centered).svg
Grosseto in Italy.svg,"Grosseto, Italy",Commons category marks SVG as invalid,Category:Invalid SVG created with Adobe Illustrator:Italian province maps,image/svg+xml,200,https://commons.wikimedia.org/wiki/File:Grosseto_in_Italy.svg
Guam in its region.svg,"Guam, the United States",Commons category marks SVG as invalid,Category:Invalid SVG created with Adobe Illustrator:World maps,image/svg+xml,200,https://commons.wikimedia.org/wiki/File:Guam_in_its_region.svg
Guam on the globe (Southeast Asia centered) (small islands magnified).svg,"Guam, the United States",Commons category marks SVG as invalid,Category:Invalid SVG created with Adobe Illustrator:World maps,image/svg+xml,200,https://commons.wikimedia.org/wiki/File:Guam_on_the_globe_(Southeast_Asia_centered)_(small_islands_magnified).svg
Guantanamo in Cuba.svg,"Guantanamo, Cuba",Commons category marks SVG as invalid,Category:Invalid SVG created with Adobe Illustrator:Cuba maps,image/svg+xml,200,https://commons.wikimedia.org/wiki/File:Guantanamo_in_Cuba.svg
Guarico in Venezuela (+claimed).svg,"Guarico, Venezuela",Commons category marks SVG as invalid,Category:Invalid SVG created with Adobe Illustrator:Maps,image/svg+xml,200,https://commons.wikimedia.org/wiki/File:Guarico_in_Venezuela_(%2Bclaimed).svg
Guarico in Venezuela.svg,"Guarico, Venezuela",Commons category marks SVG as invalid,Category:Invalid SVG created with Adobe Illustrator:Maps,image/svg+xml,200,https://commons.wikimedia.org/wiki/File:Guarico_in_Venezuela.svg
Guayana Esequiba in Venezuela (hatched).svg,"Guayana Esequiba, Venezuela (hatched)",Commons category marks SVG as invalid,Category:Invalid SVG created with Adobe Illustrator:Maps,image/svg+xml,200,https://commons.wikimedia.org/wiki/File:Guayana_Esequiba_in_Venezuela_(hatched).svg
Guayana Esequiba in Venezuela.svg,"Guayana Esequiba, Venezuela",Commons category marks SVG as invalid,Category:Invalid SVG created with Adobe Illustrator:Maps,image/svg+xml,200,https://commons.wikimedia.org/wiki/File:Guayana_Esequiba_in_Venezuela.svg
Guinea-Bissau USA Locator.svg,the United States,Commons category marks SVG as invalid,Category:Invalid SVG created with Inkscape:World maps,image/svg+xml,200,https://commons.wikimedia.org/wiki/File:Guinea-Bissau_USA_Locator.svg
Gulbene in Latvia.svg,"Gulbene, Latvia",Commons category marks SVG as invalid,Category:Invalid SVG created with Adobe Illustrator:Locator maps-Latvia,image/svg+xml,200,https://commons.wikimedia.org/wiki/File:Gulbene_in_Latvia.svg
Gunma in Japan (extended).svg,"Gunma, Japan (extended)",Commons category marks SVG as invalid,Category:Invalid SVG created with Adobe Illustrator:Japanese prefecture maps,image/svg+xml,200,https://commons.wikimedia.org/wiki/File:Gunma_in_Japan_(extended).svg
Gunma in Japan (narrow).svg,"Gunma, Japan (narrow)",Commons category marks SVG as invalid,Category:Invalid SVG created with Adobe Illustrator:Japanese prefecture maps,image/svg+xml,200,https://commons.wikimedia.org/wiki/File:Gunma_in_Japan_(narrow).svg
Gunma in Japan.svg,"Gunma, Japan",Commons category marks SVG as invalid,Category:Invalid SVG created with Adobe Illustrator:Japanese prefecture maps,image/svg+xml,200,https://commons.wikimedia.org/wiki/File:Gunma_in_Japan.svg
Guntur in Andhra Pradesh (India).svg,"Guntur, Andhra Pradesh, India",Commons category marks SVG as invalid,Category:Invalid SVG created with Inkscape:Locator maps,image/svg+xml,200,https://commons.wikimedia.org/wiki/File:Guntur_in_Andhra_Pradesh_(India).svg
Guyana on the globe (South America centered).svg,Guyana,Commons category marks SVG as invalid,Category:Invalid SVG created with Adobe Illustrator:World maps,image/svg+xml,200,https://commons.wikimedia.org/wiki/File:Guyana_on_the_globe_(South_America_centered).svg
Gwynedd in Wales.svg,"Gwynedd, Wales",Commons category marks SVG as invalid,Category:Invalid SVG created with Adobe Illustrator:Locator maps-Wales,image/svg+xml,200,https://commons.wikimedia.org/wiki/File:Gwynedd_in_Wales.svg
Győr vármegye in Hungary.svg,"Győr vármegye, Hungary, the Kingdom of Hungary",Commons category marks SVG as invalid,Category:Invalid SVG created with Adobe Illustrator:Locator maps-Hungary,image/svg+xml,200,https://commons.wikimedia.org/wiki/File:Gy%C5%91r_v%C3%A1rmegye_in_Hungary.svg
Gömör és Kis-Hont vármegye in Hungary.svg,"Gömör és Kis-Hont vármegye, Hungary, the Kingdom of Hungary",Commons category marks SVG as invalid,Category:Invalid SVG created with Adobe Illustrator:Locator maps-Hungary,image/svg+xml,200,https://commons.wikimedia.org/wiki/File:G%C3%B6m%C3%B6r_%C3%A9s_Kis-Hont_v%C3%A1rmegye_in_Hungary.svg
Ha Giang in Vietnam before 1 July 2025.svg,"Ha Giang, Vietnam before 1 July 2025",Commons category marks SVG as invalid,Category:Invalid SVG created with Adobe Illustrator:Maps of Vietnam,image/svg+xml,200,https://commons.wikimedia.org/wiki/File:Ha_Giang_in_Vietnam_before_1_July_2025.svg
Ha Nam in Vietnam before 1 July 2025 (special marker).svg,"Ha Nam, Vietnam before 1 July 2025",Commons category marks SVG as invalid,Category:Invalid SVG created with Adobe Illustrator:Maps of Vietnam,image/svg+xml,200,https://commons.wikimedia.org/wiki/File:Ha_Nam_in_Vietnam_before_1_July_2025_(special_marker).svg
Ha Nam in Vietnam before 1 July 2025.svg,"Ha Nam, Vietnam before 1 July 2025",Commons category marks SVG as invalid,Category:Invalid SVG created with Adobe Illustrator:Maps of Vietnam,image/svg+xml,200,https://commons.wikimedia.org/wiki/File:Ha_Nam_in_Vietnam_before_1_July_2025.svg
Ha Noi in Viet Nam.svg,"Ha Noi, Viet Nam",Commons category marks SVG as invalid,Category:Invalid SVG created with Adobe Illustrator:Maps of Vietnam,image/svg+xml,200,https://commons.wikimedia.org/wiki/File:Ha_Noi_in_Viet_Nam.svg
Ha Noi in Vietnam before 1 July 2025.svg,"Ha Noi, Vietnam before 1 July 2025",Commons category marks SVG as invalid,Category:Invalid SVG created with Adobe Illustrator:Maps of Vietnam,image/svg+xml,200,https://commons.wikimedia.org/wiki/File:Ha_Noi_in_Vietnam_before_1_July_2025.svg
Ha Tinh in Viet Nam.svg,"Ha Tinh, Viet Nam",Commons category marks SVG as invalid,Category:Invalid SVG created with Adobe Illustrator:Maps of Vietnam,image/svg+xml,200,https://commons.wikimedia.org/wiki/File:Ha_Tinh_in_Viet_Nam.svg
Ha Tinh in Vietnam before 1 July 2025.svg,"Ha Tinh, Vietnam before 1 July 2025",Commons category marks SVG as invalid,Category:Invalid SVG created with Adobe Illustrator:Maps of Vietnam,image/svg+xml,200,https://commons.wikimedia.org/wiki/File:Ha_Tinh_in_Vietnam_before_1_July_2025.svg
Hai Duong in Vietnam before 1 July 2025.svg,"Hai Duong, Vietnam before 1 July 2025",Commons category marks SVG as invalid,Category:Invalid SVG created with Adobe Illustrator:Maps of Vietnam,image/svg+xml,200,https://commons.wikimedia.org/wiki/File:Hai_Duong_in_Vietnam_before_1_July_2025.svg
Hai Phong in Viet Nam.svg,"Hai Phong, Viet Nam",Commons category marks SVG as invalid,Category:Invalid SVG created with Adobe Illustrator:Maps of Vietnam,image/svg+xml,200,https://commons.wikimedia.org/wiki/File:Hai_Phong_in_Viet_Nam.svg
Hai Phong in Vietnam before 1 July 2025 (special marker).svg,"Hai Phong, Vietnam before 1 July 2025",Commons category marks SVG as invalid,Category:Invalid SVG created with Adobe Illustrator:Maps of Vietnam,image/svg+xml,200,https://commons.wikimedia.org/wiki/File:Hai_Phong_in_Vietnam_before_1_July_2025_(special_marker).svg
Hai Phong in Vietnam before 1 July 2025.svg,"Hai Phong, Vietnam before 1 July 2025",Commons category marks SVG as invalid,Category:Invalid SVG created with Adobe Illustrator:Maps of Vietnam,image/svg+xml,200,https://commons.wikimedia.org/wiki/File:Hai_Phong_in_Vietnam_before_1_July_2025.svg
Hainan in Republic of China.svg,"Hainan, Republic of China",Commons category reports broken file links,Category:Files with broken file links,image/svg+xml,200,https://commons.wikimedia.org/wiki/File:Hainan_in_Republic_of_China.svg
Hajdú vármegye in Hungary.svg,"Hajdú vármegye, Hungary, the Kingdom of Hungary",Commons category marks SVG as invalid,Category:Invalid SVG created with Adobe Illustrator:Locator maps-Hungary,image/svg+xml,200,https://commons.wikimedia.org/wiki/File:Hajd%C3%BA_v%C3%A1rmegye_in_Hungary.svg
Hatohobei State map.svg,states in Palau,Thumbnail request was rate-limited (HTTP 429); reachability unconfirmed,,image/svg+xml,429,https://commons.wikimedia.org/wiki/File:Hatohobei_State_map.svg
Hau Giang in Vietnam before 1 July 2025.svg,"Hau Giang, Vietnam before 1 July 2025",Commons category marks SVG as invalid,Category:Invalid SVG created with Adobe Illustrator:Maps of Vietnam,image/svg+xml,200,https://commons.wikimedia.org/wiki/File:Hau_Giang_in_Vietnam_before_1_July_2025.svg
Hawaii in United States (US50) (+grid) (W3).svg,"Hawaii, United States",Commons category marks SVG as invalid,Category:Invalid SVG created with Adobe Illustrator:Locator maps-USA,image/svg+xml,200,https://commons.wikimedia.org/wiki/File:Hawaii_in_United_States_(US50)_(%2Bgrid)_(W3).svg
Hawaii in United States (US50) (+grid) (zoom) (W3).svg,"Hawaii, United States",Commons category marks SVG as invalid,Category:Invalid SVG created with Adobe Illustrator:Locator maps-USA,image/svg+xml,200,https://commons.wikimedia.org/wiki/File:Hawaii_in_United_States_(US50)_(%2Bgrid)_(zoom)_(W3).svg
Hawaii in United States (zoom) (US50) (-grid).svg,"Hawaii, United States",Commons category marks SVG as invalid,Category:Invalid SVG created with Adobe Illustrator:Locator maps-USA,image/svg+xml,200,https://commons.wikimedia.org/wiki/File:Hawaii_in_United_States_(zoom)_(US50)_(-grid).svg
Hawaii in United States (zoom).svg,"Hawaii, United States",Commons category marks SVG as invalid,Category:Invalid SVG created with Adobe Illustrator:Locator maps-USA,image/svg+xml,200,https://commons.wikimedia.org/wiki/File:Hawaii_in_United_States_(zoom).svg
Heilungkiang in Republic of China.svg,"Heilungkiang, Republic of China",Commons category reports broken file links,Category:Files with broken file links,image/svg+xml,200,https://commons.wikimedia.org/wiki/File:Heilungkiang_in_Republic_of_China.svg
Hesse in Germany.svg,"Hesse, Germany",Commons category marks SVG as invalid,Category:Invalid SVG created with Adobe Illustrator:Locator maps,image/svg+xml,200,https://commons.wikimedia.org/wiki/File:Hesse_in_Germany.svg
Heves vármegye in Hungary.svg,"Heves vármegye, Hungary, the Kingdom of Hungary",Commons category marks SVG as invalid,Category:Invalid SVG created with Adobe Illustrator:Locator maps-Hungary,image/svg+xml,200,https://commons.wikimedia.org/wiki/File:Heves_v%C3%A1rmegye_in_Hungary.svg
Hiroshima in Japan (extended).svg,"Hiroshima, Japan (extended)",Commons category marks SVG as invalid,Category:Invalid SVG created with Adobe Illustrator:Japanese prefecture maps,image/svg+xml,200,https://commons.wikimedia.org/wiki/File:Hiroshima_in_Japan_(extended).svg
Hiroshima in Japan (narrow).svg,"Hiroshima, Japan (narrow)",Commons category marks SVG as invalid,Category:Invalid SVG created with Adobe Illustrator:Japanese prefecture maps,image/svg+xml,200,https://commons.wikimedia.org/wiki/File:Hiroshima_in_Japan_(narrow).svg
Hiroshima in Japan.svg,"Hiroshima, Japan",Commons category marks SVG as invalid,Category:Invalid SVG created with Adobe Illustrator:Japanese prefecture maps,image/svg+xml,200,https://commons.wikimedia.org/wiki/File:Hiroshima_in_Japan.svg
Ho Chi Minh City in Vietnam before 1 July 2025.svg,"Ho Chi Minh City, Vietnam before 1 July 2025",Commons category marks SVG as invalid,Category:Invalid SVG created with Adobe Illustrator:Maps of Vietnam,image/svg+xml,200,https://commons.wikimedia.org/wiki/File:Ho_Chi_Minh_City_in_Vietnam_before_1_July_2025.svg
Hoa Binh in Vietnam before 1 July 2025.svg,"Hoa Binh, Vietnam before 1 July 2025",Commons category marks SVG as invalid,Category:Invalid SVG created with Adobe Illustrator:Maps of Vietnam,image/svg+xml,200,https://commons.wikimedia.org/wiki/File:Hoa_Binh_in_Vietnam_before_1_July_2025.svg
Hokkaido in Japan (claimed hatched) (extended).svg,"Hokkaido, Japan (claimed hatched) (extended)",Commons category marks SVG as invalid,Category:Invalid SVG created with Adobe Illustrator:Japanese prefecture maps,image/svg+xml,200,https://commons.wikimedia.org/wiki/File:Hokkaido_in_Japan_(claimed_hatched)_(extended).svg
Hokkaido in Japan (claimed) (extended).svg,"Hokkaido, Japan (claimed) (extended)",Commons category marks SVG as invalid,Category:Invalid SVG created with Adobe Illustrator:Japanese prefecture maps,image/svg+xml,200,https://commons.wikimedia.org/wiki/File:Hokkaido_in_Japan_(claimed)_(extended).svg
Hokkaido in Japan (claimed).svg,"Hokkaido, Japan",Commons category marks SVG as invalid,Category:Invalid SVG created with Adobe Illustrator:Japanese prefecture maps,image/svg+xml,200,https://commons.wikimedia.org/wiki/File:Hokkaido_in_Japan_(claimed).svg
Hokkaido in Japan (de-facto) (extended).svg,"Hokkaido, Japan (de-facto) (extended)",Commons category marks SVG as invalid,Category:Invalid SVG created with Adobe Illustrator:Japanese prefecture maps,image/svg+xml,200,https://commons.wikimedia.org/wiki/File:Hokkaido_in_Japan_(de-facto)_(extended).svg
Hokkaido in Japan (de-facto).svg,"Hokkaido, Japan",Commons category marks SVG as invalid,Category:Invalid SVG created with Adobe Illustrator:Japanese prefecture maps,image/svg+xml,200,https://commons.wikimedia.org/wiki/File:Hokkaido_in_Japan_(de-facto).svg
Hokkaido in Japan (narrow) (claimed hatched).svg,"Hokkaido, Japan (narrow)",Commons category marks SVG as invalid,Category:Invalid SVG created with Adobe Illustrator:Japanese prefecture maps,image/svg+xml,200,https://commons.wikimedia.org/wiki/File:Hokkaido_in_Japan_(narrow)_(claimed_hatched).svg
Holguin in Cuba.svg,"Holguin, Cuba",Commons category marks SVG as invalid,Category:Invalid SVG created with Adobe Illustrator:Cuba maps,image/svg+xml,200,https://commons.wikimedia.org/wiki/File:Holguin_in_Cuba.svg
Honan in Republic of China.svg,"Honan, Republic of China",Commons category reports broken file links,Category:Files with broken file links,image/svg+xml,200,https://commons.wikimedia.org/wiki/File:Honan_in_Republic_of_China.svg
Hont vármegye in Hungary.svg,"Hont vármegye, Hungary, the Kingdom of Hungary",Commons category marks SVG as invalid,Category:Invalid SVG created with Adobe Illustrator:Locator maps-Hungary,image/svg+xml,200,https://commons.wikimedia.org/wiki/File:Hont_v%C3%A1rmegye_in_Hungary.svg
Hopeh in Republic of China.svg,"Hopeh, Republic of China",Commons category reports broken file links,Category:Files with broken file links,image/svg+xml,200,https://commons.wikimedia.org/wiki/File:Hopeh_in_Republic_of_China.svg
Hopkiang in Republic of China.svg,"Hopkiang, Republic of China",Commons category reports broken file links,Category:Files with broken file links,image/svg+xml,200,https://commons.wikimedia.org/wiki/File:Hopkiang_in_Republic_of_China.svg
Howland Island on the globe (small islands magnified) (Polynesia centered).svg,"Howland Island, the United States",Commons category marks SVG as invalid,Category:Invalid SVG created with Adobe Illustrator:World maps,image/svg+xml,200,https://commons.wikimedia.org/wiki/File:Howland_Island_on_the_globe_(small_islands_magnified)_(Polynesia_centered).svg
Hsingan in Republic of China.svg,"Hsingan, Republic of China",Commons category reports broken file links,Category:Files with broken file links,image/svg+xml,200,https://commons.wikimedia.org/wiki/File:Hsingan_in_Republic_of_China.svg
Hue in Vietnam.svg,"Hue, Vietnam",Commons category marks SVG as invalid,Category:Invalid SVG created with Adobe Illustrator:Maps of Vietnam,image/svg+xml,200,https://commons.wikimedia.org/wiki/File:Hue_in_Vietnam.svg
Hunan in Republic of China.svg,"Hunan, Republic of China",Commons category reports broken file links,Category:Files with broken file links,image/svg+xml,200,https://commons.wikimedia.org/wiki/File:Hunan_in_Republic_of_China.svg
Hung Yen in Viet Nam.svg,"Hung Yen, Viet Nam",Commons category marks SVG as invalid,Category:Invalid SVG created with Adobe Illustrator:Maps of Vietnam,image/svg+xml,200,https://commons.wikimedia.org/wiki/File:Hung_Yen_in_Viet_Nam.svg
Hung Yen in Vietnam before 1 July 2025 (special marker).svg,"Hung Yen, Vietnam before 1 July 2025",Commons category marks SVG as invalid,Category:Invalid SVG created with Adobe Illustrator:Maps of Vietnam,image/svg+xml,200,https://commons.wikimedia.org/wiki/File:Hung_Yen_in_Vietnam_before_1_July_2025_(special_marker).svg
Hung Yen in Vietnam before 1 July 2025.svg,"Hung Yen, Vietnam before 1 July 2025",Commons category marks SVG as invalid,Category:Invalid SVG created with Adobe Illustrator:Maps of Vietnam,image/svg+xml,200,https://commons.wikimedia.org/wiki/File:Hung_Yen_in_Vietnam_before_1_July_2025.svg
Hunyad vármegye in Hungary.svg,"Hunyad vármegye, Hungary, the Kingdom of Hungary",Commons category marks SVG as invalid,Category:Invalid SVG created with Adobe Illustrator:Locator maps-Hungary,image/svg+xml,200,https://commons.wikimedia.org/wiki/File:Hunyad_v%C3%A1rmegye_in_Hungary.svg
Hupeh in Republic of China.svg,"Hupeh, Republic of China",Commons category reports broken file links,Category:Files with broken file links,image/svg+xml,200,https://commons.wikimedia.org/wiki/File:Hupeh_in_Republic_of_China.svg
Hyogo in Japan (extended).svg,"Hyogo, Japan (extended)",Commons category marks SVG as invalid,Category:Invalid SVG created with Adobe Illustrator:Japanese prefecture maps,image/svg+xml,200,https://commons.wikimedia.org/wiki/File:Hyogo_in_Japan_(extended).svg
Hyogo in Japan (narrow).svg,"Hyogo, Japan (narrow)",Commons category marks SVG as invalid,Category:Invalid SVG created with Adobe Illustrator:Japanese prefecture maps,image/svg+xml,200,https://commons.wikimedia.org/wiki/File:Hyogo_in_Japan_(narrow).svg
Hyogo in Japan.svg,"Hyogo, Japan",Commons category marks SVG as invalid,Category:Invalid SVG created with Adobe Illustrator:Japanese prefecture maps,image/svg+xml,200,https://commons.wikimedia.org/wiki/File:Hyogo_in_Japan.svg
Háromszék vármegye in Hungary.svg,"Háromszék vármegye, Hungary, the Kingdom of Hungary",Commons category marks SVG as invalid,Category:Invalid SVG created with Adobe Illustrator:Locator maps-Hungary,image/svg+xml,200,https://commons.wikimedia.org/wiki/File:H%C3%A1romsz%C3%A9k_v%C3%A1rmegye_in_Hungary.svg
Ibaraki in Japan (extended).svg,"Ibaraki, Japan (extended)",Commons category marks SVG as invalid,Category:Invalid SVG created with Adobe Illustrator:Japanese prefecture maps,image/svg+xml,200,https://commons.wikimedia.org/wiki/File:Ibaraki_in_Japan_(extended).svg
Ibaraki in Japan (narrow).svg,"Ibaraki, Japan (narrow)",Commons category marks SVG as invalid,Category:Invalid SVG created with Adobe Illustrator:Japanese prefecture maps,image/svg+xml,200,https://commons.wikimedia.org/wiki/File:Ibaraki_in_Japan_(narrow).svg
Ibaraki in Japan.svg,"Ibaraki, Japan",Commons category marks SVG as invalid,Category:Invalid SVG created with Adobe Illustrator:Japanese prefecture maps,image/svg+xml,200,https://commons.wikimedia.org/wiki/File:Ibaraki_in_Japan.svg
Idaho in United States.svg,"Idaho, United States",Commons category marks SVG as invalid,Category:Invalid SVG created with Adobe Illustrator:Locator maps-USA,image/svg+xml,200,https://commons.wikimedia.org/wiki/File:Idaho_in_United_States.svg
Illinois in United States.svg,"Illinois, United States",Commons category marks SVG as invalid,Category:Invalid SVG created with Adobe Illustrator:Locator maps-USA,image/svg+xml,200,https://commons.wikimedia.org/wiki/File:Illinois_in_United_States.svg
Imperia in Italy.svg,"Imperia, Italy",Commons category marks SVG as invalid,Category:Invalid SVG created with Adobe Illustrator:Italian province maps,image/svg+xml,200,https://commons.wikimedia.org/wiki/File:Imperia_in_Italy.svg
India in the world (de-facto) (W3).svg,"India, the world",Commons category marks SVG as invalid,Category:Invalid SVG created with Adobe Illustrator:World maps,image/svg+xml,200,https://commons.wikimedia.org/wiki/File:India_in_the_world_(de-facto)_(W3).svg
India in the world (undisputed) (W3).svg,"India, the world",Commons category marks SVG as invalid,Category:Invalid SVG created with Adobe Illustrator,image/svg+xml,200,https://commons.wikimedia.org/wiki/File:India_in_the_world_(undisputed)_(W3).svg
India on the globe (Asia centered).svg,India,Commons category reports broken file links,Category:Files with broken file links,image/svg+xml,200,https://commons.wikimedia.org/wiki/File:India_on_the_globe_(Asia_centered).svg
Indian terr. 1890.svg,states in the United States,Commons category marks SVG as invalid,Category:Invalid SVG created with Adobe Illustrator:Locator maps-USA,image/svg+xml,200,https://commons.wikimedia.org/wiki/File:Indian_terr._1890.svg
Indiana in United States (US48).svg,"Indiana, United States",Commons category marks SVG as invalid,Category:Invalid SVG created with Adobe Illustrator:Locator maps-USA,image/svg+xml,200,https://commons.wikimedia.org/wiki/File:Indiana_in_United_States_(US48).svg
Indiana in United States.svg,"Indiana, United States",Commons category marks SVG as invalid,Category:Invalid SVG created with Adobe Illustrator:Locator maps-USA,image/svg+xml,200,https://commons.wikimedia.org/wiki/File:Indiana_in_United_States.svg
Inhambane in Mozambique.svg,"Inhambane, Mozambique",Commons category marks SVG as invalid,Category:Invalid SVG created with Inkscape:Maps,image/svg+xml,200,https://commons.wikimedia.org/wiki/File:Inhambane_in_Mozambique.svg
Iowa in United States (US48).svg,"Iowa, United States",Commons category marks SVG as invalid,Category:Invalid SVG created with Adobe Illustrator:Locator maps-USA,image/svg+xml,200,https://commons.wikimedia.org/wiki/File:Iowa_in_United_States_(US48).svg
Iowa in United States.svg,"Iowa, United States",Commons category marks SVG as invalid,Category:Invalid SVG created with Adobe Illustrator:Locator maps-USA,image/svg+xml,200,https://commons.wikimedia.org/wiki/File:Iowa_in_United_States.svg
Iraqi Kurdistan in Iraq (de-facto and disputed hatched).svg,"Iraqi Kurdistan, Iraq",Commons category marks SVG as invalid,Category:Invalid SVG created with Inkscape:Locator maps,image/svg+xml,200,https://commons.wikimedia.org/wiki/File:Iraqi_Kurdistan_in_Iraq_(de-facto_and_disputed_hatched).svg
Iraqi Kurdistan in Iraq (disputed hatched).svg,"Iraqi Kurdistan, Iraq",Commons category marks SVG as invalid,Category:Invalid SVG created with Inkscape:Maps,image/svg+xml,200,https://commons.wikimedia.org/wiki/File:Iraqi_Kurdistan_in_Iraq_(disputed_hatched).svg
Ireland in European Union.svg,"Ireland, European Union",Commons category marks SVG as invalid,Category:Invalid SVG created with Adobe Illustrator:Maps,image/svg+xml,200,https://commons.wikimedia.org/wiki/File:Ireland_in_European_Union.svg
Isernia in Italy.svg,"Isernia, Italy",Commons category marks SVG as invalid,Category:Invalid SVG created with Adobe Illustrator:Italian province maps,image/svg+xml,200,https://commons.wikimedia.org/wiki/File:Isernia_in_Italy.svg
Ishikawa in Japan (extended).svg,"Ishikawa, Japan (extended)",Commons category marks SVG as invalid,Category:Invalid SVG created with Adobe Illustrator:Japanese prefecture maps,image/svg+xml,200,https://commons.wikimedia.org/wiki/File:Ishikawa_in_Japan_(extended).svg
Ishikawa in Japan (narrow).svg,"Ishikawa, Japan (narrow)",Commons category marks SVG as invalid,Category:Invalid SVG created with Adobe Illustrator:Japanese prefecture maps,image/svg+xml,200,https://commons.wikimedia.org/wiki/File:Ishikawa_in_Japan_(narrow).svg
Ishikawa in Japan.svg,"Ishikawa, Japan",Commons category marks SVG as invalid,Category:Invalid SVG created with Adobe Illustrator:Japanese prefecture maps,image/svg+xml,200,https://commons.wikimedia.org/wiki/File:Ishikawa_in_Japan.svg
Isla de la Juventud in Cuba.svg,"Isla de la Juventud, Cuba",Commons category marks SVG as invalid,Category:Invalid SVG created with Adobe Illustrator:Cuba maps,image/svg+xml,200,https://commons.wikimedia.org/wiki/File:Isla_de_la_Juventud_in_Cuba.svg
Islamabad Capital Territory in Pakistan (special marker) (claims hatched).svg,"Islamabad Capital Territory, Pakistan (special marker) (claims hatched)",Commons category marks SVG as invalid,Category:Invalid SVG created with Adobe Illustrator:Locator maps,image/svg+xml,200,https://commons.wikimedia.org/wiki/File:Islamabad_Capital_Territory_in_Pakistan_(special_marker)_(claims_hatched).svg
Islas Baleares in Spain (including Canarias).svg,"Islas Baleares, Spain (including Canarias)",Commons category marks SVG as invalid,Category:Invalid SVG created with Adobe Illustrator:Locator maps,image/svg+xml,200,https://commons.wikimedia.org/wiki/File:Islas_Baleares_in_Spain_(including_Canarias).svg
Israel geoloc.svg,Israel,Commons category marks SVG as invalid,Category:Invalid SVG created with Inkscape:Maps,image/svg+xml,200,https://commons.wikimedia.org/wiki/File:Israel_geoloc.svg
Italy Labelled Map Scalable.svg,provinces of Italy,Commons category marks SVG as invalid,Category:Invalid SVG created with Adobe Illustrator:Maps,image/svg+xml,200,https://commons.wikimedia.org/wiki/File:Italy_Labelled_Map_Scalable.svg
Iwate in Japan (extended).svg,"Iwate, Japan (extended)",Commons category marks SVG as invalid,Category:Invalid SVG created with Adobe Illustrator:Japanese prefecture maps,image/svg+xml,200,https://commons.wikimedia.org/wiki/File:Iwate_in_Japan_(extended).svg
Iwate in Japan (narrow).svg,"Iwate, Japan (narrow)",Commons category marks SVG as invalid,Category:Invalid SVG created with Adobe Illustrator:Japanese prefecture maps,image/svg+xml,200,https://commons.wikimedia.org/wiki/File:Iwate_in_Japan_(narrow).svg
Iwate in Japan.svg,"Iwate, Japan",Commons category marks SVG as invalid,Category:Invalid SVG created with Adobe Illustrator:Japanese prefecture maps,image/svg+xml,200,https://commons.wikimedia.org/wiki/File:Iwate_in_Japan.svg
Japan (orthographic projection).svg,Japan,Commons category marks SVG as invalid,Category:Invalid SVG created with Inkscape:World maps (gggs),image/svg+xml,200,https://commons.wikimedia.org/wiki/File:Japan_(orthographic_projection).svg
Japan large full.svg,Japan,Commons category marks SVG as invalid,Category:Invalid SVG created with Adobe Illustrator:Maps,image/svg+xml,200,https://commons.wikimedia.org/wiki/File:Japan_large_full.svg
Jarvis Island on the globe (small islands magnified) (Polynesia centered).svg,"Jarvis Island, the United States",Commons category marks SVG as invalid,Category:Invalid SVG created with Adobe Illustrator:World maps,image/svg+xml,200,https://commons.wikimedia.org/wiki/File:Jarvis_Island_on_the_globe_(small_islands_magnified)_(Polynesia_centered).svg
Johnston Atoll on the globe (small islands magnified) (Polynesia centered).svg,"Johnston Atoll, the United States",Commons category marks SVG as invalid,Category:Invalid SVG created with Adobe Illustrator:World maps,image/svg+xml,200,https://commons.wikimedia.org/wiki/File:Johnston_Atoll_on_the_globe_(small_islands_magnified)_(Polynesia_centered).svg
Jonglei in South Sudan (+Kafia Kingi).svg,"Jonglei, South Sudan (+Kafia Kingi)",Commons category marks SVG as invalid,Category:Invalid SVG created with Adobe Illustrator:Maps,image/svg+xml,200,https://commons.wikimedia.org/wiki/File:Jonglei_in_South_Sudan_(%2BKafia_Kingi).svg
Jonglei in South Sudan.svg,"Jonglei, South Sudan",Commons category marks SVG as invalid,Category:Invalid SVG created with Adobe Illustrator:Maps,image/svg+xml,200,https://commons.wikimedia.org/wiki/File:Jonglei_in_South_Sudan.svg
Joutseno.sijainti.suomi.2008.svg,former municipalities in South Karelia,Commons category marks SVG as invalid,Category:Invalid SVG created with CorelDRAW:Suomi maps,image/svg+xml,200,https://commons.wikimedia.org/wiki/File:Joutseno.sijainti.suomi.2008.svg
Jász-Nagykun-Szolnok vármegye in Hungary.svg,"Jász-Nagykun-Szolnok vármegye, Hungary, the Kingdom of Hungary",Commons category marks SVG as invalid,Category:Invalid SVG created with Adobe Illustrator:Locator maps-Hungary,image/svg+xml,200,https://commons.wikimedia.org/wiki/File:J%C3%A1sz-Nagykun-Szolnok_v%C3%A1rmegye_in_Hungary.svg
Jönköpings län in Sweden.svg,"Jönköpings län, Sweden",Commons category marks SVG as invalid,Category:Invalid SVG created with Adobe Illustrator:Locator maps,image/svg+xml,200,https://commons.wikimedia.org/wiki/File:J%C3%B6nk%C3%B6pings_l%C3%A4n_in_Sweden.svg
Kagawa in Japan (extended).svg,"Kagawa, Japan (extended)",Commons category marks SVG as invalid,Category:Invalid SVG created with Adobe Illustrator:Japanese prefecture maps,image/svg+xml,200,https://commons.wikimedia.org/wiki/File:Kagawa_in_Japan_(extended).svg
Kagawa in Japan (narrow).svg,"Kagawa, Japan (narrow)",Commons category marks SVG as invalid,Category:Invalid SVG created with Adobe Illustrator:Japanese prefecture maps,image/svg+xml,200,https://commons.wikimedia.org/wiki/File:Kagawa_in_Japan_(narrow).svg
Kagawa in Japan.svg,"Kagawa, Japan",Commons category marks SVG as invalid,Category:Invalid SVG created with Adobe Illustrator:Japanese prefecture maps,image/svg+xml,200,https://commons.wikimedia.org/wiki/File:Kagawa_in_Japan.svg
Kagoshima in Japan (extended).svg,"Kagoshima, Japan (extended)",Commons category marks SVG as invalid,Category:Invalid SVG created with Adobe Illustrator:Japanese prefecture maps,image/svg+xml,200,https://commons.wikimedia.org/wiki/File:Kagoshima_in_Japan_(extended).svg
Kagoshima in Japan (narrow).svg,"Kagoshima, Japan (narrow)",Commons category marks SVG as invalid,Category:Invalid SVG created with Adobe Illustrator:Japanese prefecture maps,image/svg+xml,200,https://commons.wikimedia.org/wiki/File:Kagoshima_in_Japan_(narrow).svg
Kagoshima in Japan.svg,"Kagoshima, Japan",Commons category marks SVG as invalid,Category:Invalid SVG created with Adobe Illustrator:Japanese prefecture maps,image/svg+xml,200,https://commons.wikimedia.org/wiki/File:Kagoshima_in_Japan.svg
Kakinada in Andhra Pradesh (India).svg,"Kakinada, Andhra Pradesh, India",Commons category marks SVG as invalid,Category:Invalid SVG created with Inkscape:Locator maps,image/svg+xml,200,https://commons.wikimedia.org/wiki/File:Kakinada_in_Andhra_Pradesh_(India).svg
Kaliningrad in Russia.svg,"Kaliningrad, Russia",Commons category marks SVG as invalid,Category:Invalid SVG created with Adobe Illustrator:Maps,image/svg+xml,200,https://commons.wikimedia.org/wiki/File:Kaliningrad_in_Russia.svg
Kanagawa in Japan (extended).svg,"Kanagawa, Japan (extended)",Commons category marks SVG as invalid,Category:Invalid SVG created with Adobe Illustrator:Japanese prefecture maps,image/svg+xml,200,https://commons.wikimedia.org/wiki/File:Kanagawa_in_Japan_(extended).svg
Kanagawa in Japan (narrow).svg,"Kanagawa, Japan (narrow)",Commons category marks SVG as invalid,Category:Invalid SVG created with Adobe Illustrator:Japanese prefecture maps,image/svg+xml,200,https://commons.wikimedia.org/wiki/File:Kanagawa_in_Japan_(narrow).svg
Kanagawa in Japan.svg,"Kanagawa, Japan",Commons category marks SVG as invalid,Category:Invalid SVG created with Adobe Illustrator:Japanese prefecture maps,image/svg+xml,200,https://commons.wikimedia.org/wiki/File:Kanagawa_in_Japan.svg
Kansu in Republic of China.svg,"Kansu, Republic of China",Commons category reports broken file links,Category:Files with broken file links,image/svg+xml,200,https://commons.wikimedia.org/wiki/File:Kansu_in_Republic_of_China.svg
Keltisch Sprachen.svg,the United Kingdom,Commons category marks SVG as invalid,Category:Invalid SVG created with Adobe Illustrator:Maps,image/svg+xml,200,https://commons.wikimedia.org/wiki/File:Keltisch_Sprachen.svg
Kentucky in United States (US48).svg,"Kentucky, United States",Commons category marks SVG as invalid,Category:Invalid SVG created with Adobe Illustrator:Locator maps-USA,image/svg+xml,200,https://commons.wikimedia.org/wiki/File:Kentucky_in_United_States_(US48).svg
Kentucky in United States.svg,"Kentucky, United States",Commons category marks SVG as invalid,Category:Invalid SVG created with Adobe Illustrator:Locator maps-USA,image/svg+xml,200,https://commons.wikimedia.org/wiki/File:Kentucky_in_United_States.svg
Khanh Hoa in Viet Nam.svg,"Khanh Hoa, Viet Nam",Commons category marks SVG as invalid,Category:Invalid SVG created with Adobe Illustrator:Maps of Vietnam,image/svg+xml,200,https://commons.wikimedia.org/wiki/File:Khanh_Hoa_in_Viet_Nam.svg
Khanh Hoa in Vietnam before 1 July 2025.svg,"Khanh Hoa, Vietnam before 1 July 2025",Commons category marks SVG as invalid,Category:Invalid SVG created with Adobe Illustrator:Maps of Vietnam,image/svg+xml,200,https://commons.wikimedia.org/wiki/File:Khanh_Hoa_in_Vietnam_before_1_July_2025.svg
Khojavend in Azerbaijan (semi-secession).svg,"Khojavend, Azerbaijan",Commons category marks SVG as invalid,Category:Invalid SVG created with Adobe Illustrator:Locator maps,image/svg+xml,200,https://commons.wikimedia.org/wiki/File:Khojavend_in_Azerbaijan_(semi-secession).svg
Kiangsi in Republic of China.svg,"Kiangsi, Republic of China",Commons category reports broken file links,Category:Files with broken file links,image/svg+xml,200,https://commons.wikimedia.org/wiki/File:Kiangsi_in_Republic_of_China.svg
Kiangsu in Republic of China.svg,"Kiangsu, Republic of China",Commons category reports broken file links,Category:Files with broken file links,image/svg+xml,200,https://commons.wikimedia.org/wiki/File:Kiangsu_in_Republic_of_China.svg
Kien Giang in Vietnam before 1 July 2025.svg,"Kien Giang, Vietnam before 1 July 2025",Commons category marks SVG as invalid,Category:Invalid SVG created with Adobe Illustrator:Maps of Vietnam,image/svg+xml,200,https://commons.wikimedia.org/wiki/File:Kien_Giang_in_Vietnam_before_1_July_2025.svg
Kingdom of the Netherlands in its region.svg,the Kingdom of the Netherlands,Commons category marks SVG as invalid,Category:Invalid SVG created with Adobe Illustrator:Maps,image/svg+xml,200,https://commons.wikimedia.org/wiki/File:Kingdom_of_the_Netherlands_in_its_region.svg
Kiribati in Oceania (small islands magnified).svg,"Kiribati, Oceania (small islands magnified)",Commons category marks SVG as invalid,Category:Invalid SVG created with Adobe Illustrator:Maps,image/svg+xml,200,https://commons.wikimedia.org/wiki/File:Kiribati_in_Oceania_(small_islands_magnified).svg
Kiribati on the globe (Polynesia centered).svg,Kiribati,Commons category marks SVG as invalid,Category:Invalid SVG created with Adobe Illustrator:World maps,image/svg+xml,200,https://commons.wikimedia.org/wiki/File:Kiribati_on_the_globe_(Polynesia_centered).svg
Kirin in Republic of China.svg,"Kirin, Republic of China",Commons category reports broken file links,Category:Files with broken file links,image/svg+xml,200,https://commons.wikimedia.org/wiki/File:Kirin_in_Republic_of_China.svg
Kis-Küküllő vármegye in Hungary.svg,"Kis-Küküllő vármegye, Hungary, the Kingdom of Hungary",Commons category marks SVG as invalid,Category:Invalid SVG created with Adobe Illustrator:Locator maps-Hungary,image/svg+xml,200,https://commons.wikimedia.org/wiki/File:Kis-K%C3%BCk%C3%BCll%C5%91_v%C3%A1rmegye_in_Hungary.svg
Kochi in Japan (extended).svg,"Kochi, Japan (extended)",Commons category marks SVG as invalid,Category:Invalid SVG created with Adobe Illustrator:Japanese prefecture maps,image/svg+xml,200,https://commons.wikimedia.org/wiki/File:Kochi_in_Japan_(extended).svg
Kochi in Japan (narrow).svg,"Kochi, Japan (narrow)",Commons category marks SVG as invalid,Category:Invalid SVG created with Adobe Illustrator:Japanese prefecture maps,image/svg+xml,200,https://commons.wikimedia.org/wiki/File:Kochi_in_Japan_(narrow).svg
Kochi in Japan.svg,"Kochi, Japan",Commons category marks SVG as invalid,Category:Invalid SVG created with Adobe Illustrator:Japanese prefecture maps,image/svg+xml,200,https://commons.wikimedia.org/wiki/File:Kochi_in_Japan.svg
Kolozs vármegye in Hungary.svg,"Kolozs vármegye, Hungary, the Kingdom of Hungary",Commons category marks SVG as invalid,Category:Invalid SVG created with Adobe Illustrator:Locator maps-Hungary,image/svg+xml,200,https://commons.wikimedia.org/wiki/File:Kolozs_v%C3%A1rmegye_in_Hungary.svg
Komárom vármegye in Hungary.svg,"Komárom vármegye, Hungary, the Kingdom of Hungary",Commons category marks SVG as invalid,Category:Invalid SVG created with Adobe Illustrator:Locator maps-Hungary,image/svg+xml,200,https://commons.wikimedia.org/wiki/File:Kom%C3%A1rom_v%C3%A1rmegye_in_Hungary.svg
Kon Tum in Vietnam before 1 July 2025.svg,"Kon Tum, Vietnam before 1 July 2025",Commons category marks SVG as invalid,Category:Invalid SVG created with Adobe Illustrator:Maps of Vietnam,image/svg+xml,200,https://commons.wikimedia.org/wiki/File:Kon_Tum_in_Vietnam_before_1_July_2025.svg
Konaseema in Andhra Pradesh (India).svg,"Konaseema, Andhra Pradesh, India",Commons category marks SVG as invalid,Category:Invalid SVG created with Inkscape:Locator maps,image/svg+xml,200,https://commons.wikimedia.org/wiki/File:Konaseema_in_Andhra_Pradesh_(India).svg
Koreas on the globe (Japan centered).svg,"Koreas, South Korea",Commons category marks SVG as invalid,Category:Invalid SVG created with Adobe Illustrator:World maps,image/svg+xml,200,https://commons.wikimedia.org/wiki/File:Koreas_on_the_globe_(Japan_centered).svg
Kouilou in Congo.svg,"Kouilou, Congo",Commons category marks SVG as invalid,Category:Invalid SVG created with Adobe Illustrator,image/svg+xml,200,https://commons.wikimedia.org/wiki/File:Kouilou_in_Congo.svg
Krassó-Szörény vármegye in Hungary.svg,"Krassó-Szörény vármegye, Hungary, the Kingdom of Hungary",Commons category marks SVG as invalid,Category:Invalid SVG created with Adobe Illustrator:Locator maps-Hungary,image/svg+xml,200,https://commons.wikimedia.org/wiki/File:Krass%C3%B3-Sz%C3%B6r%C3%A9ny_v%C3%A1rmegye_in_Hungary.svg
Krishna in Andhra Pradesh (India).svg,"Krishna, Andhra Pradesh, India",Commons category marks SVG as invalid,Category:Invalid SVG created with Inkscape:Locator maps,image/svg+xml,200,https://commons.wikimedia.org/wiki/File:Krishna_in_Andhra_Pradesh_(India).svg
Kuangsi in Republic of China.svg,"Kuangsi, Republic of China",Commons category reports broken file links,Category:Files with broken file links,image/svg+xml,200,https://commons.wikimedia.org/wiki/File:Kuangsi_in_Republic_of_China.svg
Kuangtung in Republic of China.svg,"Kuangtung, Republic of China",Commons category reports broken file links,Category:Files with broken file links,image/svg+xml,200,https://commons.wikimedia.org/wiki/File:Kuangtung_in_Republic_of_China.svg
Kumamoto in Japan (extended).svg,"Kumamoto, Japan (extended)",Commons category marks SVG as invalid,Category:Invalid SVG created with Adobe Illustrator:Japanese prefecture maps,image/svg+xml,200,https://commons.wikimedia.org/wiki/File:Kumamoto_in_Japan_(extended).svg
Kumamoto in Japan (narrow).svg,"Kumamoto, Japan (narrow)",Commons category marks SVG as invalid,Category:Invalid SVG created with Adobe Illustrator:Japanese prefecture maps,image/svg+xml,200,https://commons.wikimedia.org/wiki/File:Kumamoto_in_Japan_(narrow).svg
Kumamoto in Japan.svg,"Kumamoto, Japan",Commons category marks SVG as invalid,Category:Invalid SVG created with Adobe Illustrator:Japanese prefecture maps,image/svg+xml,200,https://commons.wikimedia.org/wiki/File:Kumamoto_in_Japan.svg
Kurnool in Andhra Pradesh (India).svg,"Kurnool, Andhra Pradesh, India",Commons category marks SVG as invalid,Category:Invalid SVG created with Inkscape:Locator maps,image/svg+xml,200,https://commons.wikimedia.org/wiki/File:Kurnool_in_Andhra_Pradesh_(India).svg
Kuyavian-Pomeranian in Poland (+rivers).svg,"Kuyavian-Pomeranian, Poland",Commons category marks SVG as invalid,Category:Invalid SVG created with Adobe Illustrator:Maps,image/svg+xml,200,https://commons.wikimedia.org/wiki/File:Kuyavian-Pomeranian_in_Poland_(%2Brivers).svg
Kweichow in Republic of China.svg,"Kweichow, Republic of China",Commons category reports broken file links,Category:Files with broken file links,image/svg+xml,200,https://commons.wikimedia.org/wiki/File:Kweichow_in_Republic_of_China.svg
KWT orthographic.svg,Kuwait,Commons category marks SVG as invalid,Category:Invalid SVG created with Inkscape:World maps (gggs),image/svg+xml,200,https://commons.wikimedia.org/wiki/File:KWT_orthographic.svg
Kymijoki drainage basin map.svg,Finland,Commons category marks SVG as invalid,Category:Invalid SVG created with Adobe Illustrator:Maps,image/svg+xml,200,https://commons.wikimedia.org/wiki/File:Kymijoki_drainage_basin_map.svg
Kyoto in Japan (extended).svg,"Kyoto, Japan (extended)",Commons category marks SVG as invalid,Category:Invalid SVG created with Adobe Illustrator:Japanese prefecture maps,image/svg+xml,200,https://commons.wikimedia.org/wiki/File:Kyoto_in_Japan_(extended).svg
Kyoto in Japan (narrow).svg,"Kyoto, Japan (narrow)",Commons category marks SVG as invalid,Category:Invalid SVG created with Adobe Illustrator:Japanese prefecture maps,image/svg+xml,200,https://commons.wikimedia.org/wiki/File:Kyoto_in_Japan_(narrow).svg
Kyoto in Japan.svg,"Kyoto, Japan",Commons category marks SVG as invalid,Category:Invalid SVG created with Adobe Illustrator:Japanese prefecture maps,image/svg+xml,200,https://commons.wikimedia.org/wiki/File:Kyoto_in_Japan.svg
Kyrgyzstan in its region.svg,Kyrgyzstan,Commons category marks SVG as invalid,Category:Invalid SVG created with Adobe Illustrator:Maps,image/svg+xml,200,https://commons.wikimedia.org/wiki/File:Kyrgyzstan_in_its_region.svg
Kärnten in Austria.svg,"Kärnten, Austria",Commons category marks SVG as invalid,Category:Invalid SVG created with Adobe Illustrator:Locator maps-Austria,image/svg+xml,200,https://commons.wikimedia.org/wiki/File:K%C3%A4rnten_in_Austria.svg
La Habana in Cuba.svg,"La Habana, Cuba",Commons category marks SVG as invalid,Category:Invalid SVG created with Adobe Illustrator:Cuba maps,image/svg+xml,200,https://commons.wikimedia.org/wiki/File:La_Habana_in_Cuba.svg
La Spezia in Italy.svg,"La Spezia, Italy",Commons category marks SVG as invalid,Category:Invalid SVG created with Adobe Illustrator:Italian province maps,image/svg+xml,200,https://commons.wikimedia.org/wiki/File:La_Spezia_in_Italy.svg
Lai Chau in Viet Nam.svg,"Lai Chau, Viet Nam",Commons category marks SVG as invalid,Category:Invalid SVG created with Adobe Illustrator:Maps of Vietnam,image/svg+xml,200,https://commons.wikimedia.org/wiki/File:Lai_Chau_in_Viet_Nam.svg
Lai Chau in Vietnam before 1 July 2025.svg,"Lai Chau, Vietnam before 1 July 2025",Commons category marks SVG as invalid,Category:Invalid SVG created with Adobe Illustrator:Maps of Vietnam,image/svg+xml,200,https://commons.wikimedia.org/wiki/File:Lai_Chau_in_Vietnam_before_1_July_2025.svg
Lakes in South Sudan (+Kafia Kingi).svg,"Lakes, South Sudan (+Kafia Kingi)",Commons category marks SVG as invalid,Category:Invalid SVG created with Adobe Illustrator:Maps,image/svg+xml,200,https://commons.wikimedia.org/wiki/File:Lakes_in_South_Sudan_(%2BKafia_Kingi).svg
Lakes in South Sudan.svg,"Lakes, South Sudan",Commons category marks SVG as invalid,Category:Invalid SVG created with Adobe Illustrator:Maps,image/svg+xml,200,https://commons.wikimedia.org/wiki/File:Lakes_in_South_Sudan.svg
Lam Dong in Viet Nam.svg,"Lam Dong, Viet Nam",Commons category marks SVG as invalid,Category:Invalid SVG created with Adobe Illustrator:Maps of Vietnam,image/svg+xml,200,https://commons.wikimedia.org/wiki/File:Lam_Dong_in_Viet_Nam.svg
Lam Dong in Vietnam before 1 July 2025.svg,"Lam Dong, Vietnam before 1 July 2025",Commons category marks SVG as invalid,Category:Invalid SVG created with Adobe Illustrator:Maps of Vietnam,image/svg+xml,200,https://commons.wikimedia.org/wiki/File:Lam_Dong_in_Vietnam_before_1_July_2025.svg
Lang Son in Viet Nam.svg,"Lang Son, Viet Nam",Commons category marks SVG as invalid,Category:Invalid SVG created with Adobe Illustrator:Maps of Vietnam,image/svg+xml,200,https://commons.wikimedia.org/wiki/File:Lang_Son_in_Viet_Nam.svg
Lang Son in Vietnam before 1 July 2025.svg,"Lang Son, Vietnam before 1 July 2025",Commons category marks SVG as invalid,Category:Invalid SVG created with Adobe Illustrator:Maps of Vietnam,image/svg+xml,200,https://commons.wikimedia.org/wiki/File:Lang_Son_in_Vietnam_before_1_July_2025.svg
Lao Cai in Viet Nam.svg,"Lao Cai, Viet Nam",Commons category marks SVG as invalid,Category:Invalid SVG created with Adobe Illustrator:Maps of Vietnam,image/svg+xml,200,https://commons.wikimedia.org/wiki/File:Lao_Cai_in_Viet_Nam.svg
Lao Cai in Vietnam before 1 July 2025.svg,"Lao Cai, Vietnam before 1 July 2025",Commons category marks SVG as invalid,Category:Invalid SVG created with Adobe Illustrator:Maps of Vietnam,image/svg+xml,200,https://commons.wikimedia.org/wiki/File:Lao_Cai_in_Vietnam_before_1_July_2025.svg
Laos on the globe (Southeast Asia centered).svg,Laos,Commons category marks SVG as invalid,Category:Invalid SVG created with Adobe Illustrator:World maps,image/svg+xml,200,https://commons.wikimedia.org/wiki/File:Laos_on_the_globe_(Southeast_Asia_centered).svg
Lara in Venezuela (+claimed).svg,"Lara, Venezuela",Commons category marks SVG as invalid,Category:Invalid SVG created with Adobe Illustrator:Maps,image/svg+xml,200,https://commons.wikimedia.org/wiki/File:Lara_in_Venezuela_(%2Bclaimed).svg
Lara in Venezuela.svg,"Lara, Venezuela",Commons category marks SVG as invalid,Category:Invalid SVG created with Adobe Illustrator:Maps,image/svg+xml,200,https://commons.wikimedia.org/wiki/File:Lara_in_Venezuela.svg
Las Tunas in Cuba.svg,"Las Tunas, Cuba",Commons category marks SVG as invalid,Category:Invalid SVG created with Adobe Illustrator:Cuba maps,image/svg+xml,200,https://commons.wikimedia.org/wiki/File:Las_Tunas_in_Cuba.svg
Latina in Italy.svg,"Latina, Italy",Commons category marks SVG as invalid,Category:Invalid SVG created with Adobe Illustrator:Italian province maps,image/svg+xml,200,https://commons.wikimedia.org/wiki/File:Latina_in_Italy.svg
Latium -5th Century map-en.svg,the Italic peoples,Commons category marks SVG as invalid,Category:Invalid SVG created with Inkscape,image/svg+xml,200,https://commons.wikimedia.org/wiki/File:Latium_-5th_Century_map-en.svg
Lazio in Italy.svg,"Lazio, Italy",Commons category marks SVG as invalid,Category:Invalid SVG created with Adobe Illustrator:Maps,image/svg+xml,200,https://commons.wikimedia.org/wiki/File:Lazio_in_Italy.svg
Lebanon in its region.svg,Lebanon,Commons category marks SVG as invalid,Category:Invalid SVG created with Adobe Illustrator:Locator maps,image/svg+xml,200,https://commons.wikimedia.org/wiki/File:Lebanon_in_its_region.svg
Lecce in Italy.svg,"Lecce, Italy",Commons category marks SVG as invalid,Category:Invalid SVG created with Adobe Illustrator:Italian province maps,image/svg+xml,200,https://commons.wikimedia.org/wiki/File:Lecce_in_Italy.svg
Lecco in Italy.svg,"Lecco, Italy",Commons category marks SVG as invalid,Category:Invalid SVG created with Adobe Illustrator:Italian province maps,image/svg+xml,200,https://commons.wikimedia.org/wiki/File:Lecco_in_Italy.svg
Lekoumou in Congo.svg,"Lekoumou, Congo",Commons category marks SVG as invalid,Category:Invalid SVG created with Adobe Illustrator,image/svg+xml,200,https://commons.wikimedia.org/wiki/File:Lekoumou_in_Congo.svg
Liaoning in Republic of China.svg,"Liaoning, Republic of China",Commons category reports broken file links,Category:Files with broken file links,image/svg+xml,200,https://commons.wikimedia.org/wiki/File:Liaoning_in_Republic_of_China.svg
Liaopei in Republic of China.svg,"Liaopei, Republic of China",Commons category reports broken file links,Category:Files with broken file links,image/svg+xml,200,https://commons.wikimedia.org/wiki/File:Liaopei_in_Republic_of_China.svg
Liguria in Italy.svg,"Liguria, Italy",Commons category marks SVG as invalid,Category:Invalid SVG created with Adobe Illustrator:Maps,image/svg+xml,200,https://commons.wikimedia.org/wiki/File:Liguria_in_Italy.svg
Lika-Korbava vármegye in Hungary.svg,"Lika-Korbava vármegye, Hungary, the Kingdom of Hungary",Commons category marks SVG as invalid,Category:Invalid SVG created with Adobe Illustrator:Locator maps-Hungary,image/svg+xml,200,https://commons.wikimedia.org/wiki/File:Lika-Korbava_v%C3%A1rmegye_in_Hungary.svg
Likouala in Congo.svg,"Likouala, Congo",Commons category marks SVG as invalid,Category:Invalid SVG created with Adobe Illustrator,image/svg+xml,200,https://commons.wikimedia.org/wiki/File:Likouala_in_Congo.svg
Liptó vármegye in Hungary.svg,"Liptó vármegye, Hungary, the Kingdom of Hungary",Commons category marks SVG as invalid,Category:Invalid SVG created with Adobe Illustrator:Locator maps-Hungary,image/svg+xml,200,https://commons.wikimedia.org/wiki/File:Lipt%C3%B3_v%C3%A1rmegye_in_Hungary.svg
Lithuania Georgia Locator.svg,Lithuania,Commons category marks SVG as invalid,Category:Invalid SVG created with Inkscape:Maps,image/svg+xml,200,https://commons.wikimedia.org/wiki/File:Lithuania_Georgia_Locator.svg
Locator map HD in Germany.svg,districts of Baden-Württemberg in Germany,Commons category marks SVG as invalid,Category:Invalid SVG created with Adobe Illustrator:Locator maps,image/svg+xml,200,https://commons.wikimedia.org/wiki/File:Locator_map_HD_in_Germany.svg
Locator map South Yemen on the globe (South Yemen centered).svg,Locator map South Yemen,Commons category marks SVG as invalid,Category:Invalid SVG created with Inkscape:World maps,image/svg+xml,200,https://commons.wikimedia.org/wiki/File:Locator_map_South_Yemen_on_the_globe_(South_Yemen_centered).svg
Lodi in Italy.svg,"Lodi, Italy",Commons category marks SVG as invalid,Category:Invalid SVG created with Adobe Illustrator:Italian province maps,image/svg+xml,200,https://commons.wikimedia.org/wiki/File:Lodi_in_Italy.svg
Lombardy in Italy.svg,"Lombardy, Italy",Commons category marks SVG as invalid,Category:Invalid SVG created with Adobe Illustrator:Maps,image/svg+xml,200,https://commons.wikimedia.org/wiki/File:Lombardy_in_Italy.svg
Long An in Vietnam before 1 July 2025.svg,"Long An, Vietnam before 1 July 2025",Commons category marks SVG as invalid,Category:Invalid SVG created with Adobe Illustrator:Maps of Vietnam,image/svg+xml,200,https://commons.wikimedia.org/wiki/File:Long_An_in_Vietnam_before_1_July_2025.svg
Louisiana in United States (US48).svg,"Louisiana, United States",Commons category marks SVG as invalid,Category:Invalid SVG created with Adobe Illustrator:Locator maps-USA,image/svg+xml,200,https://commons.wikimedia.org/wiki/File:Louisiana_in_United_States_(US48).svg
Louisiana in United States.svg,"Louisiana, United States",Commons category marks SVG as invalid,Category:Invalid SVG created with Adobe Illustrator:Locator maps-USA,image/svg+xml,200,https://commons.wikimedia.org/wiki/File:Louisiana_in_United_States.svg
Lucca in Italy.svg,"Lucca, Italy",Commons category marks SVG as invalid,Category:Invalid SVG created with Adobe Illustrator:Italian province maps,image/svg+xml,200,https://commons.wikimedia.org/wiki/File:Lucca_in_Italy.svg
Lugansk People's Republic.svg,the Lugansk People's Republic,Commons category marks SVG as invalid,Category:Invalid SVG created with Inkscape:Locator maps,image/svg+xml,200,https://commons.wikimedia.org/wiki/File:Lugansk_People's_Republic.svg
Lugo in Spain.svg,"Lugo, Spain",Commons category marks SVG as invalid,Category:Invalid SVG created with Adobe Illustrator:Locator maps,image/svg+xml,200,https://commons.wikimedia.org/wiki/File:Lugo_in_Spain.svg
Luhansk in Ukraine (claims hatched).svg,"Luhansk, Ukraine (claims hatched)",Commons category marks SVG as invalid,Category:Invalid SVG created with Adobe Illustrator:Locator maps,image/svg+xml,200,https://commons.wikimedia.org/wiki/File:Luhansk_in_Ukraine_(claims_hatched).svg
Macerata in Italy.svg,"Macerata, Italy",Commons category marks SVG as invalid,Category:Invalid SVG created with Adobe Illustrator:Italian province maps,image/svg+xml,200,https://commons.wikimedia.org/wiki/File:Macerata_in_Italy.svg
Madagascar (centered orthographic projection).svg,Madagascar,Commons category marks SVG as invalid,Category:Invalid SVG created with Other tools:World maps (gggs),image/svg+xml,200,https://commons.wikimedia.org/wiki/File:Madagascar_(centered_orthographic_projection).svg
Madagascar in Africa (relief) (-mini map).svg,"Madagascar, Africa",Commons category marks SVG as invalid,Category:Invalid SVG created with Adobe Illustrator:World maps,image/svg+xml,200,https://commons.wikimedia.org/wiki/File:Madagascar_in_Africa_(relief)_(-mini_map).svg
Madagascar in Africa (relief).svg,"Madagascar, Africa",Commons category marks SVG as invalid,Category:Invalid SVG created with Adobe Illustrator:World maps,image/svg+xml,200,https://commons.wikimedia.org/wiki/File:Madagascar_in_Africa_(relief).svg
Madagascar in its region.svg,Madagascar,Commons category marks SVG as invalid,Category:Invalid SVG created with Adobe Illustrator:World maps,image/svg+xml,200,https://commons.wikimedia.org/wiki/File:Madagascar_in_its_region.svg
Madagascar in the world (W3).svg,"Madagascar, the world",Commons category marks SVG as invalid,Category:Invalid SVG created with Adobe Illustrator:World maps,image/svg+xml,200,https://commons.wikimedia.org/wiki/File:Madagascar_in_the_world_(W3).svg
Madagascar on the globe (Africa centered).svg,Madagascar,Commons category marks SVG as invalid,Category:Invalid SVG created with Adobe Illustrator:World maps,image/svg+xml,200,https://commons.wikimedia.org/wiki/File:Madagascar_on_the_globe_(Africa_centered).svg
Madagascar on the globe (Madagascar centered).svg,Madagascar,Commons category marks SVG as invalid,Category:Invalid SVG created with Adobe Illustrator:World maps,image/svg+xml,200,https://commons.wikimedia.org/wiki/File:Madagascar_on_the_globe_(Madagascar_centered).svg
Madagascar on the globe (Zambia centered).svg,Madagascar,Commons category marks SVG as invalid,Category:Invalid SVG created with Adobe Illustrator:World maps,image/svg+xml,200,https://commons.wikimedia.org/wiki/File:Madagascar_on_the_globe_(Zambia_centered).svg
Maine in United States (US48).svg,"Maine, United States",Commons category marks SVG as invalid,Category:Invalid SVG created with Adobe Illustrator:Locator maps-USA,image/svg+xml,200,https://commons.wikimedia.org/wiki/File:Maine_in_United_States_(US48).svg
Maine in United States.svg,"Maine, United States",Commons category marks SVG as invalid,Category:Invalid SVG created with Adobe Illustrator:Locator maps-USA,image/svg+xml,200,https://commons.wikimedia.org/wiki/File:Maine_in_United_States.svg
Makedonija sr.svg,North Macedonia,Commons category marks SVG as invalid,Category:Invalid SVG created with QGIS:Maps,image/svg+xml,200,https://commons.wikimedia.org/wiki/File:Makedonija_sr.svg
Malaysia (orthographic projection).svg,Malaysia,Commons category marks SVG as invalid,Category:Invalid SVG created with Inkscape:World maps (gggs),image/svg+xml,200,https://commons.wikimedia.org/wiki/File:Malaysia_(orthographic_projection).svg
Manawatu-Wanganui in New Zealand.svg,"Manawatu-Wanganui, New Zealand",Commons category marks SVG as invalid,Category:Invalid SVG created with Adobe Illustrator:Maps,image/svg+xml,200,https://commons.wikimedia.org/wiki/File:Manawatu-Wanganui_in_New_Zealand.svg
Manica in Mozambique.svg,"Manica, Mozambique",Commons category marks SVG as invalid,Category:Invalid SVG created with Inkscape:Maps,image/svg+xml,200,https://commons.wikimedia.org/wiki/File:Manica_in_Mozambique.svg
Mantova in Italy.svg,"Mantova, Italy",Commons category marks SVG as invalid,Category:Invalid SVG created with Adobe Illustrator:Italian province maps,image/svg+xml,200,https://commons.wikimedia.org/wiki/File:Mantova_in_Italy.svg
Map of Finland-en.svg,Finland,Commons category marks SVG as invalid,Category:Invalid SVG created with Inkscape:Maps,image/svg+xml,200,https://commons.wikimedia.org/wiki/File:Map_of_Finland-en.svg
Map of Russia (2014–2022) - Tomsk Oblast.svg,federal subjects in Russia,Commons category marks SVG as invalid,Category:Invalid SVG created with Inkscape:Maps,image/svg+xml,200,https://commons.wikimedia.org/wiki/File:Map_of_Russia_(2014%E2%80%932022)_-_Tomsk_Oblast.svg
Map of the Republic of Macedonia-mk.svg,North Macedonia,Commons category marks SVG as invalid,Category:Invalid SVG created with QGIS:Maps,image/svg+xml,200,https://commons.wikimedia.org/wiki/File:Map_of_the_Republic_of_Macedonia-mk.svg
Map of USA without state names.svg,the United States,Commons category marks SVG as invalid,Category:Invalid SVG created with Adobe Illustrator:Maps,image/svg+xml,200,https://commons.wikimedia.org/wiki/File:Map_of_USA_without_state_names.svg
Mapa de localització a les comarques valencianes.svg,comarques of the Land of Valencia,Commons category marks SVG as invalid,Category:Invalid SVG created with Inkscape:Maps,image/svg+xml,200,https://commons.wikimedia.org/wiki/File:Mapa_de_localitzaci%C3%B3_a_les_comarques_valencianes.svg
Maputo City in Mozambique.svg,"Maputo City, Mozambique",Commons category marks SVG as invalid,Category:Invalid SVG created with Inkscape:Maps,image/svg+xml,200,https://commons.wikimedia.org/wiki/File:Maputo_City_in_Mozambique.svg
Maputo Province in Mozambique.svg,"Maputo Province, Mozambique",Commons category marks SVG as invalid,Category:Invalid SVG created with Inkscape:Maps,image/svg+xml,200,https://commons.wikimedia.org/wiki/File:Maputo_Province_in_Mozambique.svg
Maranhão in Brazil (1822).svg,"Maranhão, Brazil (1822)",Commons category marks SVG as invalid,Category:Invalid SVG created with Inkscape:Maps,image/svg+xml,200,https://commons.wikimedia.org/wiki/File:Maranh%C3%A3o_in_Brazil_(1822).svg
Marches in Italy.svg,"Marches, Italy",Commons category marks SVG as invalid,Category:Invalid SVG created with Adobe Illustrator:Maps,image/svg+xml,200,https://commons.wikimedia.org/wiki/File:Marches_in_Italy.svg
Maria Trinidad Sanchez in Dominican Republic.svg,"Maria Trinidad Sanchez, Dominican Republic",Commons category marks SVG as invalid,Category:Invalid SVG created with Adobe Illustrator:Locator maps,image/svg+xml,200,https://commons.wikimedia.org/wiki/File:Maria_Trinidad_Sanchez_in_Dominican_Republic.svg
Markapuram in Andhra Pradesh (India).svg,"Markapuram, Andhra Pradesh, India",Commons category marks SVG as invalid,Category:Invalid SVG created with Inkscape:Locator maps,image/svg+xml,200,https://commons.wikimedia.org/wiki/File:Markapuram_in_Andhra_Pradesh_(India).svg
Marlborough in New Zealand.svg,"Marlborough, New Zealand",Commons category marks SVG as invalid,Category:Invalid SVG created with Adobe Illustrator:Maps,image/svg+xml,200,https://commons.wikimedia.org/wiki/File:Marlborough_in_New_Zealand.svg
Maros-Torda vármegye in Hungary.svg,"Maros-Torda vármegye, Hungary, the Kingdom of Hungary",Commons category marks SVG as invalid,Category:Invalid SVG created with Adobe Illustrator:Locator maps-Hungary,image/svg+xml,200,https://commons.wikimedia.org/wiki/File:Maros-Torda_v%C3%A1rmegye_in_Hungary.svg
Maryland in United States (US48).svg,"Maryland, United States",Commons category marks SVG as invalid,Category:Invalid SVG created with Adobe Illustrator:Locator maps-USA,image/svg+xml,200,https://commons.wikimedia.org/wiki/File:Maryland_in_United_States_(US48).svg
Maryland in United States (zoom) (US48).svg,"Maryland, United States",Commons category marks SVG as invalid,Category:Invalid SVG created with Adobe Illustrator:Locator maps-USA,image/svg+xml,200,https://commons.wikimedia.org/wiki/File:Maryland_in_United_States_(zoom)_(US48).svg
Maryland in United States (zoom).svg,"Maryland, United States",Commons category marks SVG as invalid,Category:Invalid SVG created with Adobe Illustrator:Locator maps-USA,image/svg+xml,200,https://commons.wikimedia.org/wiki/File:Maryland_in_United_States_(zoom).svg
Maryland in United States.svg,"Maryland, United States",Commons category marks SVG as invalid,Category:Invalid SVG created with Adobe Illustrator:Locator maps-USA,image/svg+xml,200,https://commons.wikimedia.org/wiki/File:Maryland_in_United_States.svg
Massachusetts in United States (US48).svg,"Massachusetts, United States",Commons category marks SVG as invalid,Category:Invalid SVG created with Adobe Illustrator:Locator maps-USA,image/svg+xml,200,https://commons.wikimedia.org/wiki/File:Massachusetts_in_United_States_(US48).svg
Massachusetts in United States (zoom) (US48).svg,"Massachusetts, United States",Commons category marks SVG as invalid,Category:Invalid SVG created with Adobe Illustrator:Locator maps-USA,image/svg+xml,200,https://commons.wikimedia.org/wiki/File:Massachusetts_in_United_States_(zoom)_(US48).svg
Massachusetts in United States (zoom).svg,"Massachusetts, United States",Commons category marks SVG as invalid,Category:Invalid SVG created with Adobe Illustrator:Locator maps-USA,image/svg+xml,200,https://commons.wikimedia.org/wiki/File:Massachusetts_in_United_States_(zoom).svg
Massachusetts in United States.svg,"Massachusetts, United States",Commons category marks SVG as invalid,Category:Invalid SVG created with Adobe Illustrator:Locator maps-USA,image/svg+xml,200,https://commons.wikimedia.org/wiki/File:Massachusetts_in_United_States.svg
Matanzas in Cuba.svg,"Matanzas, Cuba",Commons category marks SVG as invalid,Category:Invalid SVG created with Adobe Illustrator:Cuba maps,image/svg+xml,200,https://commons.wikimedia.org/wiki/File:Matanzas_in_Cuba.svg
Matera in Italy.svg,"Matera, Italy",Commons category marks SVG as invalid,Category:Invalid SVG created with Adobe Illustrator:Italian province maps,image/svg+xml,200,https://commons.wikimedia.org/wiki/File:Matera_in_Italy.svg
Mato Grosso in Brazil (1822).svg,"Mato Grosso, Brazil (1822)",Commons category marks SVG as invalid,Category:Invalid SVG created with Inkscape:Maps,image/svg+xml,200,https://commons.wikimedia.org/wiki/File:Mato_Grosso_in_Brazil_(1822).svg
Mayabeque in Cuba.svg,"Mayabeque, Cuba",Commons category marks SVG as invalid,Category:Invalid SVG created with Adobe Illustrator:Cuba maps,image/svg+xml,200,https://commons.wikimedia.org/wiki/File:Mayabeque_in_Cuba.svg
MDG orthographic.svg,Madagascar,Commons category marks SVG as invalid,Category:Invalid SVG created with Inkscape:World maps (gggs),image/svg+xml,200,https://commons.wikimedia.org/wiki/File:MDG_orthographic.svg
Medio Campidano in Italy (2001–2016).svg,"Medio Campidano, Italy (2001–2016)",Commons category marks SVG as invalid,Category:Invalid SVG created with Adobe Illustrator:Italian province maps,image/svg+xml,200,https://commons.wikimedia.org/wiki/File:Medio_Campidano_in_Italy_(2001%E2%80%932016).svg
Mercator Projection.svg,the world with small regions drawn as circles,Commons category marks SVG as invalid,Category:Invalid SVG created with Inkscape:World maps,image/svg+xml,200,https://commons.wikimedia.org/wiki/File:Mercator_Projection.svg
Merida in Venezuela (+claimed).svg,"Merida, Venezuela",Commons category marks SVG as invalid,Category:Invalid SVG created with Adobe Illustrator:Maps,image/svg+xml,200,https://commons.wikimedia.org/wiki/File:Merida_in_Venezuela_(%2Bclaimed).svg
Merida in Venezuela.svg,"Merida, Venezuela",Commons category marks SVG as invalid,Category:Invalid SVG created with Adobe Illustrator:Maps,image/svg+xml,200,https://commons.wikimedia.org/wiki/File:Merida_in_Venezuela.svg
Merthyr Tydfil in Wales.svg,"Merthyr Tydfil, Wales",Commons category marks SVG as invalid,Category:Invalid SVG created with Adobe Illustrator:Locator maps-Wales,image/svg+xml,200,https://commons.wikimedia.org/wiki/File:Merthyr_Tydfil_in_Wales.svg
Messina in Italy.svg,"Messina, Italy",Commons category marks SVG as invalid,Category:Invalid SVG created with Adobe Illustrator:Italian province maps,image/svg+xml,200,https://commons.wikimedia.org/wiki/File:Messina_in_Italy.svg
Mexico (orthographic projection).svg,Mexico in the world,Commons category marks SVG as invalid,Category:Invalid SVG created with Inkscape:World maps (gggs),image/svg+xml,200,https://commons.wikimedia.org/wiki/File:Mexico_(orthographic_projection).svg
Mexico location of Baja California Sur.svg,states in Mexico,Commons category marks SVG as invalid,Category:Invalid SVG created with Inkscape:Locator maps,image/svg+xml,200,https://commons.wikimedia.org/wiki/File:Mexico_location_of_Baja_California_Sur.svg
Mexico location of Baja California.svg,states in Mexico,Commons category marks SVG as invalid,Category:Invalid SVG created with Inkscape:Locator maps,image/svg+xml,200,https://commons.wikimedia.org/wiki/File:Mexico_location_of_Baja_California.svg
Mexico location of Campeche.svg,states in Mexico,Commons category marks SVG as invalid,Category:Invalid SVG created with Inkscape:Locator maps,image/svg+xml,200,https://commons.wikimedia.org/wiki/File:Mexico_location_of_Campeche.svg
Mexico location of Chiapas.svg,states in Mexico,Commons category marks SVG as invalid,Category:Invalid SVG created with Inkscape:Locator maps,image/svg+xml,200,https://commons.wikimedia.org/wiki/File:Mexico_location_of_Chiapas.svg
Mexico location of Chihuahua.svg,states in Mexico,Commons category marks SVG as invalid,Category:Invalid SVG created with Inkscape:Locator maps,image/svg+xml,200,https://commons.wikimedia.org/wiki/File:Mexico_location_of_Chihuahua.svg
Mexico location of Coahuila.svg,states in Mexico,Commons category marks SVG as invalid,Category:Invalid SVG created with Inkscape:Locator maps,image/svg+xml,200,https://commons.wikimedia.org/wiki/File:Mexico_location_of_Coahuila.svg
Mexico location of Colima.svg,states in Mexico,Commons category marks SVG as invalid,Category:Invalid SVG created with Inkscape:Locator maps,image/svg+xml,200,https://commons.wikimedia.org/wiki/File:Mexico_location_of_Colima.svg
Mexico location of Nayarit.svg,states in Mexico,Commons category marks SVG as invalid,Category:Invalid SVG created with Inkscape:Locator maps,image/svg+xml,200,https://commons.wikimedia.org/wiki/File:Mexico_location_of_Nayarit.svg
Mexico location of Oaxaca.svg,states in Mexico,Commons category marks SVG as invalid,Category:Invalid SVG created with Inkscape:Locator maps,image/svg+xml,200,https://commons.wikimedia.org/wiki/File:Mexico_location_of_Oaxaca.svg
Mexico location of Puebla.svg,states in Mexico,Commons category marks SVG as invalid,Category:Invalid SVG created with Inkscape:Locator maps,image/svg+xml,200,https://commons.wikimedia.org/wiki/File:Mexico_location_of_Puebla.svg
Mexico location of Queretaro.svg,states in Mexico,Commons category marks SVG as invalid,Category:Invalid SVG created with Inkscape:Locator maps,image/svg+xml,200,https://commons.wikimedia.org/wiki/File:Mexico_location_of_Queretaro.svg
Mexico location of San Luis Potosi.svg,states in Mexico,Commons category marks SVG as invalid,Category:Invalid SVG created with Inkscape:Locator maps,image/svg+xml,200,https://commons.wikimedia.org/wiki/File:Mexico_location_of_San_Luis_Potosi.svg
Mexico location of Sinaloa.svg,states in Mexico,Commons category marks SVG as invalid,Category:Invalid SVG created with Inkscape:Locator maps,image/svg+xml,200,https://commons.wikimedia.org/wiki/File:Mexico_location_of_Sinaloa.svg
Mexico location of Tlaxcala.svg,states in Mexico,Commons category marks SVG as invalid,Category:Invalid SVG created with Inkscape:Locator maps,image/svg+xml,200,https://commons.wikimedia.org/wiki/File:Mexico_location_of_Tlaxcala.svg
Mexico on the globe (North America centered).svg,Mexico,Commons category marks SVG as invalid,Category:Invalid SVG created with Adobe Illustrator:World maps,image/svg+xml,200,https://commons.wikimedia.org/wiki/File:Mexico_on_the_globe_(North_America_centered).svg
Mexico on the globe.svg,Mexico,Commons category marks SVG as invalid,Category:Invalid SVG created with Inkscape:World maps,image/svg+xml,200,https://commons.wikimedia.org/wiki/File:Mexico_on_the_globe.svg
Michigan in United States (US48).svg,"Michigan, United States",Commons category marks SVG as invalid,Category:Invalid SVG created with Adobe Illustrator:Locator maps-USA,image/svg+xml,200,https://commons.wikimedia.org/wiki/File:Michigan_in_United_States_(US48).svg
Mie in Japan (extended).svg,"Mie, Japan (extended)",Commons category marks SVG as invalid,Category:Invalid SVG created with Adobe Illustrator:Japanese prefecture maps,image/svg+xml,200,https://commons.wikimedia.org/wiki/File:Mie_in_Japan_(extended).svg
Mie in Japan (narrow).svg,"Mie, Japan (narrow)",Commons category marks SVG as invalid,Category:Invalid SVG created with Adobe Illustrator:Japanese prefecture maps,image/svg+xml,200,https://commons.wikimedia.org/wiki/File:Mie_in_Japan_(narrow).svg
Mie in Japan.svg,"Mie, Japan",Commons category marks SVG as invalid,Category:Invalid SVG created with Adobe Illustrator:Japanese prefecture maps,image/svg+xml,200,https://commons.wikimedia.org/wiki/File:Mie_in_Japan.svg
Milano in Italy.svg,"Milano, Italy",Commons category marks SVG as invalid,Category:Invalid SVG created with Adobe Illustrator:Italian province maps,image/svg+xml,200,https://commons.wikimedia.org/wiki/File:Milano_in_Italy.svg
Minas Gerais in Brazil (1822).svg,"Minas Gerais, Brazil (1822)",Commons category marks SVG as invalid,Category:Invalid SVG created with Inkscape:Maps,image/svg+xml,200,https://commons.wikimedia.org/wiki/File:Minas_Gerais_in_Brazil_(1822).svg
Minnesota in United States (US48).svg,"Minnesota, United States",Commons category marks SVG as invalid,Category:Invalid SVG created with Adobe Illustrator:Locator maps-USA,image/svg+xml,200,https://commons.wikimedia.org/wiki/File:Minnesota_in_United_States_(US48).svg
Minnesota in United States.svg,"Minnesota, United States",Commons category marks SVG as invalid,Category:Invalid SVG created with Adobe Illustrator:Locator maps-USA,image/svg+xml,200,https://commons.wikimedia.org/wiki/File:Minnesota_in_United_States.svg
Miranda in Venezuela (+claimed).svg,"Miranda, Venezuela",Commons category marks SVG as invalid,Category:Invalid SVG created with Adobe Illustrator:Maps,image/svg+xml,200,https://commons.wikimedia.org/wiki/File:Miranda_in_Venezuela_(%2Bclaimed).svg
Miranda in Venezuela.svg,"Miranda, Venezuela",Commons category marks SVG as invalid,Category:Invalid SVG created with Adobe Illustrator:Maps,image/svg+xml,200,https://commons.wikimedia.org/wiki/File:Miranda_in_Venezuela.svg
Mississippi in United States (US48).svg,"Mississippi, United States",Commons category marks SVG as invalid,Category:Invalid SVG created with Adobe Illustrator:Locator maps-USA,image/svg+xml,200,https://commons.wikimedia.org/wiki/File:Mississippi_in_United_States_(US48).svg
Mississippi in United States.svg,"Mississippi, United States",Commons category marks SVG as invalid,Category:Invalid SVG created with Adobe Illustrator:Locator maps-USA,image/svg+xml,200,https://commons.wikimedia.org/wiki/File:Mississippi_in_United_States.svg
Missouri in United States (US48).svg,"Missouri, United States",Commons category marks SVG as invalid,Category:Invalid SVG created with Adobe Illustrator:Locator maps-USA,image/svg+xml,200,https://commons.wikimedia.org/wiki/File:Missouri_in_United_States_(US48).svg
Missouri in United States.svg,"Missouri, United States",Commons category marks SVG as invalid,Category:Invalid SVG created with Adobe Illustrator:Locator maps-USA,image/svg+xml,200,https://commons.wikimedia.org/wiki/File:Missouri_in_United_States.svg
Miyagi in Japan (extended).svg,"Miyagi, Japan (extended)",Commons category marks SVG as invalid,Category:Invalid SVG created with Adobe Illustrator:Japanese prefecture maps,image/svg+xml,200,https://commons.wikimedia.org/wiki/File:Miyagi_in_Japan_(extended).svg
Miyagi in Japan (narrow).svg,"Miyagi, Japan (narrow)",Commons category marks SVG as invalid,Category:Invalid SVG created with Adobe Illustrator:Japanese prefecture maps,image/svg+xml,200,https://commons.wikimedia.org/wiki/File:Miyagi_in_Japan_(narrow).svg
Miyagi in Japan.svg,"Miyagi, Japan",Commons category marks SVG as invalid,Category:Invalid SVG created with Adobe Illustrator:Japanese prefecture maps,image/svg+xml,200,https://commons.wikimedia.org/wiki/File:Miyagi_in_Japan.svg
Miyazaki in Japan (extended).svg,"Miyazaki, Japan (extended)",Commons category marks SVG as invalid,Category:Invalid SVG created with Adobe Illustrator:Japanese prefecture maps,image/svg+xml,200,https://commons.wikimedia.org/wiki/File:Miyazaki_in_Japan_(extended).svg
Miyazaki in Japan (narrow).svg,"Miyazaki, Japan (narrow)",Commons category marks SVG as invalid,Category:Invalid SVG created with Adobe Illustrator:Japanese prefecture maps,image/svg+xml,200,https://commons.wikimedia.org/wiki/File:Miyazaki_in_Japan_(narrow).svg
Miyazaki in Japan.svg,"Miyazaki, Japan",Commons category marks SVG as invalid,Category:Invalid SVG created with Adobe Illustrator:Japanese prefecture maps,image/svg+xml,200,https://commons.wikimedia.org/wiki/File:Miyazaki_in_Japan.svg
Modena in Italy.svg,"Modena, Italy",Commons category marks SVG as invalid,Category:Invalid SVG created with Adobe Illustrator:Italian province maps,image/svg+xml,200,https://commons.wikimedia.org/wiki/File:Modena_in_Italy.svg
Modrus-Fiume vármegye in Hungary.svg,"Modrus-Fiume vármegye, Hungary, the Kingdom of Hungary",Commons category marks SVG as invalid,Category:Invalid SVG created with Adobe Illustrator:Locator maps-Hungary,image/svg+xml,200,https://commons.wikimedia.org/wiki/File:Modrus-Fiume_v%C3%A1rmegye_in_Hungary.svg
Molise in Italy.svg,"Molise, Italy",Commons category marks SVG as invalid,Category:Invalid SVG created with Adobe Illustrator:Maps,image/svg+xml,200,https://commons.wikimedia.org/wiki/File:Molise_in_Italy.svg
Monagas in Venezuela (+claimed).svg,"Monagas, Venezuela",Commons category marks SVG as invalid,Category:Invalid SVG created with Adobe Illustrator:Maps,image/svg+xml,200,https://commons.wikimedia.org/wiki/File:Monagas_in_Venezuela_(%2Bclaimed).svg
Monagas in Venezuela.svg,"Monagas, Venezuela",Commons category marks SVG as invalid,Category:Invalid SVG created with Adobe Illustrator:Maps,image/svg+xml,200,https://commons.wikimedia.org/wiki/File:Monagas_in_Venezuela.svg
Mongolia Area in Republic of China.svg,"Mongolia Area, Republic of China",Commons category reports broken file links,Category:Files with broken file links,image/svg+xml,200,https://commons.wikimedia.org/wiki/File:Mongolia_Area_in_Republic_of_China.svg
Monmouthshire in Wales.svg,"Monmouthshire, Wales",Commons category marks SVG as invalid,Category:Invalid SVG created with Adobe Illustrator:Locator maps-Wales,image/svg+xml,200,https://commons.wikimedia.org/wiki/File:Monmouthshire_in_Wales.svg
Montana in United States (US48).svg,"Montana, United States",Commons category marks SVG as invalid,Category:Invalid SVG created with Adobe Illustrator:Locator maps-USA,image/svg+xml,200,https://commons.wikimedia.org/wiki/File:Montana_in_United_States_(US48).svg
Montana in United States.svg,"Montana, United States",Commons category marks SVG as invalid,Category:Invalid SVG created with Adobe Illustrator:Locator maps-USA,image/svg+xml,200,https://commons.wikimedia.org/wiki/File:Montana_in_United_States.svg
Montserrat in its region.svg,"Montserrat, the United Kingdom",Commons category marks SVG as invalid,Category:Invalid SVG created with Adobe Illustrator:Maps,image/svg+xml,200,https://commons.wikimedia.org/wiki/File:Montserrat_in_its_region.svg
Monza e Brianza in Italy.svg,"Monza e Brianza, Italy",Commons category marks SVG as invalid,Category:Invalid SVG created with Adobe Illustrator:Italian province maps,image/svg+xml,200,https://commons.wikimedia.org/wiki/File:Monza_e_Brianza_in_Italy.svg
Morocco on the globe (claimed + de-facto hatched) (Africa centered).svg,"Morocco, Africa",Commons category marks SVG as invalid,Category:Invalid SVG created with Adobe Illustrator:World maps,image/svg+xml,200,https://commons.wikimedia.org/wiki/File:Morocco_on_the_globe_(claimed_%2B_de-facto_hatched)_(Africa_centered).svg
Morocco on the globe (claimed hatched) (Africa centered).svg,"Morocco, Africa",Commons category marks SVG as invalid,Category:Invalid SVG created with Adobe Illustrator:World maps,image/svg+xml,200,https://commons.wikimedia.org/wiki/File:Morocco_on_the_globe_(claimed_hatched)_(Africa_centered).svg
Morocco on the globe (claimed) (Africa centered).svg,"Morocco, Africa",Commons category marks SVG as invalid,Category:Invalid SVG created with Adobe Illustrator:World maps,image/svg+xml,200,https://commons.wikimedia.org/wiki/File:Morocco_on_the_globe_(claimed)_(Africa_centered).svg
Morocco on the globe (undisputed) (Africa centered).svg,Morocco,Commons category marks SVG as invalid,Category:Invalid SVG created with Adobe Illustrator:World maps,image/svg+xml,200,https://commons.wikimedia.org/wiki/File:Morocco_on_the_globe_(undisputed)_(Africa_centered).svg
Moson vármegye in Hungary.svg,"Moson vármegye, Hungary, the Kingdom of Hungary",Commons category marks SVG as invalid,Category:Invalid SVG created with Adobe Illustrator:Locator maps-Hungary,image/svg+xml,200,https://commons.wikimedia.org/wiki/File:Moson_v%C3%A1rmegye_in_Hungary.svg
Mountain ranges of France map-fr.svg,mountain ranges of France,Commons category marks SVG as invalid,Category:Invalid SVG created with Inkscape:Maps,image/svg+xml,200,https://commons.wikimedia.org/wiki/File:Mountain_ranges_of_France_map-fr.svg
Mozambique on the globe (Africa centered).svg,Mozambique,Commons category marks SVG as invalid,Category:Invalid SVG created with Adobe Illustrator:World maps,image/svg+xml,200,https://commons.wikimedia.org/wiki/File:Mozambique_on_the_globe_(Africa_centered).svg
Máramaros vármegye in Hungary.svg,"Máramaros vármegye, Hungary, the Kingdom of Hungary",Commons category marks SVG as invalid,Category:Invalid SVG created with Adobe Illustrator:Locator maps-Hungary,image/svg+xml,200,https://commons.wikimedia.org/wiki/File:M%C3%A1ramaros_v%C3%A1rmegye_in_Hungary.svg
Nagano in Japan (extended).svg,"Nagano, Japan (extended)",Commons category marks SVG as invalid,Category:Invalid SVG created with Adobe Illustrator:Japanese prefecture maps,image/svg+xml,200,https://commons.wikimedia.org/wiki/File:Nagano_in_Japan_(extended).svg
Nagano in Japan (narrow).svg,"Nagano, Japan (narrow)",Commons category marks SVG as invalid,Category:Invalid SVG created with Adobe Illustrator:Japanese prefecture maps,image/svg+xml,200,https://commons.wikimedia.org/wiki/File:Nagano_in_Japan_(narrow).svg
Nagano in Japan.svg,"Nagano, Japan",Commons category marks SVG as invalid,Category:Invalid SVG created with Adobe Illustrator:Japanese prefecture maps,image/svg+xml,200,https://commons.wikimedia.org/wiki/File:Nagano_in_Japan.svg
Nagasaki in Japan (extended).svg,"Nagasaki, Japan (extended)",Commons category marks SVG as invalid,Category:Invalid SVG created with Adobe Illustrator:Japanese prefecture maps,image/svg+xml,200,https://commons.wikimedia.org/wiki/File:Nagasaki_in_Japan_(extended).svg
Nagasaki in Japan (narrow).svg,"Nagasaki, Japan (narrow)",Commons category marks SVG as invalid,Category:Invalid SVG created with Adobe Illustrator:Japanese prefecture maps,image/svg+xml,200,https://commons.wikimedia.org/wiki/File:Nagasaki_in_Japan_(narrow).svg
Nagasaki in Japan.svg,"Nagasaki, Japan",Commons category marks SVG as invalid,Category:Invalid SVG created with Adobe Illustrator:Japanese prefecture maps,image/svg+xml,200,https://commons.wikimedia.org/wiki/File:Nagasaki_in_Japan.svg
Nagy-Küküllő vármegye in Hungary.svg,"Nagy-Küküllő vármegye, Hungary, the Kingdom of Hungary",Commons category marks SVG as invalid,Category:Invalid SVG created with Adobe Illustrator:Locator maps-Hungary,image/svg+xml,200,https://commons.wikimedia.org/wiki/File:Nagy-K%C3%BCk%C3%BCll%C5%91_v%C3%A1rmegye_in_Hungary.svg
Nam Dinh in Vietnam before 1 July 2025.svg,"Nam Dinh, Vietnam before 1 July 2025",Commons category marks SVG as invalid,Category:Invalid SVG created with Adobe Illustrator:Maps of Vietnam,image/svg+xml,200,https://commons.wikimedia.org/wiki/File:Nam_Dinh_in_Vietnam_before_1_July_2025.svg
Nampula in Mozambique.svg,"Nampula, Mozambique",Commons category marks SVG as invalid,Category:Invalid SVG created with Inkscape:Maps,image/svg+xml,200,https://commons.wikimedia.org/wiki/File:Nampula_in_Mozambique.svg
Nandyal in Andhra Pradesh (India).svg,"Nandyal, Andhra Pradesh, India",Commons category marks SVG as invalid,Category:Invalid SVG created with Inkscape:Locator maps,image/svg+xml,200,https://commons.wikimedia.org/wiki/File:Nandyal_in_Andhra_Pradesh_(India).svg
Napoli in Italy.svg,"Napoli, Italy",Commons category marks SVG as invalid,Category:Invalid SVG created with Adobe Illustrator:Italian province maps,image/svg+xml,200,https://commons.wikimedia.org/wiki/File:Napoli_in_Italy.svg
Nara in Japan (extended).svg,"Nara, Japan (extended)",Commons category marks SVG as invalid,Category:Invalid SVG created with Adobe Illustrator:Japanese prefecture maps,image/svg+xml,200,https://commons.wikimedia.org/wiki/File:Nara_in_Japan_(extended).svg
Nara in Japan (narrow).svg,"Nara, Japan (narrow)",Commons category marks SVG as invalid,Category:Invalid SVG created with Adobe Illustrator:Japanese prefecture maps,image/svg+xml,200,https://commons.wikimedia.org/wiki/File:Nara_in_Japan_(narrow).svg
Nara in Japan.svg,"Nara, Japan",Commons category marks SVG as invalid,Category:Invalid SVG created with Adobe Illustrator:Japanese prefecture maps,image/svg+xml,200,https://commons.wikimedia.org/wiki/File:Nara_in_Japan.svg
Neath Port Talbot in Wales.svg,"Neath Port Talbot, Wales",Commons category marks SVG as invalid,Category:Invalid SVG created with Adobe Illustrator:Locator maps-Wales,image/svg+xml,200,https://commons.wikimedia.org/wiki/File:Neath_Port_Talbot_in_Wales.svg
Nebraska in United States (US48).svg,"Nebraska, United States",Commons category marks SVG as invalid,Category:Invalid SVG created with Adobe Illustrator:Locator maps-USA,image/svg+xml,200,https://commons.wikimedia.org/wiki/File:Nebraska_in_United_States_(US48).svg
Nebraska in United States.svg,"Nebraska, United States",Commons category marks SVG as invalid,Category:Invalid SVG created with Adobe Illustrator:Locator maps-USA,image/svg+xml,200,https://commons.wikimedia.org/wiki/File:Nebraska_in_United_States.svg
Nelson in New Zealand (special marker).svg,"Nelson, New Zealand",Commons category marks SVG as invalid,Category:Invalid SVG created with Adobe Illustrator:Maps,image/svg+xml,200,https://commons.wikimedia.org/wiki/File:Nelson_in_New_Zealand_(special_marker).svg
Nelson in New Zealand.svg,"Nelson, New Zealand",Commons category marks SVG as invalid,Category:Invalid SVG created with Adobe Illustrator:Maps,image/svg+xml,200,https://commons.wikimedia.org/wiki/File:Nelson_in_New_Zealand.svg
Nevada in United States (US48).svg,"Nevada, United States",Commons category marks SVG as invalid,Category:Invalid SVG created with Adobe Illustrator:Locator maps-USA,image/svg+xml,200,https://commons.wikimedia.org/wiki/File:Nevada_in_United_States_(US48).svg
Nevada in United States.svg,"Nevada, United States",Commons category marks SVG as invalid,Category:Invalid SVG created with Adobe Illustrator:Locator maps-USA,image/svg+xml,200,https://commons.wikimedia.org/wiki/File:Nevada_in_United_States.svg
New Caledonia in its region (special marker).svg,New Caledonia,Commons category marks SVG as invalid,Category:Invalid SVG created with Adobe Illustrator:Maps,image/svg+xml,200,https://commons.wikimedia.org/wiki/File:New_Caledonia_in_its_region_(special_marker).svg
New Caledonia on the globe (Oceania centered).svg,"New Caledonia, France",Commons category marks SVG as invalid,Category:Invalid SVG created with Adobe Illustrator:World maps,image/svg+xml,200,https://commons.wikimedia.org/wiki/File:New_Caledonia_on_the_globe_(Oceania_centered).svg
New Hampshire in United States (US48).svg,"New Hampshire, United States",Commons category marks SVG as invalid,Category:Invalid SVG created with Adobe Illustrator:Locator maps-USA,image/svg+xml,200,https://commons.wikimedia.org/wiki/File:New_Hampshire_in_United_States_(US48).svg
New Hampshire in United States (zoom) (US48).svg,"New Hampshire, United States",Commons category marks SVG as invalid,Category:Invalid SVG created with Adobe Illustrator:Locator maps-USA,image/svg+xml,200,https://commons.wikimedia.org/wiki/File:New_Hampshire_in_United_States_(zoom)_(US48).svg
New Hampshire in United States (zoom).svg,"New Hampshire, United States",Commons category marks SVG as invalid,Category:Invalid SVG created with Adobe Illustrator:Locator maps-USA,image/svg+xml,200,https://commons.wikimedia.org/wiki/File:New_Hampshire_in_United_States_(zoom).svg
New Hampshire in United States.svg,"New Hampshire, United States",Commons category marks SVG as invalid,Category:Invalid SVG created with Adobe Illustrator:Locator maps-USA,image/svg+xml,200,https://commons.wikimedia.org/wiki/File:New_Hampshire_in_United_States.svg
New Jersey in United States (US48).svg,"New Jersey, United States",Commons category marks SVG as invalid,Category:Invalid SVG created with Adobe Illustrator:Locator maps-USA,image/svg+xml,200,https://commons.wikimedia.org/wiki/File:New_Jersey_in_United_States_(US48).svg
New Jersey in United States (zoom) (US48).svg,"New Jersey, United States",Commons category marks SVG as invalid,Category:Invalid SVG created with Adobe Illustrator:Locator maps-USA,image/svg+xml,200,https://commons.wikimedia.org/wiki/File:New_Jersey_in_United_States_(zoom)_(US48).svg
New Jersey in United States (zoom).svg,"New Jersey, United States",Commons category marks SVG as invalid,Category:Invalid SVG created with Adobe Illustrator:Locator maps-USA,image/svg+xml,200,https://commons.wikimedia.org/wiki/File:New_Jersey_in_United_States_(zoom).svg
New Jersey in United States.svg,"New Jersey, United States",Commons category marks SVG as invalid,Category:Invalid SVG created with Adobe Illustrator:Locator maps-USA,image/svg+xml,200,https://commons.wikimedia.org/wiki/File:New_Jersey_in_United_States.svg
New Mexico in United States.svg,"New Mexico, United States",Commons category marks SVG as invalid,Category:Invalid SVG created with Adobe Illustrator:Locator maps-USA,image/svg+xml,200,https://commons.wikimedia.org/wiki/File:New_Mexico_in_United_States.svg
New York in United States (US48).svg,"New York, United States",Commons category marks SVG as invalid,Category:Invalid SVG created with Adobe Illustrator:Locator maps-USA,image/svg+xml,200,https://commons.wikimedia.org/wiki/File:New_York_in_United_States_(US48).svg
New Zealand locator map blank.svg,New Zealand,Commons category marks SVG as invalid,Category:Invalid SVG created with Adobe Illustrator:Maps,image/svg+xml,200,https://commons.wikimedia.org/wiki/File:New_Zealand_locator_map_blank.svg
New Zealand on the globe (Oceania centered).svg,New Zealand,Commons category marks SVG as invalid,Category:Invalid SVG created with Adobe Illustrator:World maps,image/svg+xml,200,https://commons.wikimedia.org/wiki/File:New_Zealand_on_the_globe_(Oceania_centered).svg
Newport in Wales.svg,"Newport, Wales",Commons category marks SVG as invalid,Category:Invalid SVG created with Adobe Illustrator:Locator maps-Wales,image/svg+xml,200,https://commons.wikimedia.org/wiki/File:Newport_in_Wales.svg
Nghe An in Viet Nam.svg,"Nghe An, Viet Nam",Commons category marks SVG as invalid,Category:Invalid SVG created with Adobe Illustrator:Maps of Vietnam,image/svg+xml,200,https://commons.wikimedia.org/wiki/File:Nghe_An_in_Viet_Nam.svg
Nghe An in Vietnam before 1 July 2025.svg,"Nghe An, Vietnam before 1 July 2025",Commons category marks SVG as invalid,Category:Invalid SVG created with Adobe Illustrator:Maps of Vietnam,image/svg+xml,200,https://commons.wikimedia.org/wiki/File:Nghe_An_in_Vietnam_before_1_July_2025.svg
Niari in Congo.svg,"Niari, Congo",Commons category marks SVG as invalid,Category:Invalid SVG created with Adobe Illustrator,image/svg+xml,200,https://commons.wikimedia.org/wiki/File:Niari_in_Congo.svg
Niassa in Mozambique.svg,"Niassa, Mozambique",Commons category marks SVG as invalid,Category:Invalid SVG created with Inkscape:Maps,image/svg+xml,200,https://commons.wikimedia.org/wiki/File:Niassa_in_Mozambique.svg
Niederösterreich in Austria.svg,"Niederösterreich, Austria",Commons category marks SVG as invalid,Category:Invalid SVG created with Adobe Illustrator:Locator maps-Austria,image/svg+xml,200,https://commons.wikimedia.org/wiki/File:Nieder%C3%B6sterreich_in_Austria.svg
Niigata in Japan (extended).svg,"Niigata, Japan (extended)",Commons category marks SVG as invalid,Category:Invalid SVG created with Adobe Illustrator:Japanese prefecture maps,image/svg+xml,200,https://commons.wikimedia.org/wiki/File:Niigata_in_Japan_(extended).svg
Niigata in Japan (narrow).svg,"Niigata, Japan (narrow)",Commons category marks SVG as invalid,Category:Invalid SVG created with Adobe Illustrator:Japanese prefecture maps,image/svg+xml,200,https://commons.wikimedia.org/wiki/File:Niigata_in_Japan_(narrow).svg
Niigata in Japan.svg,"Niigata, Japan",Commons category marks SVG as invalid,Category:Invalid SVG created with Adobe Illustrator:Japanese prefecture maps,image/svg+xml,200,https://commons.wikimedia.org/wiki/File:Niigata_in_Japan.svg
Ninghsia in Republic of China.svg,"Ninghsia, Republic of China",Commons category reports broken file links,Category:Files with broken file links,image/svg+xml,200,https://commons.wikimedia.org/wiki/File:Ninghsia_in_Republic_of_China.svg
Ninh Binh in Viet Nam.svg,"Ninh Binh, Viet Nam",Commons category marks SVG as invalid,Category:Invalid SVG created with Adobe Illustrator:Maps of Vietnam,image/svg+xml,200,https://commons.wikimedia.org/wiki/File:Ninh_Binh_in_Viet_Nam.svg
Ninh Binh in Vietnam before 1 July 2025 (special marker).svg,"Ninh Binh, Vietnam before 1 July 2025",Commons category marks SVG as invalid,Category:Invalid SVG created with Adobe Illustrator:Maps of Vietnam,image/svg+xml,200,https://commons.wikimedia.org/wiki/File:Ninh_Binh_in_Vietnam_before_1_July_2025_(special_marker).svg
Ninh Binh in Vietnam before 1 July 2025.svg,"Ninh Binh, Vietnam before 1 July 2025",Commons category marks SVG as invalid,Category:Invalid SVG created with Adobe Illustrator:Maps of Vietnam,image/svg+xml,200,https://commons.wikimedia.org/wiki/File:Ninh_Binh_in_Vietnam_before_1_July_2025.svg
Ninh Thuan in Vietnam before 1 July 2025.svg,"Ninh Thuan, Vietnam before 1 July 2025",Commons category marks SVG as invalid,Category:Invalid SVG created with Adobe Illustrator:Maps of Vietnam,image/svg+xml,200,https://commons.wikimedia.org/wiki/File:Ninh_Thuan_in_Vietnam_before_1_July_2025.svg
North america98.svg,North America with subnational borders,Commons category marks SVG as invalid,Category:Invalid SVG created with Other tools:Maps,image/svg+xml,200,https://commons.wikimedia.org/wiki/File:North_america98.svg
North Backa in Serbia.svg,"North Backa, Serbia",Commons category marks SVG as invalid,Category:Invalid SVG created with Adobe Illustrator:Maps,image/svg+xml,200,https://commons.wikimedia.org/wiki/File:North_Backa_in_Serbia.svg
North Carolina in United States (US48).svg,"North Carolina, United States",Commons category marks SVG as invalid,Category:Invalid SVG created with Adobe Illustrator:Locator maps-USA,image/svg+xml,200,https://commons.wikimedia.org/wiki/File:North_Carolina_in_United_States_(US48).svg
North Carolina in United States.svg,"North Carolina, United States",Commons category marks SVG as invalid,Category:Invalid SVG created with Adobe Illustrator:Locator maps-USA,image/svg+xml,200,https://commons.wikimedia.org/wiki/File:North_Carolina_in_United_States.svg
North Dakota in United States (US48).svg,"North Dakota, United States",Commons category marks SVG as invalid,Category:Invalid SVG created with Adobe Illustrator:Locator maps-USA,image/svg+xml,200,https://commons.wikimedia.org/wiki/File:North_Dakota_in_United_States_(US48).svg
North Dakota in United States.svg,"North Dakota, United States",Commons category marks SVG as invalid,Category:Invalid SVG created with Adobe Illustrator:Locator maps-USA,image/svg+xml,200,https://commons.wikimedia.org/wiki/File:North_Dakota_in_United_States.svg
North East Combined Authority locator map.svg,the United Kingdom,Commons category marks SVG as invalid,Category:Invalid SVG created with Inkscape:Maps,image/svg+xml,200,https://commons.wikimedia.org/wiki/File:North_East_Combined_Authority_locator_map.svg
North Korea on the globe (Japan centered).svg,North Korea,Commons category marks SVG as invalid,Category:Invalid SVG created with Adobe Illustrator:World maps,image/svg+xml,200,https://commons.wikimedia.org/wiki/File:North_Korea_on_the_globe_(Japan_centered).svg
North Korean missile range.svg,North Korea,Commons category marks SVG as invalid,Category:Invalid SVG created with Other tools:World maps,image/svg+xml,200,https://commons.wikimedia.org/wiki/File:North_Korean_missile_range.svg
North Rhine-Westphalia location map 03.svg,North Rhine-Westphalia,Commons category marks SVG as invalid,Category:Invalid SVG created with Adobe Illustrator:Maps,image/svg+xml,200,https://commons.wikimedia.org/wiki/File:North_Rhine-Westphalia_location_map_03.svg
North Rhine-Westphalia location map 05.svg,North Rhine-Westphalia,Commons category marks SVG as invalid,Category:Invalid SVG created with Adobe Illustrator:Maps,image/svg+xml,200,https://commons.wikimedia.org/wiki/File:North_Rhine-Westphalia_location_map_05.svg
Northern Bahr el Ghazal in South Sudan (+Kafia Kingi).svg,"Northern Bahr el Ghazal, South Sudan (+Kafia Kingi)",Commons category marks SVG as invalid,Category:Invalid SVG created with Adobe Illustrator:Maps,image/svg+xml,200,https://commons.wikimedia.org/wiki/File:Northern_Bahr_el_Ghazal_in_South_Sudan_(%2BKafia_Kingi).svg
Northern Bahr el Ghazal in South Sudan.svg,"Northern Bahr el Ghazal, South Sudan",Commons category marks SVG as invalid,Category:Invalid SVG created with Adobe Illustrator:Maps,image/svg+xml,200,https://commons.wikimedia.org/wiki/File:Northern_Bahr_el_Ghazal_in_South_Sudan.svg
Northern Ireland in United Kingdom.svg,"Northern Ireland, United Kingdom",Commons category marks SVG as invalid,Category:Invalid SVG created with Adobe Illustrator:Maps,image/svg+xml,200,https://commons.wikimedia.org/wiki/File:Northern_Ireland_in_United_Kingdom.svg
Northland in New Zealand.svg,"Northland, New Zealand",Commons category marks SVG as invalid,Category:Invalid SVG created with Adobe Illustrator:Maps,image/svg+xml,200,https://commons.wikimedia.org/wiki/File:Northland_in_New_Zealand.svg
Northumberland in England.svg,"Northumberland, England",Commons category marks SVG as invalid,Category:Invalid SVG created with Adobe Illustrator:Maps,image/svg+xml,200,https://commons.wikimedia.org/wiki/File:Northumberland_in_England.svg
Nova Scotia in Canada.svg,"Nova Scotia, Canada",Commons category marks SVG as invalid,Category:Invalid SVG created with Adobe Illustrator:Maps,image/svg+xml,200,https://commons.wikimedia.org/wiki/File:Nova_Scotia_in_Canada.svg
Novara in Italy.svg,"Novara, Italy",Commons category marks SVG as invalid,Category:Invalid SVG created with Adobe Illustrator:Italian province maps,image/svg+xml,200,https://commons.wikimedia.org/wiki/File:Novara_in_Italy.svg
NTR in Andhra Pradesh (India).svg,"NTR, Andhra Pradesh, India",Commons category marks SVG as invalid,Category:Invalid SVG created with Inkscape:Locator maps,image/svg+xml,200,https://commons.wikimedia.org/wiki/File:NTR_in_Andhra_Pradesh_(India).svg
Nueva Esparta in Venezuela (+claimed).svg,"Nueva Esparta, Venezuela",Commons category marks SVG as invalid,Category:Invalid SVG created with Adobe Illustrator:Maps,image/svg+xml,200,https://commons.wikimedia.org/wiki/File:Nueva_Esparta_in_Venezuela_(%2Bclaimed).svg
Nueva Esparta in Venezuela (special marker) (+claimed).svg,"Nueva Esparta, Venezuela",Commons category marks SVG as invalid,Category:Invalid SVG created with Adobe Illustrator:Maps,image/svg+xml,200,https://commons.wikimedia.org/wiki/File:Nueva_Esparta_in_Venezuela_(special_marker)_(%2Bclaimed).svg
Nueva Esparta in Venezuela (special marker).svg,"Nueva Esparta, Venezuela",Commons category marks SVG as invalid,Category:Invalid SVG created with Adobe Illustrator:Maps,image/svg+xml,200,https://commons.wikimedia.org/wiki/File:Nueva_Esparta_in_Venezuela_(special_marker).svg
Nueva Esparta in Venezuela.svg,"Nueva Esparta, Venezuela",Commons category marks SVG as invalid,Category:Invalid SVG created with Adobe Illustrator:Maps,image/svg+xml,200,https://commons.wikimedia.org/wiki/File:Nueva_Esparta_in_Venezuela.svg
Nunkiang in Republic of China.svg,"Nunkiang, Republic of China",Commons category reports broken file links,Category:Files with broken file links,image/svg+xml,200,https://commons.wikimedia.org/wiki/File:Nunkiang_in_Republic_of_China.svg
Nuoro in Italy (2001–2016).svg,"Nuoro, Italy (2001–2016)",Commons category marks SVG as invalid,Category:Invalid SVG created with Adobe Illustrator:Italian province maps,image/svg+xml,200,https://commons.wikimedia.org/wiki/File:Nuoro_in_Italy_(2001%E2%80%932016).svg
NUTS 2 regions EU-27.svg,the European Union,Commons category marks SVG as invalid,Category:Invalid SVG created with Inkscape:Maps,image/svg+xml,200,https://commons.wikimedia.org/wiki/File:NUTS_2_regions_EU-27.svg
NUTS 3 regions EU-27.svg,the European Union,Commons category marks SVG as invalid,Category:Invalid SVG created with Inkscape:Maps,image/svg+xml,200,https://commons.wikimedia.org/wiki/File:NUTS_3_regions_EU-27.svg
Nyitra vármegye in Hungary.svg,"Nyitra vármegye, Hungary, the Kingdom of Hungary",Commons category marks SVG as invalid,Category:Invalid SVG created with Adobe Illustrator:Locator maps-Hungary,image/svg+xml,200,https://commons.wikimedia.org/wiki/File:Nyitra_v%C3%A1rmegye_in_Hungary.svg
Nógrád vármegye in Hungary.svg,"Nógrád vármegye, Hungary, the Kingdom of Hungary",Commons category marks SVG as invalid,Category:Invalid SVG created with Adobe Illustrator:Locator maps-Hungary,image/svg+xml,200,https://commons.wikimedia.org/wiki/File:N%C3%B3gr%C3%A1d_v%C3%A1rmegye_in_Hungary.svg
Oberösterreich in Austria.svg,"Oberösterreich, Austria",Commons category marks SVG as invalid,Category:Invalid SVG created with Adobe Illustrator:Locator maps-Austria,image/svg+xml,200,https://commons.wikimedia.org/wiki/File:Ober%C3%B6sterreich_in_Austria.svg
Oceania98.svg,Oceania,Commons category marks SVG as invalid,Category:Invalid SVG created with Other tools:Maps,image/svg+xml,200,https://commons.wikimedia.org/wiki/File:Oceania98.svg
Ogliastra in Italy (2001–2016).svg,"Ogliastra, Italy (2001–2016)",Commons category marks SVG as invalid,Category:Invalid SVG created with Adobe Illustrator:Italian province maps,image/svg+xml,200,https://commons.wikimedia.org/wiki/File:Ogliastra_in_Italy_(2001%E2%80%932016).svg
Ohio and adjacent States and counties with FIPS and names.svg,individual states of the United States,Commons category marks SVG as invalid,Category:Invalid SVG created with Inkscape:Maps,image/svg+xml,200,https://commons.wikimedia.org/wiki/File:Ohio_and_adjacent_States_and_counties_with_FIPS_and_names.svg
Ohio in United States (US48).svg,"Ohio, United States",Commons category marks SVG as invalid,Category:Invalid SVG created with Adobe Illustrator:Locator maps-USA,image/svg+xml,200,https://commons.wikimedia.org/wiki/File:Ohio_in_United_States_(US48).svg
Ohio in United States.svg,"Ohio, United States",Commons category marks SVG as invalid,Category:Invalid SVG created with Adobe Illustrator:Locator maps-USA,image/svg+xml,200,https://commons.wikimedia.org/wiki/File:Ohio_in_United_States.svg
Ohrid and Prespa lakes topographic map mk.svg,North Macedonia,Commons category marks SVG as invalid,Category:Invalid SVG created with Inkscape:Maps,image/svg+xml,200,https://commons.wikimedia.org/wiki/File:Ohrid_and_Prespa_lakes_topographic_map_mk.svg
Oita in Japan (extended).svg,"Oita, Japan (extended)",Commons category marks SVG as invalid,Category:Invalid SVG created with Adobe Illustrator:Japanese prefecture maps,image/svg+xml,200,https://commons.wikimedia.org/wiki/File:Oita_in_Japan_(extended).svg
Oita in Japan (narrow).svg,"Oita, Japan (narrow)",Commons category marks SVG as invalid,Category:Invalid SVG created with Adobe Illustrator:Japanese prefecture maps,image/svg+xml,200,https://commons.wikimedia.org/wiki/File:Oita_in_Japan_(narrow).svg
Oita in Japan.svg,"Oita, Japan",Commons category marks SVG as invalid,Category:Invalid SVG created with Adobe Illustrator:Japanese prefecture maps,image/svg+xml,200,https://commons.wikimedia.org/wiki/File:Oita_in_Japan.svg
Okayama in Japan (extended).svg,"Okayama, Japan (extended)",Commons category marks SVG as invalid,Category:Invalid SVG created with Adobe Illustrator:Japanese prefecture maps,image/svg+xml,200,https://commons.wikimedia.org/wiki/File:Okayama_in_Japan_(extended).svg
Okayama in Japan (narrow).svg,"Okayama, Japan (narrow)",Commons category marks SVG as invalid,Category:Invalid SVG created with Adobe Illustrator:Japanese prefecture maps,image/svg+xml,200,https://commons.wikimedia.org/wiki/File:Okayama_in_Japan_(narrow).svg
Okayama in Japan.svg,"Okayama, Japan",Commons category marks SVG as invalid,Category:Invalid SVG created with Adobe Illustrator:Japanese prefecture maps,image/svg+xml,200,https://commons.wikimedia.org/wiki/File:Okayama_in_Japan.svg
Okinawa in Japan (extended).svg,"Okinawa, Japan (extended)",Commons category marks SVG as invalid,Category:Invalid SVG created with Adobe Illustrator:Japanese prefecture maps,image/svg+xml,200,https://commons.wikimedia.org/wiki/File:Okinawa_in_Japan_(extended).svg
Okinawa in Japan (narrow).svg,"Okinawa, Japan (narrow)",Commons category marks SVG as invalid,Category:Invalid SVG created with Adobe Illustrator:Japanese prefecture maps,image/svg+xml,200,https://commons.wikimedia.org/wiki/File:Okinawa_in_Japan_(narrow).svg
Okinawa in Japan (special marker) (extended).svg,"Okinawa, Japan (special marker) (extended)",Commons category marks SVG as invalid,Category:Invalid SVG created with Adobe Illustrator:Japanese prefecture maps,image/svg+xml,200,https://commons.wikimedia.org/wiki/File:Okinawa_in_Japan_(special_marker)_(extended).svg
Okinawa in Japan.svg,"Okinawa, Japan",Commons category marks SVG as invalid,Category:Invalid SVG created with Adobe Illustrator:Japanese prefecture maps,image/svg+xml,200,https://commons.wikimedia.org/wiki/File:Okinawa_in_Japan.svg
Oklahoma in United States (US48).svg,"Oklahoma, United States",Commons category marks SVG as invalid,Category:Invalid SVG created with Adobe Illustrator:Locator maps-USA,image/svg+xml,200,https://commons.wikimedia.org/wiki/File:Oklahoma_in_United_States_(US48).svg
Oklahoma in United States.svg,"Oklahoma, United States",Commons category marks SVG as invalid,Category:Invalid SVG created with Adobe Illustrator:Locator maps-USA,image/svg+xml,200,https://commons.wikimedia.org/wiki/File:Oklahoma_in_United_States.svg
Oklahoma terr. 1890.svg,states in the United States,Commons category marks SVG as invalid,Category:Invalid SVG created with Adobe Illustrator:Locator maps-USA,image/svg+xml,200,https://commons.wikimedia.org/wiki/File:Oklahoma_terr._1890.svg
Olbia-Tempio in Italy (2001–2016).svg,"Olbia-Tempio, Italy (2001–2016)",Commons category marks SVG as invalid,Category:Invalid SVG created with Adobe Illustrator:Italian province maps,image/svg+xml,200,https://commons.wikimedia.org/wiki/File:Olbia-Tempio_in_Italy_(2001%E2%80%932016).svg
Orange Walk in Belize.svg,"Orange Walk, Belize",Commons category marks SVG as invalid,Category:Invalid SVG created with Adobe Illustrator:Locator maps,image/svg+xml,200,https://commons.wikimedia.org/wiki/File:Orange_Walk_in_Belize.svg
Oravainen.sijainti.suomi.2008.svg,former municipalities in Ostrobothnia,Commons category marks SVG as invalid,Category:Invalid SVG created with CorelDRAW:Suomi maps,image/svg+xml,200,https://commons.wikimedia.org/wiki/File:Oravainen.sijainti.suomi.2008.svg
Oregon in United States (US48).svg,"Oregon, United States",Commons category marks SVG as invalid,Category:Invalid SVG created with Adobe Illustrator:Locator maps-USA,image/svg+xml,200,https://commons.wikimedia.org/wiki/File:Oregon_in_United_States_(US48).svg
Oregon in United States.svg,"Oregon, United States",Commons category marks SVG as invalid,Category:Invalid SVG created with Adobe Illustrator:Locator maps-USA,image/svg+xml,200,https://commons.wikimedia.org/wiki/File:Oregon_in_United_States.svg
Oristano in Italy (2001–2016).svg,"Oristano, Italy (2001–2016)",Commons category marks SVG as invalid,Category:Invalid SVG created with Adobe Illustrator:Italian province maps,image/svg+xml,200,https://commons.wikimedia.org/wiki/File:Oristano_in_Italy_(2001%E2%80%932016).svg
Orkney Islands in Scotland.svg,"Orkney Islands, Scotland",Commons category marks SVG as invalid,Category:Invalid SVG created with Adobe Illustrator:Maps,image/svg+xml,200,https://commons.wikimedia.org/wiki/File:Orkney_Islands_in_Scotland.svg
Osaka in Japan (extended).svg,"Osaka, Japan (extended)",Commons category marks SVG as invalid,Category:Invalid SVG created with Adobe Illustrator:Japanese prefecture maps,image/svg+xml,200,https://commons.wikimedia.org/wiki/File:Osaka_in_Japan_(extended).svg
Osaka in Japan (narrow).svg,"Osaka, Japan (narrow)",Commons category marks SVG as invalid,Category:Invalid SVG created with Adobe Illustrator:Japanese prefecture maps,image/svg+xml,200,https://commons.wikimedia.org/wiki/File:Osaka_in_Japan_(narrow).svg
Osaka in Japan.svg,"Osaka, Japan",Commons category marks SVG as invalid,Category:Invalid SVG created with Adobe Illustrator:Japanese prefecture maps,image/svg+xml,200,https://commons.wikimedia.org/wiki/File:Osaka_in_Japan.svg
Otago in New Zealand.svg,"Otago, New Zealand",Commons category marks SVG as invalid,Category:Invalid SVG created with Adobe Illustrator:Maps,image/svg+xml,200,https://commons.wikimedia.org/wiki/File:Otago_in_New_Zealand.svg
Ourense in Spain (plus Canarias).svg,"Ourense, Spain",Commons category marks SVG as invalid,Category:Invalid SVG created with Adobe Illustrator:Locator maps,image/svg+xml,200,https://commons.wikimedia.org/wiki/File:Ourense_in_Spain_(plus_Canarias).svg
Padova in Italy.svg,"Padova, Italy",Commons category marks SVG as invalid,Category:Invalid SVG created with Adobe Illustrator:Italian province maps,image/svg+xml,200,https://commons.wikimedia.org/wiki/File:Padova_in_Italy.svg
Palermo in Italy.svg,"Palermo, Italy",Commons category marks SVG as invalid,Category:Invalid SVG created with Adobe Illustrator:Italian province maps,image/svg+xml,200,https://commons.wikimedia.org/wiki/File:Palermo_in_Italy.svg
Palnadu in Andhra Pradesh (India).svg,"Palnadu, Andhra Pradesh, India",Commons category marks SVG as invalid,Category:Invalid SVG created with Inkscape:Locator maps,image/svg+xml,200,https://commons.wikimedia.org/wiki/File:Palnadu_in_Andhra_Pradesh_(India).svg
Paraíba in Brazil (1822).svg,"Paraíba, Brazil (1822)",Commons category marks SVG as invalid,Category:Invalid SVG created with Inkscape:Maps,image/svg+xml,200,https://commons.wikimedia.org/wiki/File:Para%C3%ADba_in_Brazil_(1822).svg
Parma in Italy.svg,"Parma, Italy",Commons category marks SVG as invalid,Category:Invalid SVG created with Adobe Illustrator:Italian province maps,image/svg+xml,200,https://commons.wikimedia.org/wiki/File:Parma_in_Italy.svg
Parvathipuram Manyam in Andhra Pradesh (India).svg,"Parvathipuram Manyam, Andhra Pradesh, India",Commons category marks SVG as invalid,Category:Invalid SVG created with Inkscape:Locator maps,image/svg+xml,200,https://commons.wikimedia.org/wiki/File:Parvathipuram_Manyam_in_Andhra_Pradesh_(India).svg
Pavia in Italy.svg,"Pavia, Italy",Commons category marks SVG as invalid,Category:Invalid SVG created with Adobe Illustrator:Italian province maps,image/svg+xml,200,https://commons.wikimedia.org/wiki/File:Pavia_in_Italy.svg
Pembrokeshire in Wales.svg,"Pembrokeshire, Wales",Commons category marks SVG as invalid,Category:Invalid SVG created with Adobe Illustrator:Locator maps-Wales,image/svg+xml,200,https://commons.wikimedia.org/wiki/File:Pembrokeshire_in_Wales.svg
Pennsylvania in United States (US48).svg,"Pennsylvania, United States",Commons category marks SVG as invalid,Category:Invalid SVG created with Adobe Illustrator:Locator maps-USA,image/svg+xml,200,https://commons.wikimedia.org/wiki/File:Pennsylvania_in_United_States_(US48).svg
Pennsylvania in United States.svg,"Pennsylvania, United States",Commons category marks SVG as invalid,Category:Invalid SVG created with Adobe Illustrator:Locator maps-USA,image/svg+xml,200,https://commons.wikimedia.org/wiki/File:Pennsylvania_in_United_States.svg
Perugia in Italy.svg,"Perugia, Italy",Commons category marks SVG as invalid,Category:Invalid SVG created with Adobe Illustrator:Italian province maps,image/svg+xml,200,https://commons.wikimedia.org/wiki/File:Perugia_in_Italy.svg
Pesaro-Urbino in Italy.svg,"Pesaro-Urbino, Italy",Commons category marks SVG as invalid,Category:Invalid SVG created with Adobe Illustrator:Italian province maps,image/svg+xml,200,https://commons.wikimedia.org/wiki/File:Pesaro-Urbino_in_Italy.svg
Pest-Pilis-Solt-Kiskun vármegye in Hungary.svg,"Pest-Pilis-Solt-Kiskun vármegye, Hungary, the Kingdom of Hungary",Commons category marks SVG as invalid,Category:Invalid SVG created with Adobe Illustrator:Locator maps-Hungary,image/svg+xml,200,https://commons.wikimedia.org/wiki/File:Pest-Pilis-Solt-Kiskun_v%C3%A1rmegye_in_Hungary.svg
Ph locator albay.svg,provinces of the Philippines,Commons category reports broken file links,Category:Files with broken file links,image/svg+xml,200,https://commons.wikimedia.org/wiki/File:Ph_locator_albay.svg
Ph locator davao de oro monkayo.svg,cities and municipalities of the Philippines,Commons category marks SVG as invalid,Category:Invalid SVG created with Inkscape:Maps,image/svg+xml,200,https://commons.wikimedia.org/wiki/File:Ph_locator_davao_de_oro_monkayo.svg
Ph locator davao de oro montevista.svg,cities and municipalities of the Philippines,Commons category marks SVG as invalid,Category:Invalid SVG created with Inkscape:Maps,image/svg+xml,200,https://commons.wikimedia.org/wiki/File:Ph_locator_davao_de_oro_montevista.svg
Ph locator davao de oro nabunturan.svg,cities and municipalities of the Philippines,Commons category marks SVG as invalid,Category:Invalid SVG created with Inkscape:Maps,image/svg+xml,200,https://commons.wikimedia.org/wiki/File:Ph_locator_davao_de_oro_nabunturan.svg
Ph locator davao de oro new bataan.svg,cities and municipalities of the Philippines,Commons category marks SVG as invalid,Category:Invalid SVG created with Inkscape:Maps,image/svg+xml,200,https://commons.wikimedia.org/wiki/File:Ph_locator_davao_de_oro_new_bataan.svg
Ph locator davao de oro pantukan.svg,cities and municipalities of the Philippines,Commons category marks SVG as invalid,Category:Invalid SVG created with Inkscape:Maps,image/svg+xml,200,https://commons.wikimedia.org/wiki/File:Ph_locator_davao_de_oro_pantukan.svg
Ph regions and provinces blank.svg,provinces of the Philippines,Commons category marks SVG as invalid,Category:Invalid SVG created with Inkscape:Maps,image/svg+xml,200,https://commons.wikimedia.org/wiki/File:Ph_regions_and_provinces_blank.svg
Philippines on the globe (Southeast Asia centered).svg,"Philippines, the Philippines",Commons category marks SVG as invalid,Category:Invalid SVG created with Adobe Illustrator:World maps,image/svg+xml,200,https://commons.wikimedia.org/wiki/File:Philippines_on_the_globe_(Southeast_Asia_centered).svg
PhlMapCit (coloured).svg,populated places in the Philippines,Commons category marks SVG as invalid,Category:Invalid SVG created with Inkscape:Maps,image/svg+xml,200,https://commons.wikimedia.org/wiki/File:PhlMapCit_(coloured).svg
Phu Tho in Viet Nam.svg,"Phu Tho, Viet Nam",Commons category marks SVG as invalid,Category:Invalid SVG created with Adobe Illustrator:Maps of Vietnam,image/svg+xml,200,https://commons.wikimedia.org/wiki/File:Phu_Tho_in_Viet_Nam.svg
Phu Tho in Vietnam before 1 July 2025.svg,"Phu Tho, Vietnam before 1 July 2025",Commons category marks SVG as invalid,Category:Invalid SVG created with Adobe Illustrator:Maps of Vietnam,image/svg+xml,200,https://commons.wikimedia.org/wiki/File:Phu_Tho_in_Vietnam_before_1_July_2025.svg
Phu Yen in Vietnam before 1 July 2025.svg,"Phu Yen, Vietnam before 1 July 2025",Commons category marks SVG as invalid,Category:Invalid SVG created with Adobe Illustrator:Maps of Vietnam,image/svg+xml,200,https://commons.wikimedia.org/wiki/File:Phu_Yen_in_Vietnam_before_1_July_2025.svg
Piacenza in Italy.svg,"Piacenza, Italy",Commons category marks SVG as invalid,Category:Invalid SVG created with Adobe Illustrator:Italian province maps,image/svg+xml,200,https://commons.wikimedia.org/wiki/File:Piacenza_in_Italy.svg
Piedmont in Italy.svg,"Piedmont, Italy",Commons category marks SVG as invalid,Category:Invalid SVG created with Adobe Illustrator:Maps,image/svg+xml,200,https://commons.wikimedia.org/wiki/File:Piedmont_in_Italy.svg
Pinar del Rio in Cuba.svg,"Pinar del Rio, Cuba",Commons category marks SVG as invalid,Category:Invalid SVG created with Adobe Illustrator:Cuba maps,image/svg+xml,200,https://commons.wikimedia.org/wiki/File:Pinar_del_Rio_in_Cuba.svg
Pisa in Italy.svg,"Pisa, Italy",Commons category marks SVG as invalid,Category:Invalid SVG created with Adobe Illustrator:Italian province maps,image/svg+xml,200,https://commons.wikimedia.org/wiki/File:Pisa_in_Italy.svg
Pistoia in Italy.svg,"Pistoia, Italy",Commons category marks SVG as invalid,Category:Invalid SVG created with Adobe Illustrator:Italian province maps,image/svg+xml,200,https://commons.wikimedia.org/wiki/File:Pistoia_in_Italy.svg
Pitcairn Islands location detail.svg,the Pitcairn Islands,Thumbnail request was rate-limited (HTTP 429); reachability unconfirmed,,image/svg+xml,429,https://commons.wikimedia.org/wiki/File:Pitcairn_Islands_location_detail.svg
Plateaux in Congo.svg,"Plateaux, Congo",Commons category marks SVG as invalid,Category:Invalid SVG created with Adobe Illustrator,image/svg+xml,200,https://commons.wikimedia.org/wiki/File:Plateaux_in_Congo.svg
Pointe-Noire in Congo.svg,"Pointe-Noire, Congo",Commons category marks SVG as invalid,Category:Invalid SVG created with Adobe Illustrator,image/svg+xml,200,https://commons.wikimedia.org/wiki/File:Pointe-Noire_in_Congo.svg
Poland in the European Union on the globe (Europe centered).svg,"Poland, the European Union on the globe (Europe centered)",Commons category marks SVG as invalid,Category:Invalid SVG created with Adobe Illustrator:World maps,image/svg+xml,200,https://commons.wikimedia.org/wiki/File:Poland_in_the_European_Union_on_the_globe_(Europe_centered).svg
Poland location map.svg,Poland,Commons category marks SVG as invalid,Category:Invalid SVG created with Adobe Illustrator:Maps,image/svg+xml,200,https://commons.wikimedia.org/wiki/File:Poland_location_map.svg
Poland2 location map.svg,Poland,Commons category marks SVG as invalid,Category:Invalid SVG created with Adobe Illustrator:Maps,image/svg+xml,200,https://commons.wikimedia.org/wiki/File:Poland2_location_map.svg
Polavaram in Andhra Pradesh (India).svg,"Polavaram, Andhra Pradesh, India",Commons category marks SVG as invalid,Category:Invalid SVG created with Inkscape:Locator maps,image/svg+xml,200,https://commons.wikimedia.org/wiki/File:Polavaram_in_Andhra_Pradesh_(India).svg
Pontevedra in Spain (plus Canarias).svg,"Pontevedra, Spain",Commons category marks SVG as invalid,Category:Invalid SVG created with Adobe Illustrator:Locator maps,image/svg+xml,200,https://commons.wikimedia.org/wiki/File:Pontevedra_in_Spain_(plus_Canarias).svg
Pontevedra in Spain.svg,"Pontevedra, Spain",Commons category marks SVG as invalid,Category:Invalid SVG created with Adobe Illustrator:Locator maps,image/svg+xml,200,https://commons.wikimedia.org/wiki/File:Pontevedra_in_Spain.svg
Portugal Madeira location map.svg,Portugal,Commons category marks SVG as invalid,Category:Invalid SVG created with Other tools:Maps,image/svg+xml,200,https://commons.wikimedia.org/wiki/File:Portugal_Madeira_location_map.svg
Portuguesa in Venezuela (+claimed).svg,"Portuguesa, Venezuela",Commons category marks SVG as invalid,Category:Invalid SVG created with Adobe Illustrator:Maps,image/svg+xml,200,https://commons.wikimedia.org/wiki/File:Portuguesa_in_Venezuela_(%2Bclaimed).svg
Portuguesa in Venezuela.svg,"Portuguesa, Venezuela",Commons category marks SVG as invalid,Category:Invalid SVG created with Adobe Illustrator:Maps,image/svg+xml,200,https://commons.wikimedia.org/wiki/File:Portuguesa_in_Venezuela.svg
Potenza in Italy.svg,"Potenza, Italy",Commons category marks SVG as invalid,Category:Invalid SVG created with Adobe Illustrator:Italian province maps,image/svg+xml,200,https://commons.wikimedia.org/wiki/File:Potenza_in_Italy.svg
Powys in Wales.svg,"Powys, Wales",Commons category marks SVG as invalid,Category:Invalid SVG created with Adobe Illustrator:Locator maps-Wales,image/svg+xml,200,https://commons.wikimedia.org/wiki/File:Powys_in_Wales.svg
Pozsega vármegye in Hungary.svg,"Pozsega vármegye, Hungary, the Kingdom of Hungary",Commons category marks SVG as invalid,Category:Invalid SVG created with Adobe Illustrator:Locator maps-Hungary,image/svg+xml,200,https://commons.wikimedia.org/wiki/File:Pozsega_v%C3%A1rmegye_in_Hungary.svg
Pozsony vármegye in Hungary.svg,"Pozsony vármegye, Hungary, the Kingdom of Hungary",Commons category marks SVG as invalid,Category:Invalid SVG created with Adobe Illustrator:Locator maps-Hungary,image/svg+xml,200,https://commons.wikimedia.org/wiki/File:Pozsony_v%C3%A1rmegye_in_Hungary.svg
Prakasam in Andhra Pradesh (India).svg,"Prakasam, Andhra Pradesh, India",Commons category marks SVG as invalid,Category:Invalid SVG created with Inkscape:Locator maps,image/svg+xml,200,https://commons.wikimedia.org/wiki/File:Prakasam_in_Andhra_Pradesh_(India).svg
Prato in Italy.svg,"Prato, Italy",Commons category marks SVG as invalid,Category:Invalid SVG created with Adobe Illustrator:Italian province maps,image/svg+xml,200,https://commons.wikimedia.org/wiki/File:Prato_in_Italy.svg
Province de Hainaut in Belgium.svg,"Province de Hainaut, Belgium",Commons category marks SVG as invalid,Category:Invalid SVG created with Adobe Illustrator,image/svg+xml,200,https://commons.wikimedia.org/wiki/File:Province_de_Hainaut_in_Belgium.svg
Province de Luxembourg in Belgium.svg,"Province de Luxembourg, Belgium",Commons category marks SVG as invalid,Category:Invalid SVG created with Adobe Illustrator,image/svg+xml,200,https://commons.wikimedia.org/wiki/File:Province_de_Luxembourg_in_Belgium.svg
Province du Brabant wallon in Belgium.svg,"Province du Brabant wallon, Belgium",Commons category marks SVG as invalid,Category:Invalid SVG created with Adobe Illustrator,image/svg+xml,200,https://commons.wikimedia.org/wiki/File:Province_du_Brabant_wallon_in_Belgium.svg
Provincie Antwerpen in Belgium.svg,"Provincie Antwerpen, Belgium",Commons category marks SVG as invalid,Category:Invalid SVG created with Adobe Illustrator,image/svg+xml,200,https://commons.wikimedia.org/wiki/File:Provincie_Antwerpen_in_Belgium.svg
Provincie Limburg in Belgium.svg,"Provincie Limburg, Belgium",Commons category marks SVG as invalid,Category:Invalid SVG created with Adobe Illustrator,image/svg+xml,200,https://commons.wikimedia.org/wiki/File:Provincie_Limburg_in_Belgium.svg
Provincie Oost-Vlaanderen in Belgium.svg,"Provincie Oost-Vlaanderen, Belgium",Commons category marks SVG as invalid,Category:Invalid SVG created with Adobe Illustrator,image/svg+xml,200,https://commons.wikimedia.org/wiki/File:Provincie_Oost-Vlaanderen_in_Belgium.svg
Provincie Vlaams-Brabant in Belgium.svg,"Provincie Vlaams-Brabant, Belgium",Commons category marks SVG as invalid,Category:Invalid SVG created with Adobe Illustrator,image/svg+xml,200,https://commons.wikimedia.org/wiki/File:Provincie_Vlaams-Brabant_in_Belgium.svg
Provincie West-Vlaanderen in Belgium.svg,"Provincie West-Vlaanderen, Belgium",Commons category marks SVG as invalid,Category:Invalid SVG created with Adobe Illustrator,image/svg+xml,200,https://commons.wikimedia.org/wiki/File:Provincie_West-Vlaanderen_in_Belgium.svg
Puerto Rico (orthographic projection).svg,the United States,Commons category marks SVG as invalid,Category:Invalid SVG created with Inkscape:World maps (gggs),image/svg+xml,200,https://commons.wikimedia.org/wiki/File:Puerto_Rico_(orthographic_projection).svg
Puerto Rico in its region.svg,"Puerto Rico, the United States",Commons category marks SVG as invalid,Category:Invalid SVG created with Adobe Illustrator:Maps,image/svg+xml,200,https://commons.wikimedia.org/wiki/File:Puerto_Rico_in_its_region.svg
Puerto Rico in North America (-mini map -rivers).svg,"Puerto Rico, North America",Commons category marks SVG as invalid,Category:Invalid SVG created with Adobe Illustrator:Maps,image/svg+xml,200,https://commons.wikimedia.org/wiki/File:Puerto_Rico_in_North_America_(-mini_map_-rivers).svg
Puerto Rico in North America.svg,"Puerto Rico, North America",Commons category marks SVG as invalid,Category:Invalid SVG created with Adobe Illustrator:Maps,image/svg+xml,200,https://commons.wikimedia.org/wiki/File:Puerto_Rico_in_North_America.svg
Puerto Rico in the world (de-facto) (W3).svg,"Puerto Rico, the world, the United States",Commons category marks SVG as invalid,Category:Invalid SVG created with Adobe Illustrator:World maps,image/svg+xml,200,https://commons.wikimedia.org/wiki/File:Puerto_Rico_in_the_world_(de-facto)_(W3).svg
Puerto Rico in United States (US48).svg,"Puerto Rico, United States",Commons category marks SVG as invalid,Category:Invalid SVG created with Adobe Illustrator:Maps,image/svg+xml,200,https://commons.wikimedia.org/wiki/File:Puerto_Rico_in_United_States_(US48).svg
Puerto Rico in United States (US48+2).svg,"Puerto Rico, United States (US48+2)",Commons category marks SVG as invalid,Category:Invalid SVG created with Adobe Illustrator:Maps,image/svg+xml,200,https://commons.wikimedia.org/wiki/File:Puerto_Rico_in_United_States_(US48%2B2).svg
Puerto Rico in United States (US49).svg,"Puerto Rico, United States",Commons category marks SVG as invalid,Category:Invalid SVG created with Adobe Illustrator:Maps,image/svg+xml,200,https://commons.wikimedia.org/wiki/File:Puerto_Rico_in_United_States_(US49).svg
Puerto Rico in United States (US49+1).svg,"Puerto Rico, United States (US49+1)",Commons category marks SVG as invalid,Category:Invalid SVG created with Adobe Illustrator:Maps,image/svg+xml,200,https://commons.wikimedia.org/wiki/File:Puerto_Rico_in_United_States_(US49%2B1).svg
Puerto Rico in United States (zoom + special marker) (US48).svg,"Puerto Rico, United States",Commons category marks SVG as invalid,Category:Invalid SVG created with Adobe Illustrator:Maps,image/svg+xml,200,https://commons.wikimedia.org/wiki/File:Puerto_Rico_in_United_States_(zoom_%2B_special_marker)_(US48).svg
Puerto Rico in United States (zoom + special marker) (US48+2).svg,"Puerto Rico, United States (zoom + special marker) (US48+2)",Commons category marks SVG as invalid,Category:Invalid SVG created with Adobe Illustrator:Maps,image/svg+xml,200,https://commons.wikimedia.org/wiki/File:Puerto_Rico_in_United_States_(zoom_%2B_special_marker)_(US48%2B2).svg
Puerto Rico in United States (zoom + special marker) (US49).svg,"Puerto Rico, United States",Commons category marks SVG as invalid,Category:Invalid SVG created with Adobe Illustrator:Maps,image/svg+xml,200,https://commons.wikimedia.org/wiki/File:Puerto_Rico_in_United_States_(zoom_%2B_special_marker)_(US49).svg
Puerto Rico in United States (zoom + special marker) (US49+1).svg,"Puerto Rico, United States (zoom + special marker) (US49+1)",Commons category marks SVG as invalid,Category:Invalid SVG created with Adobe Illustrator:Maps,image/svg+xml,200,https://commons.wikimedia.org/wiki/File:Puerto_Rico_in_United_States_(zoom_%2B_special_marker)_(US49%2B1).svg
Puerto Rico in United States (zoom) (US48).svg,"Puerto Rico, United States",Commons category marks SVG as invalid,Category:Invalid SVG created with Adobe Illustrator:Maps,image/svg+xml,200,https://commons.wikimedia.org/wiki/File:Puerto_Rico_in_United_States_(zoom)_(US48).svg
Puerto Rico in United States (zoom) (US48+2).svg,"Puerto Rico, United States (zoom) (US48+2)",Commons category marks SVG as invalid,Category:Invalid SVG created with Adobe Illustrator:Maps,image/svg+xml,200,https://commons.wikimedia.org/wiki/File:Puerto_Rico_in_United_States_(zoom)_(US48%2B2).svg
Puerto Rico in United States (zoom) (US49).svg,"Puerto Rico, United States",Commons category marks SVG as invalid,Category:Invalid SVG created with Adobe Illustrator:Maps,image/svg+xml,200,https://commons.wikimedia.org/wiki/File:Puerto_Rico_in_United_States_(zoom)_(US49).svg
Puerto Rico in United States (zoom) (US49+1).svg,"Puerto Rico, United States (zoom) (US49+1)",Commons category marks SVG as invalid,Category:Invalid SVG created with Adobe Illustrator:Maps,image/svg+xml,200,https://commons.wikimedia.org/wiki/File:Puerto_Rico_in_United_States_(zoom)_(US49%2B1).svg
Puerto Rico on the globe (Americas centered).svg,"Puerto Rico, the United States",Commons category marks SVG as invalid,Category:Invalid SVG created with Adobe Illustrator:World maps,image/svg+xml,200,https://commons.wikimedia.org/wiki/File:Puerto_Rico_on_the_globe_(Americas_centered).svg
Pyrenees topographic map-fr.svg,borders of France,Commons category marks SVG as invalid,Category:Invalid SVG created with QGIS:Maps,image/svg+xml,200,https://commons.wikimedia.org/wiki/File:Pyrenees_topographic_map-fr.svg
Qatar in its region.svg,Qatar,Commons category marks SVG as invalid,Category:Invalid SVG created with Adobe Illustrator:Maps,image/svg+xml,200,https://commons.wikimedia.org/wiki/File:Qatar_in_its_region.svg
Quang Binh in Vietnam before 1 July 2025.svg,"Quang Binh, Vietnam before 1 July 2025",Commons category marks SVG as invalid,Category:Invalid SVG created with Adobe Illustrator:Maps of Vietnam,image/svg+xml,200,https://commons.wikimedia.org/wiki/File:Quang_Binh_in_Vietnam_before_1_July_2025.svg
Quang Nam in Vietnam before 1 July 2025.svg,"Quang Nam, Vietnam before 1 July 2025",Commons category marks SVG as invalid,Category:Invalid SVG created with Adobe Illustrator:Maps of Vietnam,image/svg+xml,200,https://commons.wikimedia.org/wiki/File:Quang_Nam_in_Vietnam_before_1_July_2025.svg
Quang Ngai in Viet Nam.svg,"Quang Ngai, Viet Nam",Commons category marks SVG as invalid,Category:Invalid SVG created with Adobe Illustrator:Maps of Vietnam,image/svg+xml,200,https://commons.wikimedia.org/wiki/File:Quang_Ngai_in_Viet_Nam.svg
Quang Ngai in Vietnam before 1 July 2025.svg,"Quang Ngai, Vietnam before 1 July 2025",Commons category marks SVG as invalid,Category:Invalid SVG created with Adobe Illustrator:Maps of Vietnam,image/svg+xml,200,https://commons.wikimedia.org/wiki/File:Quang_Ngai_in_Vietnam_before_1_July_2025.svg
Quang Ninh in Viet Nam.svg,"Quang Ninh, Viet Nam",Commons category marks SVG as invalid,Category:Invalid SVG created with Adobe Illustrator:Maps of Vietnam,image/svg+xml,200,https://commons.wikimedia.org/wiki/File:Quang_Ninh_in_Viet_Nam.svg
Quang Ninh in Vietnam before 1 July 2025.svg,"Quang Ninh, Vietnam before 1 July 2025",Commons category marks SVG as invalid,Category:Invalid SVG created with Adobe Illustrator:Maps of Vietnam,image/svg+xml,200,https://commons.wikimedia.org/wiki/File:Quang_Ninh_in_Vietnam_before_1_July_2025.svg
Quang Tri in Viet Nam.svg,"Quang Tri, Viet Nam",Commons category marks SVG as invalid,Category:Invalid SVG created with Adobe Illustrator:Maps of Vietnam,image/svg+xml,200,https://commons.wikimedia.org/wiki/File:Quang_Tri_in_Viet_Nam.svg
Quang Tri in Vietnam before 1 July 2025.svg,"Quang Tri, Vietnam before 1 July 2025",Commons category marks SVG as invalid,Category:Invalid SVG created with Adobe Illustrator:Maps of Vietnam,image/svg+xml,200,https://commons.wikimedia.org/wiki/File:Quang_Tri_in_Vietnam_before_1_July_2025.svg
R.o.Macedonia topography.svg,North Macedonia,Commons category marks SVG as invalid,Category:Invalid SVG created with QGIS:Maps,image/svg+xml,200,https://commons.wikimedia.org/wiki/File:R.o.Macedonia_topography.svg
Ragusa in Italy.svg,"Ragusa, Italy",Commons category marks SVG as invalid,Category:Invalid SVG created with Adobe Illustrator:Italian province maps,image/svg+xml,200,https://commons.wikimedia.org/wiki/File:Ragusa_in_Italy.svg
Ravenna in Italy.svg,"Ravenna, Italy",Commons category marks SVG as invalid,Category:Invalid SVG created with Adobe Illustrator:Italian province maps,image/svg+xml,200,https://commons.wikimedia.org/wiki/File:Ravenna_in_Italy.svg
Reggio di Calabria in Italy.svg,"Reggio di Calabria, Italy",Commons category marks SVG as invalid,Category:Invalid SVG created with Adobe Illustrator:Italian province maps,image/svg+xml,200,https://commons.wikimedia.org/wiki/File:Reggio_di_Calabria_in_Italy.svg
Reggio Emilia in Italy.svg,"Reggio Emilia, Italy",Commons category marks SVG as invalid,Category:Invalid SVG created with Adobe Illustrator:Italian province maps,image/svg+xml,200,https://commons.wikimedia.org/wiki/File:Reggio_Emilia_in_Italy.svg
Regiao Autonoma da Madeira in Portugal (plus mini area).svg,"Regiao Autonoma da Madeira, Portugal",Commons category marks SVG as invalid,Category:Invalid SVG created with Adobe Illustrator:Maps,image/svg+xml,200,https://commons.wikimedia.org/wiki/File:Regiao_Autonoma_da_Madeira_in_Portugal_(plus_mini_area).svg
Regiao Autonoma dos Acores in Portugal (complete).svg,"Regiao Autonoma dos Acores, Portugal (complete)",Commons category marks SVG as invalid,Category:Invalid SVG created with Adobe Illustrator:Maps,image/svg+xml,200,https://commons.wikimedia.org/wiki/File:Regiao_Autonoma_dos_Acores_in_Portugal_(complete).svg
Regiao Centro in Portugal (with subregions).svg,"Regiao Centro, Portugal (with subregions)",Commons category marks SVG as invalid,Category:Invalid SVG created with Adobe Illustrator:Locator maps,image/svg+xml,200,https://commons.wikimedia.org/wiki/File:Regiao_Centro_in_Portugal_(with_subregions).svg
Regiao de Lisboa in Portugal (with subregions).svg,"Regiao de Lisboa, Portugal (with subregions)",Commons category marks SVG as invalid,Category:Invalid SVG created with Adobe Illustrator:Locator maps,image/svg+xml,200,https://commons.wikimedia.org/wiki/File:Regiao_de_Lisboa_in_Portugal_(with_subregions).svg
Regiao do Alentejo in Portugal (with subregions).svg,"Regiao do Alentejo, Portugal (with subregions)",Commons category marks SVG as invalid,Category:Invalid SVG created with Adobe Illustrator:Locator maps,image/svg+xml,200,https://commons.wikimedia.org/wiki/File:Regiao_do_Alentejo_in_Portugal_(with_subregions).svg
Regiao do Algarve in Portugal (with subregions).svg,"Regiao do Algarve, Portugal (with subregions)",Commons category marks SVG as invalid,Category:Invalid SVG created with Adobe Illustrator:Locator maps,image/svg+xml,200,https://commons.wikimedia.org/wiki/File:Regiao_do_Algarve_in_Portugal_(with_subregions).svg
Regiao Norte in Portugal (with subregions).svg,"Regiao Norte, Portugal (with subregions)",Commons category marks SVG as invalid,Category:Invalid SVG created with Adobe Illustrator:Locator maps,image/svg+xml,200,https://commons.wikimedia.org/wiki/File:Regiao_Norte_in_Portugal_(with_subregions).svg
Rehe in Republic of China.svg,"Rehe, Republic of China",Commons category reports broken file links,Category:Files with broken file links,image/svg+xml,200,https://commons.wikimedia.org/wiki/File:Rehe_in_Republic_of_China.svg
Relief Map of Germany.svg,Germany,Commons category marks SVG as invalid,Category:Invalid SVG created with Adobe Illustrator:Maps,image/svg+xml,200,https://commons.wikimedia.org/wiki/File:Relief_Map_of_Germany.svg
Republic of China edcp location map (disputed territories) Anhwei 1949.svg,provinces in the Republic of China,Commons category reports broken file links,Category:Files with broken file links,image/svg+xml,200,https://commons.wikimedia.org/wiki/File:Republic_of_China_edcp_location_map_(disputed_territories)_Anhwei_1949.svg
Republic of China edcp location map (disputed territories) Anhwei.svg,provinces in the Republic of China,Commons category reports broken file links,Category:Files with broken file links,image/svg+xml,200,https://commons.wikimedia.org/wiki/File:Republic_of_China_edcp_location_map_(disputed_territories)_Anhwei.svg
Republic of China edcp location map (disputed territories) Antung 1947.svg,provinces in the Republic of China,Commons category reports broken file links,Category:Files with broken file links,image/svg+xml,200,https://commons.wikimedia.org/wiki/File:Republic_of_China_edcp_location_map_(disputed_territories)_Antung_1947.svg
Republic of China edcp location map (disputed territories) Antung.svg,provinces in the Republic of China,Commons category reports broken file links,Category:Files with broken file links,image/svg+xml,200,https://commons.wikimedia.org/wiki/File:Republic_of_China_edcp_location_map_(disputed_territories)_Antung.svg
Republic of China edcp location map (disputed territories) Chahar.svg,provinces in the Republic of China,Commons category reports broken file links,Category:Files with broken file links,image/svg+xml,200,https://commons.wikimedia.org/wiki/File:Republic_of_China_edcp_location_map_(disputed_territories)_Chahar.svg
Republic of China edcp location map (disputed territories) Chekiang.svg,provinces in the Republic of China,Commons category reports broken file links,Category:Files with broken file links,image/svg+xml,200,https://commons.wikimedia.org/wiki/File:Republic_of_China_edcp_location_map_(disputed_territories)_Chekiang.svg
Republic of China edcp location map (disputed territories) Fukien 1945.svg,provinces in the Republic of China,Commons category reports broken file links,Category:Files with broken file links,image/svg+xml,200,https://commons.wikimedia.org/wiki/File:Republic_of_China_edcp_location_map_(disputed_territories)_Fukien_1945.svg
Republic of China edcp location map (disputed territories) Fukien 1949.svg,provinces in the Republic of China,Commons category reports broken file links,Category:Files with broken file links,image/svg+xml,200,https://commons.wikimedia.org/wiki/File:Republic_of_China_edcp_location_map_(disputed_territories)_Fukien_1949.svg
Republic of China edcp location map (disputed territories) Hainan.svg,Hainan Special Administrative District,Commons category reports broken file links,Category:Files with broken file links,image/svg+xml,200,https://commons.wikimedia.org/wiki/File:Republic_of_China_edcp_location_map_(disputed_territories)_Hainan.svg
Republic of China edcp location map (disputed territories) Heilungkiang 1947.svg,provinces in the Republic of China,Commons category reports broken file links,Category:Files with broken file links,image/svg+xml,200,https://commons.wikimedia.org/wiki/File:Republic_of_China_edcp_location_map_(disputed_territories)_Heilungkiang_1947.svg
Republic of China edcp location map (disputed territories) Heilungkiang.svg,provinces in the Republic of China,Commons category reports broken file links,Category:Files with broken file links,image/svg+xml,200,https://commons.wikimedia.org/wiki/File:Republic_of_China_edcp_location_map_(disputed_territories)_Heilungkiang.svg
Republic of China edcp location map (disputed territories) Hokiang 1947.svg,provinces in the Republic of China,Commons category reports broken file links,Category:Files with broken file links,image/svg+xml,200,https://commons.wikimedia.org/wiki/File:Republic_of_China_edcp_location_map_(disputed_territories)_Hokiang_1947.svg
Republic of China edcp location map (disputed territories) Hokiang.svg,provinces in the Republic of China,Commons category reports broken file links,Category:Files with broken file links,image/svg+xml,200,https://commons.wikimedia.org/wiki/File:Republic_of_China_edcp_location_map_(disputed_territories)_Hokiang.svg
Republic of China edcp location map (disputed territories) Honan.svg,provinces in the Republic of China,Commons category reports broken file links,Category:Files with broken file links,image/svg+xml,200,https://commons.wikimedia.org/wiki/File:Republic_of_China_edcp_location_map_(disputed_territories)_Honan.svg
Republic of China edcp location map (disputed territories) Hopeh.svg,provinces in the Republic of China,Commons category reports broken file links,Category:Files with broken file links,image/svg+xml,200,https://commons.wikimedia.org/wiki/File:Republic_of_China_edcp_location_map_(disputed_territories)_Hopeh.svg
Republic of China edcp location map (disputed territories) Hsingan 1947.svg,provinces in the Republic of China,Commons category reports broken file links,Category:Files with broken file links,image/svg+xml,200,https://commons.wikimedia.org/wiki/File:Republic_of_China_edcp_location_map_(disputed_territories)_Hsingan_1947.svg
Republic of China edcp location map (disputed territories) Hsingan.svg,provinces in the Republic of China,Commons category reports broken file links,Category:Files with broken file links,image/svg+xml,200,https://commons.wikimedia.org/wiki/File:Republic_of_China_edcp_location_map_(disputed_territories)_Hsingan.svg
Republic of China edcp location map (disputed territories) Hunan.svg,provinces in the Republic of China,Commons category reports broken file links,Category:Files with broken file links,image/svg+xml,200,https://commons.wikimedia.org/wiki/File:Republic_of_China_edcp_location_map_(disputed_territories)_Hunan.svg
Republic of China edcp location map (disputed territories) Hupeh.svg,provinces in the Republic of China,Commons category reports broken file links,Category:Files with broken file links,image/svg+xml,200,https://commons.wikimedia.org/wiki/File:Republic_of_China_edcp_location_map_(disputed_territories)_Hupeh.svg
Republic of China edcp location map (disputed territories) Jehol.svg,provinces in the Republic of China,Commons category reports broken file links,Category:Files with broken file links,image/svg+xml,200,https://commons.wikimedia.org/wiki/File:Republic_of_China_edcp_location_map_(disputed_territories)_Jehol.svg
Republic of China edcp location map (disputed territories) Kansu.svg,provinces in the Republic of China,Commons category reports broken file links,Category:Files with broken file links,image/svg+xml,200,https://commons.wikimedia.org/wiki/File:Republic_of_China_edcp_location_map_(disputed_territories)_Kansu.svg
Republic of China edcp location map (disputed territories) Kiangsi 1949.svg,provinces in the Republic of China,Commons category reports broken file links,Category:Files with broken file links,image/svg+xml,200,https://commons.wikimedia.org/wiki/File:Republic_of_China_edcp_location_map_(disputed_territories)_Kiangsi_1949.svg
Republic of China edcp location map (disputed territories) Kiangsi.svg,provinces in the Republic of China,Commons category reports broken file links,Category:Files with broken file links,image/svg+xml,200,https://commons.wikimedia.org/wiki/File:Republic_of_China_edcp_location_map_(disputed_territories)_Kiangsi.svg
Republic of China edcp location map (disputed territories) Kiangsu.svg,provinces in the Republic of China,Commons category reports broken file links,Category:Files with broken file links,image/svg+xml,200,https://commons.wikimedia.org/wiki/File:Republic_of_China_edcp_location_map_(disputed_territories)_Kiangsu.svg
Republic of China edcp location map (disputed territories) Kirin 1947.svg,provinces in the Republic of China,Commons category reports broken file links,Category:Files with broken file links,image/svg+xml,200,https://commons.wikimedia.org/wiki/File:Republic_of_China_edcp_location_map_(disputed_territories)_Kirin_1947.svg
Republic of China edcp location map (disputed territories) Kirin.svg,provinces in the Republic of China,Commons category reports broken file links,Category:Files with broken file links,image/svg+xml,200,https://commons.wikimedia.org/wiki/File:Republic_of_China_edcp_location_map_(disputed_territories)_Kirin.svg
Republic of China edcp location map (disputed territories) Kuangtung 1949.svg,provinces in the Republic of China,Commons category reports broken file links,Category:Files with broken file links,image/svg+xml,200,https://commons.wikimedia.org/wiki/File:Republic_of_China_edcp_location_map_(disputed_territories)_Kuangtung_1949.svg
Republic of China edcp location map (disputed territories) Kuangtung.svg,provinces in the Republic of China,Commons category reports broken file links,Category:Files with broken file links,image/svg+xml,200,https://commons.wikimedia.org/wiki/File:Republic_of_China_edcp_location_map_(disputed_territories)_Kuangtung.svg
Republic of China edcp location map (disputed territories) Kwangsi.svg,provinces in the Republic of China,Commons category reports broken file links,Category:Files with broken file links,image/svg+xml,200,https://commons.wikimedia.org/wiki/File:Republic_of_China_edcp_location_map_(disputed_territories)_Kwangsi.svg
Republic of China edcp location map (disputed territories) Kweichow.svg,provinces in the Republic of China,Commons category reports broken file links,Category:Files with broken file links,image/svg+xml,200,https://commons.wikimedia.org/wiki/File:Republic_of_China_edcp_location_map_(disputed_territories)_Kweichow.svg
Republic of China edcp location map (disputed territories) Liaoning 1947.svg,provinces in the Republic of China,Commons category reports broken file links,Category:Files with broken file links,image/svg+xml,200,https://commons.wikimedia.org/wiki/File:Republic_of_China_edcp_location_map_(disputed_territories)_Liaoning_1947.svg
Republic of China edcp location map (disputed territories) Liaoning.svg,provinces in the Republic of China,Commons category reports broken file links,Category:Files with broken file links,image/svg+xml,200,https://commons.wikimedia.org/wiki/File:Republic_of_China_edcp_location_map_(disputed_territories)_Liaoning.svg
Republic of China edcp location map (disputed territories) Liaopeh 1947.svg,provinces in the Republic of China,Commons category reports broken file links,Category:Files with broken file links,image/svg+xml,200,https://commons.wikimedia.org/wiki/File:Republic_of_China_edcp_location_map_(disputed_territories)_Liaopeh_1947.svg
Republic of China edcp location map (disputed territories) Liaopeh.svg,provinces in the Republic of China,Commons category reports broken file links,Category:Files with broken file links,image/svg+xml,200,https://commons.wikimedia.org/wiki/File:Republic_of_China_edcp_location_map_(disputed_territories)_Liaopeh.svg
Republic of China edcp location map (disputed territories) Mongolia Area.svg,provinces in the Republic of China,Commons category reports broken file links,Category:Files with broken file links,image/svg+xml,200,https://commons.wikimedia.org/wiki/File:Republic_of_China_edcp_location_map_(disputed_territories)_Mongolia_Area.svg
Republic of China edcp location map (disputed territories) Ningsia.svg,provinces in the Republic of China,Commons category reports broken file links,Category:Files with broken file links,image/svg+xml,200,https://commons.wikimedia.org/wiki/File:Republic_of_China_edcp_location_map_(disputed_territories)_Ningsia.svg
Republic of China edcp location map (disputed territories) Nunkiang 1947.svg,provinces in the Republic of China,Commons category reports broken file links,Category:Files with broken file links,image/svg+xml,200,https://commons.wikimedia.org/wiki/File:Republic_of_China_edcp_location_map_(disputed_territories)_Nunkiang_1947.svg
Republic of China edcp location map (disputed territories) Nunkiang.svg,provinces in the Republic of China,Commons category reports broken file links,Category:Files with broken file links,image/svg+xml,200,https://commons.wikimedia.org/wiki/File:Republic_of_China_edcp_location_map_(disputed_territories)_Nunkiang.svg
Republic of China edcp location map (disputed territories) Shansi.svg,provinces in the Republic of China,Commons category reports broken file links,Category:Files with broken file links,image/svg+xml,200,https://commons.wikimedia.org/wiki/File:Republic_of_China_edcp_location_map_(disputed_territories)_Shansi.svg
Republic of China edcp location map (disputed territories) Shantung.svg,provinces in the Republic of China,Commons category reports broken file links,Category:Files with broken file links,image/svg+xml,200,https://commons.wikimedia.org/wiki/File:Republic_of_China_edcp_location_map_(disputed_territories)_Shantung.svg
Republic of China edcp location map (disputed territories) Shensi.svg,provinces in the Republic of China,Commons category reports broken file links,Category:Files with broken file links,image/svg+xml,200,https://commons.wikimedia.org/wiki/File:Republic_of_China_edcp_location_map_(disputed_territories)_Shensi.svg
Republic of China edcp location map (disputed territories) Sikang.svg,provinces in the Republic of China,Commons category reports broken file links,Category:Files with broken file links,image/svg+xml,200,https://commons.wikimedia.org/wiki/File:Republic_of_China_edcp_location_map_(disputed_territories)_Sikang.svg
Republic of China edcp location map (disputed territories) Sinkiang.svg,provinces in the Republic of China,Commons category reports broken file links,Category:Files with broken file links,image/svg+xml,200,https://commons.wikimedia.org/wiki/File:Republic_of_China_edcp_location_map_(disputed_territories)_Sinkiang.svg
Republic of China edcp location map (disputed territories) Suiyüan.svg,provinces in the Republic of China,Commons category reports broken file links,Category:Files with broken file links,image/svg+xml,200,https://commons.wikimedia.org/wiki/File:Republic_of_China_edcp_location_map_(disputed_territories)_Suiy%C3%BCan.svg
Republic of China edcp location map (disputed territories) Sungkiang 1947.svg,provinces in the Republic of China,Commons category reports broken file links,Category:Files with broken file links,image/svg+xml,200,https://commons.wikimedia.org/wiki/File:Republic_of_China_edcp_location_map_(disputed_territories)_Sungkiang_1947.svg
Republic of China edcp location map (disputed territories) Sungkiang.svg,provinces in the Republic of China,Commons category reports broken file links,Category:Files with broken file links,image/svg+xml,200,https://commons.wikimedia.org/wiki/File:Republic_of_China_edcp_location_map_(disputed_territories)_Sungkiang.svg
Republic of China edcp location map (disputed territories) Szechwan.svg,provinces in the Republic of China,Commons category reports broken file links,Category:Files with broken file links,image/svg+xml,200,https://commons.wikimedia.org/wiki/File:Republic_of_China_edcp_location_map_(disputed_territories)_Szechwan.svg
Republic of China edcp location map (disputed territories) Taiwan.svg,provinces in the Republic of China,Commons category reports broken file links,Category:Files with broken file links,image/svg+xml,200,https://commons.wikimedia.org/wiki/File:Republic_of_China_edcp_location_map_(disputed_territories)_Taiwan.svg
Republic of China edcp location map (disputed territories) Tibet Area.svg,provinces in the Republic of China,Commons category reports broken file links,Category:Files with broken file links,image/svg+xml,200,https://commons.wikimedia.org/wiki/File:Republic_of_China_edcp_location_map_(disputed_territories)_Tibet_Area.svg
Republic of China edcp location map (disputed territories) Tsinghai.svg,provinces in the Republic of China,Commons category reports broken file links,Category:Files with broken file links,image/svg+xml,200,https://commons.wikimedia.org/wiki/File:Republic_of_China_edcp_location_map_(disputed_territories)_Tsinghai.svg
Republic of China edcp location map (disputed territories) Yunnan.svg,provinces in the Republic of China,Commons category reports broken file links,Category:Files with broken file links,image/svg+xml,200,https://commons.wikimedia.org/wiki/File:Republic_of_China_edcp_location_map_(disputed_territories)_Yunnan.svg
Republic of China edcp location map (disputed territories).svg,provinces in the Republic of China,Commons category marks SVG as invalid; Commons category reports broken file links,Category:Invalid SVG created with Adobe Illustrator:Locator maps | Category:Files with broken file links,image/svg+xml,200,https://commons.wikimedia.org/wiki/File:Republic_of_China_edcp_location_map_(disputed_territories).svg
Republic of China edcp location map 1936.svg,provinces in the Republic of China,Commons category reports broken file links,Category:Files with broken file links,image/svg+xml,200,https://commons.wikimedia.org/wiki/File:Republic_of_China_edcp_location_map_1936.svg
Republic of China edcp location map 1945 (disputed territories).svg,provinces in the Republic of China,Commons category reports broken file links,Category:Files with broken file links,image/svg+xml,200,https://commons.wikimedia.org/wiki/File:Republic_of_China_edcp_location_map_1945_(disputed_territories).svg
Republic of China edcp location map 1946-1953 (disputed territories).svg,provinces in the Republic of China,Commons category reports broken file links,Category:Files with broken file links,image/svg+xml,200,https://commons.wikimedia.org/wiki/File:Republic_of_China_edcp_location_map_1946-1953_(disputed_territories).svg
Republic of China edcp location map Anhwei.svg,provinces in the Republic of China,Commons category reports broken file links,Category:Files with broken file links,image/svg+xml,200,https://commons.wikimedia.org/wiki/File:Republic_of_China_edcp_location_map_Anhwei.svg
Republic of China edcp location map Antung.svg,provinces in the Republic of China,Commons category reports broken file links,Category:Files with broken file links,image/svg+xml,200,https://commons.wikimedia.org/wiki/File:Republic_of_China_edcp_location_map_Antung.svg
Republic of China edcp location map Chahar.svg,provinces in the Republic of China,Commons category reports broken file links,Category:Files with broken file links,image/svg+xml,200,https://commons.wikimedia.org/wiki/File:Republic_of_China_edcp_location_map_Chahar.svg
Republic of China edcp location map Chekiang.svg,provinces in the Republic of China,Commons category reports broken file links,Category:Files with broken file links,image/svg+xml,200,https://commons.wikimedia.org/wiki/File:Republic_of_China_edcp_location_map_Chekiang.svg
Republic of China edcp location map Fukien (1912-1949).svg,provinces in the Republic of China,Commons category reports broken file links,Category:Files with broken file links,image/svg+xml,200,https://commons.wikimedia.org/wiki/File:Republic_of_China_edcp_location_map_Fukien_(1912-1949).svg
Republic of China edcp location map Hainan.svg,provinces in the Republic of China,Commons category reports broken file links,Category:Files with broken file links,image/svg+xml,200,https://commons.wikimedia.org/wiki/File:Republic_of_China_edcp_location_map_Hainan.svg
Republic of China edcp location map Hankow.svg,special municipality in the Republic of China,Commons category reports broken file links,Category:Files with broken file links,image/svg+xml,200,https://commons.wikimedia.org/wiki/File:Republic_of_China_edcp_location_map_Hankow.svg
Republic of China edcp location map Heilungkiang.svg,provinces in the Republic of China,Commons category reports broken file links,Category:Files with broken file links,image/svg+xml,200,https://commons.wikimedia.org/wiki/File:Republic_of_China_edcp_location_map_Heilungkiang.svg
Republic of China edcp location map Hokiang.svg,provinces in the Republic of China,Commons category reports broken file links,Category:Files with broken file links,image/svg+xml,200,https://commons.wikimedia.org/wiki/File:Republic_of_China_edcp_location_map_Hokiang.svg
Republic of China edcp location map Honan.svg,provinces in the Republic of China,Commons category reports broken file links,Category:Files with broken file links,image/svg+xml,200,https://commons.wikimedia.org/wiki/File:Republic_of_China_edcp_location_map_Honan.svg
Republic of China edcp location map Hopeh.svg,provinces in the Republic of China,Commons category reports broken file links,Category:Files with broken file links,image/svg+xml,200,https://commons.wikimedia.org/wiki/File:Republic_of_China_edcp_location_map_Hopeh.svg
Republic of China edcp location map Hsingan.svg,provinces in the Republic of China,Commons category reports broken file links,Category:Files with broken file links,image/svg+xml,200,https://commons.wikimedia.org/wiki/File:Republic_of_China_edcp_location_map_Hsingan.svg
Republic of China edcp location map Hunan.svg,provinces in the Republic of China,Commons category reports broken file links,Category:Files with broken file links,image/svg+xml,200,https://commons.wikimedia.org/wiki/File:Republic_of_China_edcp_location_map_Hunan.svg
Republic of China edcp location map Hupeh.svg,provinces in the Republic of China,Commons category reports broken file links,Category:Files with broken file links,image/svg+xml,200,https://commons.wikimedia.org/wiki/File:Republic_of_China_edcp_location_map_Hupeh.svg
Republic of China edcp location map Jehol.svg,provinces in the Republic of China,Commons category reports broken file links,Category:Files with broken file links,image/svg+xml,200,https://commons.wikimedia.org/wiki/File:Republic_of_China_edcp_location_map_Jehol.svg
Republic of China edcp location map Kansu.svg,provinces in the Republic of China,Commons category reports broken file links,Category:Files with broken file links,image/svg+xml,200,https://commons.wikimedia.org/wiki/File:Republic_of_China_edcp_location_map_Kansu.svg
Republic of China edcp location map Kiangsi.svg,provinces in the Republic of China,Commons category reports broken file links,Category:Files with broken file links,image/svg+xml,200,https://commons.wikimedia.org/wiki/File:Republic_of_China_edcp_location_map_Kiangsi.svg
Republic of China edcp location map Kiangsu.svg,provinces in the Republic of China,Commons category reports broken file links,Category:Files with broken file links,image/svg+xml,200,https://commons.wikimedia.org/wiki/File:Republic_of_China_edcp_location_map_Kiangsu.svg
Republic of China edcp location map Kirin.svg,provinces in the Republic of China,Commons category reports broken file links,Category:Files with broken file links,image/svg+xml,200,https://commons.wikimedia.org/wiki/File:Republic_of_China_edcp_location_map_Kirin.svg
Republic of China edcp location map Kuangtung.svg,provinces in the Republic of China,Commons category reports broken file links,Category:Files with broken file links,image/svg+xml,200,https://commons.wikimedia.org/wiki/File:Republic_of_China_edcp_location_map_Kuangtung.svg
Republic of China edcp location map Kwangsi.svg,provinces in the Republic of China,Commons category reports broken file links,Category:Files with broken file links,image/svg+xml,200,https://commons.wikimedia.org/wiki/File:Republic_of_China_edcp_location_map_Kwangsi.svg
Republic of China edcp location map Kweichow.svg,provinces in the Republic of China,Commons category reports broken file links,Category:Files with broken file links,image/svg+xml,200,https://commons.wikimedia.org/wiki/File:Republic_of_China_edcp_location_map_Kweichow.svg
Republic of China edcp location map Liaoning.svg,provinces in the Republic of China,Commons category reports broken file links,Category:Files with broken file links,image/svg+xml,200,https://commons.wikimedia.org/wiki/File:Republic_of_China_edcp_location_map_Liaoning.svg
Republic of China edcp location map Liaopeh.svg,provinces in the Republic of China,Commons category reports broken file links,Category:Files with broken file links,image/svg+xml,200,https://commons.wikimedia.org/wiki/File:Republic_of_China_edcp_location_map_Liaopeh.svg
Republic of China edcp location map Mongolia Area.svg,provinces in the Republic of China,Commons category reports broken file links,Category:Files with broken file links,image/svg+xml,200,https://commons.wikimedia.org/wiki/File:Republic_of_China_edcp_location_map_Mongolia_Area.svg
Republic of China edcp location map Nanking.svg,special municipality in the Republic of China,Commons category reports broken file links,Category:Files with broken file links,image/svg+xml,200,https://commons.wikimedia.org/wiki/File:Republic_of_China_edcp_location_map_Nanking.svg
Republic of China edcp location map Ningsia.svg,provinces in the Republic of China,Commons category reports broken file links,Category:Files with broken file links,image/svg+xml,200,https://commons.wikimedia.org/wiki/File:Republic_of_China_edcp_location_map_Ningsia.svg
Republic of China edcp location map Nunkiang.svg,provinces in the Republic of China,Commons category reports broken file links,Category:Files with broken file links,image/svg+xml,200,https://commons.wikimedia.org/wiki/File:Republic_of_China_edcp_location_map_Nunkiang.svg
Republic of China edcp location map Peiping.svg,special municipality in the Republic of China,Commons category reports broken file links,Category:Files with broken file links,image/svg+xml,200,https://commons.wikimedia.org/wiki/File:Republic_of_China_edcp_location_map_Peiping.svg
Republic of China edcp location map Shanghai.svg,special municipality in the Republic of China,Commons category reports broken file links,Category:Files with broken file links,image/svg+xml,200,https://commons.wikimedia.org/wiki/File:Republic_of_China_edcp_location_map_Shanghai.svg
Republic of China edcp location map Shansi.svg,provinces in the Republic of China,Commons category reports broken file links,Category:Files with broken file links,image/svg+xml,200,https://commons.wikimedia.org/wiki/File:Republic_of_China_edcp_location_map_Shansi.svg
Republic of China edcp location map Shantung.svg,provinces in the Republic of China,Commons category reports broken file links,Category:Files with broken file links,image/svg+xml,200,https://commons.wikimedia.org/wiki/File:Republic_of_China_edcp_location_map_Shantung.svg
Republic of China edcp location map Shensi.svg,provinces in the Republic of China,Commons category reports broken file links,Category:Files with broken file links,image/svg+xml,200,https://commons.wikimedia.org/wiki/File:Republic_of_China_edcp_location_map_Shensi.svg
Republic of China edcp location map Shenyang.svg,special municipality in the Republic of China,Commons category reports broken file links,Category:Files with broken file links,image/svg+xml,200,https://commons.wikimedia.org/wiki/File:Republic_of_China_edcp_location_map_Shenyang.svg
Republic of China edcp location map Sikang.svg,provinces in the Republic of China,Commons category reports broken file links,Category:Files with broken file links,image/svg+xml,200,https://commons.wikimedia.org/wiki/File:Republic_of_China_edcp_location_map_Sikang.svg
Republic of China edcp location map Sinkiang.svg,provinces in the Republic of China,Commons category reports broken file links,Category:Files with broken file links,image/svg+xml,200,https://commons.wikimedia.org/wiki/File:Republic_of_China_edcp_location_map_Sinkiang.svg
Republic of China edcp location map Suiyüan.svg,provinces in the Republic of China,Commons category reports broken file links,Category:Files with broken file links,image/svg+xml,200,https://commons.wikimedia.org/wiki/File:Republic_of_China_edcp_location_map_Suiy%C3%BCan.svg
Republic of China edcp location map Sungkiang.svg,provinces in the Republic of China,Commons category reports broken file links,Category:Files with broken file links,image/svg+xml,200,https://commons.wikimedia.org/wiki/File:Republic_of_China_edcp_location_map_Sungkiang.svg
Republic of China edcp location map Szechwan.svg,provinces in the Republic of China,Commons category reports broken file links,Category:Files with broken file links,image/svg+xml,200,https://commons.wikimedia.org/wiki/File:Republic_of_China_edcp_location_map_Szechwan.svg
Republic of China edcp location map Taiwan.svg,provinces in the Republic of China,Commons category reports broken file links,Category:Files with broken file links,image/svg+xml,200,https://commons.wikimedia.org/wiki/File:Republic_of_China_edcp_location_map_Taiwan.svg
Republic of China edcp location map Tibet Area.svg,provinces in the Republic of China,Commons category reports broken file links,Category:Files with broken file links,image/svg+xml,200,https://commons.wikimedia.org/wiki/File:Republic_of_China_edcp_location_map_Tibet_Area.svg
Republic of China edcp location map Tsinghai.svg,provinces in the Republic of China,Commons category reports broken file links,Category:Files with broken file links,image/svg+xml,200,https://commons.wikimedia.org/wiki/File:Republic_of_China_edcp_location_map_Tsinghai.svg
Republic of China edcp location map Tsingtao.svg,special municipality in the Republic of China,Commons category reports broken file links,Category:Files with broken file links,image/svg+xml,200,https://commons.wikimedia.org/wiki/File:Republic_of_China_edcp_location_map_Tsingtao.svg
Republic of China edcp location map Yünnan.svg,provinces in the Republic of China,Commons category reports broken file links,Category:Files with broken file links,image/svg+xml,200,https://commons.wikimedia.org/wiki/File:Republic_of_China_edcp_location_map_Y%C3%BCnnan.svg
Republic of China edcp location map.svg,provinces in the Republic of China,Commons category marks SVG as invalid; Commons category reports broken file links,Category:Invalid SVG created with Adobe Illustrator:Locator maps | Category:Files with broken file links,image/svg+xml,200,https://commons.wikimedia.org/wiki/File:Republic_of_China_edcp_location_map.svg
Republic of China LCC administrative map.svg,provinces in the Republic of China,Commons category reports broken file links,Category:Files with broken file links,image/svg+xml,200,https://commons.wikimedia.org/wiki/File:Republic_of_China_LCC_administrative_map.svg
Rhineland-Palatinate in Germany.svg,"Rhineland-Palatinate, Germany",Commons category marks SVG as invalid,Category:Invalid SVG created with Adobe Illustrator:Locator maps,image/svg+xml,200,https://commons.wikimedia.org/wiki/File:Rhineland-Palatinate_in_Germany.svg
Rhode Island in United States (special marker).svg,"Rhode Island, United States",Commons category marks SVG as invalid,Category:Invalid SVG created with Adobe Illustrator:Locator maps-USA,image/svg+xml,200,https://commons.wikimedia.org/wiki/File:Rhode_Island_in_United_States_(special_marker).svg
Rhode Island in United States (US48).svg,"Rhode Island, United States",Commons category marks SVG as invalid,Category:Invalid SVG created with Adobe Illustrator:Locator maps-USA,image/svg+xml,200,https://commons.wikimedia.org/wiki/File:Rhode_Island_in_United_States_(US48).svg
Rhode Island in United States (zoom) (extra close).svg,"Rhode Island, United States (zoom) (extra close)",Commons category marks SVG as invalid,Category:Invalid SVG created with Adobe Illustrator:Locator maps-USA,image/svg+xml,200,https://commons.wikimedia.org/wiki/File:Rhode_Island_in_United_States_(zoom)_(extra_close).svg
Rhode Island in United States (zoom) (special marker) (US48).svg,"Rhode Island, United States",Commons category marks SVG as invalid,Category:Invalid SVG created with Adobe Illustrator:Locator maps-USA,image/svg+xml,200,https://commons.wikimedia.org/wiki/File:Rhode_Island_in_United_States_(zoom)_(special_marker)_(US48).svg
Rhode Island in United States (zoom) (special marker).svg,"Rhode Island, United States",Commons category marks SVG as invalid,Category:Invalid SVG created with Adobe Illustrator:Locator maps-USA,image/svg+xml,200,https://commons.wikimedia.org/wiki/File:Rhode_Island_in_United_States_(zoom)_(special_marker).svg
Rhode Island in United States (zoom) (US48).svg,"Rhode Island, United States",Commons category marks SVG as invalid,Category:Invalid SVG created with Adobe Illustrator:Locator maps-USA,image/svg+xml,200,https://commons.wikimedia.org/wiki/File:Rhode_Island_in_United_States_(zoom)_(US48).svg
Rhode Island in United States (zoom).svg,"Rhode Island, United States",Commons category marks SVG as invalid,Category:Invalid SVG created with Adobe Illustrator:Locator maps-USA,image/svg+xml,200,https://commons.wikimedia.org/wiki/File:Rhode_Island_in_United_States_(zoom).svg
Rhode Island in United States.svg,"Rhode Island, United States",Commons category marks SVG as invalid,Category:Invalid SVG created with Adobe Illustrator:Locator maps-USA,image/svg+xml,200,https://commons.wikimedia.org/wiki/File:Rhode_Island_in_United_States.svg
Rhondda Cynon Taf in Wales.svg,"Rhondda Cynon Taf, Wales",Commons category marks SVG as invalid,Category:Invalid SVG created with Adobe Illustrator:Locator maps-Wales,image/svg+xml,200,https://commons.wikimedia.org/wiki/File:Rhondda_Cynon_Taf_in_Wales.svg
Rieti in Italy.svg,"Rieti, Italy",Commons category marks SVG as invalid,Category:Invalid SVG created with Adobe Illustrator:Italian province maps,image/svg+xml,200,https://commons.wikimedia.org/wiki/File:Rieti_in_Italy.svg
Rimini in Italy.svg,"Rimini, Italy",Commons category marks SVG as invalid,Category:Invalid SVG created with Adobe Illustrator:Italian province maps,image/svg+xml,200,https://commons.wikimedia.org/wiki/File:Rimini_in_Italy.svg
Risaralda in Colombia (special marker).svg,"Risaralda, Colombia",Commons category marks SVG as invalid,Category:Invalid SVG created with Adobe Illustrator:Maps,image/svg+xml,200,https://commons.wikimedia.org/wiki/File:Risaralda_in_Colombia_(special_marker).svg
ROC Claims blank.svg,the Republic of China,Commons category marks SVG as invalid,Category:Invalid SVG created with Inkscape:Maps,image/svg+xml,200,https://commons.wikimedia.org/wiki/File:ROC_Claims_blank.svg
Roma in Italy.svg,"Roma, Italy",Commons category marks SVG as invalid,Category:Invalid SVG created with Adobe Illustrator:Italian province maps,image/svg+xml,200,https://commons.wikimedia.org/wiki/File:Roma_in_Italy.svg
Rovigo in Italy.svg,"Rovigo, Italy",Commons category marks SVG as invalid,Category:Invalid SVG created with Adobe Illustrator:Italian province maps,image/svg+xml,200,https://commons.wikimedia.org/wiki/File:Rovigo_in_Italy.svg
Russia - Tomsk Oblast (2008-01).svg,federal subjects in Russia as of 2008-01,Commons category marks SVG as invalid,Category:Invalid SVG created with Inkscape:Maps,image/svg+xml,200,https://commons.wikimedia.org/wiki/File:Russia_-_Tomsk_Oblast_(2008-01).svg
Russia administrative location map and Crimea dashed.svg,Ukraine with some areas removed,Commons category marks SVG as invalid,Category:Invalid SVG created with Inkscape:Locator maps,image/svg+xml,200,https://commons.wikimedia.org/wiki/File:Russia_administrative_location_map_and_Crimea_dashed.svg
Russia administrative location map.svg,Ukraine with some areas removed,Commons category marks SVG as invalid,Category:Invalid SVG created with Inkscape:Locator maps,image/svg+xml,200,https://commons.wikimedia.org/wiki/File:Russia_administrative_location_map.svg
Russia edcp location map - Krasnoyarsk krai.svg,Krasnoyarsk Krai,Commons category marks SVG as invalid,Category:Invalid SVG created with Inkscape:Maps,image/svg+xml,200,https://commons.wikimedia.org/wiki/File:Russia_edcp_location_map_-_Krasnoyarsk_krai.svg
Russia in the World.svg,"Russia, the World",Commons category marks SVG as invalid,Category:Invalid SVG created with Adobe Illustrator:World maps,image/svg+xml,200,https://commons.wikimedia.org/wiki/File:Russia_in_the_World.svg
Russia on the globe (Russia centered).svg,Russia,Commons category marks SVG as invalid,Category:Invalid SVG created with Adobe Illustrator:World maps,image/svg+xml,200,https://commons.wikimedia.org/wiki/File:Russia_on_the_globe_(Russia_centered).svg
Saarland in Germany.svg,"Saarland, Germany",Commons category marks SVG as invalid,Category:Invalid SVG created with Adobe Illustrator:Locator maps,image/svg+xml,200,https://commons.wikimedia.org/wiki/File:Saarland_in_Germany.svg
Saba in the Kingdom of the Netherlands.svg,"Saba, the Kingdom of the Netherlands",Commons category marks SVG as invalid,Category:Invalid SVG created with Adobe Illustrator:Maps,image/svg+xml,200,https://commons.wikimedia.org/wiki/File:Saba_in_the_Kingdom_of_the_Netherlands.svg
Saga in Japan (extended).svg,"Saga, Japan (extended)",Commons category marks SVG as invalid,Category:Invalid SVG created with Adobe Illustrator:Japanese prefecture maps,image/svg+xml,200,https://commons.wikimedia.org/wiki/File:Saga_in_Japan_(extended).svg
Saga in Japan (narrow).svg,"Saga, Japan (narrow)",Commons category marks SVG as invalid,Category:Invalid SVG created with Adobe Illustrator:Japanese prefecture maps,image/svg+xml,200,https://commons.wikimedia.org/wiki/File:Saga_in_Japan_(narrow).svg
Saga in Japan.svg,"Saga, Japan",Commons category marks SVG as invalid,Category:Invalid SVG created with Adobe Illustrator:Japanese prefecture maps,image/svg+xml,200,https://commons.wikimedia.org/wiki/File:Saga_in_Japan.svg
Saitama in Japan (extended).svg,"Saitama, Japan (extended)",Commons category marks SVG as invalid,Category:Invalid SVG created with Adobe Illustrator:Japanese prefecture maps,image/svg+xml,200,https://commons.wikimedia.org/wiki/File:Saitama_in_Japan_(extended).svg
Saitama in Japan (narrow).svg,"Saitama, Japan (narrow)",Commons category marks SVG as invalid,Category:Invalid SVG created with Adobe Illustrator:Japanese prefecture maps,image/svg+xml,200,https://commons.wikimedia.org/wiki/File:Saitama_in_Japan_(narrow).svg
Saitama in Japan.svg,"Saitama, Japan",Commons category marks SVG as invalid,Category:Invalid SVG created with Adobe Illustrator:Japanese prefecture maps,image/svg+xml,200,https://commons.wikimedia.org/wiki/File:Saitama_in_Japan.svg
Salerno in Italy.svg,"Salerno, Italy",Commons category marks SVG as invalid,Category:Invalid SVG created with Adobe Illustrator:Italian province maps,image/svg+xml,200,https://commons.wikimedia.org/wiki/File:Salerno_in_Italy.svg
Salzburg in Austria.svg,"Salzburg, Austria",Commons category marks SVG as invalid,Category:Invalid SVG created with Adobe Illustrator:Locator maps-Austria,image/svg+xml,200,https://commons.wikimedia.org/wiki/File:Salzburg_in_Austria.svg
Samoa on the globe (Polynesia centered).svg,Samoa,Commons category marks SVG as invalid,Category:Invalid SVG created with Adobe Illustrator:World maps,image/svg+xml,200,https://commons.wikimedia.org/wiki/File:Samoa_on_the_globe_(Polynesia_centered).svg
Sancti Spiritus in Cuba.svg,"Sancti Spiritus, Cuba",Commons category marks SVG as invalid,Category:Invalid SVG created with Adobe Illustrator:Cuba maps,image/svg+xml,200,https://commons.wikimedia.org/wiki/File:Sancti_Spiritus_in_Cuba.svg
Sangha in Congo.svg,"Sangha, Congo",Commons category marks SVG as invalid,Category:Invalid SVG created with Adobe Illustrator,image/svg+xml,200,https://commons.wikimedia.org/wiki/File:Sangha_in_Congo.svg
Santiago de Cuba in Cuba.svg,"Santiago de Cuba, Cuba",Commons category marks SVG as invalid,Category:Invalid SVG created with Adobe Illustrator:Cuba maps,image/svg+xml,200,https://commons.wikimedia.org/wiki/File:Santiago_de_Cuba_in_Cuba.svg
Sardinia in Italy.svg,"Sardinia, Italy",Commons category marks SVG as invalid,Category:Invalid SVG created with Adobe Illustrator:Maps,image/svg+xml,200,https://commons.wikimedia.org/wiki/File:Sardinia_in_Italy.svg
"Saskatchewan, Canada.svg",provinces of Canada,Commons category marks SVG as invalid,Category:Invalid SVG created with Inkscape:Locator maps,image/svg+xml,200,"https://commons.wikimedia.org/wiki/File:Saskatchewan,_Canada.svg"
Sassari in Italy (2001–2016).svg,"Sassari, Italy (2001–2016)",Commons category marks SVG as invalid,Category:Invalid SVG created with Adobe Illustrator:Italian province maps,image/svg+xml,200,https://commons.wikimedia.org/wiki/File:Sassari_in_Italy_(2001%E2%80%932016).svg
Saudi Arabia (orthographic projection).svg,Saudi Arabia,Commons category marks SVG as invalid,Category:Invalid SVG created with Inkscape:World maps (gggs),image/svg+xml,200,https://commons.wikimedia.org/wiki/File:Saudi_Arabia_(orthographic_projection).svg
Savona in Italy.svg,"Savona, Italy",Commons category marks SVG as invalid,Category:Invalid SVG created with Adobe Illustrator:Italian province maps,image/svg+xml,200,https://commons.wikimedia.org/wiki/File:Savona_in_Italy.svg
Schwerin Land in German Democratic Republic.svg,"Schwerin Land, German Democratic Republic",Commons category marks SVG as invalid,Category:Invalid SVG created with Adobe Illustrator:Maps,image/svg+xml,200,https://commons.wikimedia.org/wiki/File:Schwerin_Land_in_German_Democratic_Republic.svg
Seoul-teukbyeolsi in South Korea.svg,"Seoul-teukbyeolsi, South Korea",Commons category marks SVG as invalid,Category:Invalid SVG created with Adobe Illustrator:Maps,image/svg+xml,200,https://commons.wikimedia.org/wiki/File:Seoul-teukbyeolsi_in_South_Korea.svg
Shan State in Myanmar.svg,"Shan State, Myanmar",Commons category marks SVG as invalid,Category:Invalid SVG created with Adobe Illustrator:Maps,image/svg+xml,200,https://commons.wikimedia.org/wiki/File:Shan_State_in_Myanmar.svg
Shansi in Republic of China.svg,"Shansi, Republic of China",Commons category reports broken file links,Category:Files with broken file links,image/svg+xml,200,https://commons.wikimedia.org/wiki/File:Shansi_in_Republic_of_China.svg
Shantung in Republic of China.svg,"Shantung, Republic of China",Commons category reports broken file links,Category:Files with broken file links,image/svg+xml,200,https://commons.wikimedia.org/wiki/File:Shantung_in_Republic_of_China.svg
Shensi in Republic of China.svg,"Shensi, Republic of China",Commons category reports broken file links,Category:Files with broken file links,image/svg+xml,200,https://commons.wikimedia.org/wiki/File:Shensi_in_Republic_of_China.svg
Shiga in Japan (extended).svg,"Shiga, Japan (extended)",Commons category marks SVG as invalid,Category:Invalid SVG created with Adobe Illustrator:Japanese prefecture maps,image/svg+xml,200,https://commons.wikimedia.org/wiki/File:Shiga_in_Japan_(extended).svg
Shiga in Japan (narrow).svg,"Shiga, Japan (narrow)",Commons category marks SVG as invalid,Category:Invalid SVG created with Adobe Illustrator:Japanese prefecture maps,image/svg+xml,200,https://commons.wikimedia.org/wiki/File:Shiga_in_Japan_(narrow).svg
Shiga in Japan.svg,"Shiga, Japan",Commons category marks SVG as invalid,Category:Invalid SVG created with Adobe Illustrator:Japanese prefecture maps,image/svg+xml,200,https://commons.wikimedia.org/wiki/File:Shiga_in_Japan.svg
Shimane in Japan (claimed) (extended).svg,"Shimane, Japan (claimed) (extended)",Commons category marks SVG as invalid,Category:Invalid SVG created with Adobe Illustrator:Japanese prefecture maps,image/svg+xml,200,https://commons.wikimedia.org/wiki/File:Shimane_in_Japan_(claimed)_(extended).svg
Shimane in Japan (claimed).svg,"Shimane, Japan",Commons category marks SVG as invalid,Category:Invalid SVG created with Adobe Illustrator:Japanese prefecture maps,image/svg+xml,200,https://commons.wikimedia.org/wiki/File:Shimane_in_Japan_(claimed).svg
Shimane in Japan (de-facto) (extended).svg,"Shimane, Japan (de-facto) (extended)",Commons category marks SVG as invalid,Category:Invalid SVG created with Adobe Illustrator:Japanese prefecture maps,image/svg+xml,200,https://commons.wikimedia.org/wiki/File:Shimane_in_Japan_(de-facto)_(extended).svg
Shimane in Japan (de-facto) (narrow).svg,"Shimane, Japan (de-facto) (narrow)",Commons category marks SVG as invalid,Category:Invalid SVG created with Adobe Illustrator:Japanese prefecture maps,image/svg+xml,200,https://commons.wikimedia.org/wiki/File:Shimane_in_Japan_(de-facto)_(narrow).svg
Shimane in Japan (de-facto).svg,"Shimane, Japan",Commons category marks SVG as invalid,Category:Invalid SVG created with Adobe Illustrator:Japanese prefecture maps,image/svg+xml,200,https://commons.wikimedia.org/wiki/File:Shimane_in_Japan_(de-facto).svg
Shizuoka in Japan (extended).svg,"Shizuoka, Japan (extended)",Commons category marks SVG as invalid,Category:Invalid SVG created with Adobe Illustrator:Japanese prefecture maps,image/svg+xml,200,https://commons.wikimedia.org/wiki/File:Shizuoka_in_Japan_(extended).svg
Shizuoka in Japan (narrow).svg,"Shizuoka, Japan (narrow)",Commons category marks SVG as invalid,Category:Invalid SVG created with Adobe Illustrator:Japanese prefecture maps,image/svg+xml,200,https://commons.wikimedia.org/wiki/File:Shizuoka_in_Japan_(narrow).svg
Shizuoka in Japan.svg,"Shizuoka, Japan",Commons category marks SVG as invalid,Category:Invalid SVG created with Adobe Illustrator:Japanese prefecture maps,image/svg+xml,200,https://commons.wikimedia.org/wiki/File:Shizuoka_in_Japan.svg
Sicily in Italy.svg,"Sicily, Italy",Commons category marks SVG as invalid,Category:Invalid SVG created with Adobe Illustrator:Maps,image/svg+xml,200,https://commons.wikimedia.org/wiki/File:Sicily_in_Italy.svg
Siena in Italy.svg,"Siena, Italy",Commons category marks SVG as invalid,Category:Invalid SVG created with Adobe Illustrator:Italian province maps,image/svg+xml,200,https://commons.wikimedia.org/wiki/File:Siena_in_Italy.svg
Sikang in Republic of China.svg,"Sikang, Republic of China",Commons category reports broken file links,Category:Files with broken file links,image/svg+xml,200,https://commons.wikimedia.org/wiki/File:Sikang_in_Republic_of_China.svg
Singapore in its region (special marker).svg,Singapore,Commons category marks SVG as invalid,Category:Invalid SVG created with Inkscape:Maps,image/svg+xml,200,https://commons.wikimedia.org/wiki/File:Singapore_in_its_region_(special_marker).svg
Sinkiang in Republic of China.svg,"Sinkiang, Republic of China",Commons category reports broken file links,Category:Files with broken file links,image/svg+xml,200,https://commons.wikimedia.org/wiki/File:Sinkiang_in_Republic_of_China.svg
Siracusa in Italy.svg,"Siracusa, Italy",Commons category marks SVG as invalid,Category:Invalid SVG created with Adobe Illustrator:Italian province maps,image/svg+xml,200,https://commons.wikimedia.org/wiki/File:Siracusa_in_Italy.svg
Soc Trang in Vietnam before 1 July 2025.svg,"Soc Trang, Vietnam before 1 July 2025",Commons category marks SVG as invalid,Category:Invalid SVG created with Adobe Illustrator:Maps of Vietnam,image/svg+xml,200,https://commons.wikimedia.org/wiki/File:Soc_Trang_in_Vietnam_before_1_July_2025.svg
Sofala in Mozambique.svg,"Sofala, Mozambique",Commons category marks SVG as invalid,Category:Invalid SVG created with Inkscape:Maps,image/svg+xml,200,https://commons.wikimedia.org/wiki/File:Sofala_in_Mozambique.svg
Solomon Islands on the globe (Oceania centered).svg,Solomon Islands,Commons category marks SVG as invalid,Category:Invalid SVG created with Adobe Illustrator:World maps,image/svg+xml,200,https://commons.wikimedia.org/wiki/File:Solomon_Islands_on_the_globe_(Oceania_centered).svg
Somalia in the world (de-jure) (W3).svg,"Somalia, the world (de-jure)",Commons category marks SVG as invalid,Category:Invalid SVG created with Adobe Illustrator:World maps,image/svg+xml,200,https://commons.wikimedia.org/wiki/File:Somalia_in_the_world_(de-jure)_(W3).svg
Somalia on the globe (de-facto) (Africa centered).svg,"Somalia, the world",Commons category marks SVG as invalid,Category:Invalid SVG created with Adobe Illustrator:World maps,image/svg+xml,200,https://commons.wikimedia.org/wiki/File:Somalia_on_the_globe_(de-facto)_(Africa_centered).svg
Somaliland in the world (W3).svg,"Somaliland, the world",Commons category marks SVG as invalid,Category:Invalid SVG created with Adobe Illustrator:World maps,image/svg+xml,200,https://commons.wikimedia.org/wiki/File:Somaliland_in_the_world_(W3).svg
Somogy vármegye in Hungary.svg,"Somogy vármegye, Hungary, the Kingdom of Hungary",Commons category marks SVG as invalid,Category:Invalid SVG created with Adobe Illustrator:Locator maps-Hungary,image/svg+xml,200,https://commons.wikimedia.org/wiki/File:Somogy_v%C3%A1rmegye_in_Hungary.svg
Son La in Viet Nam.svg,"Son La, Viet Nam",Commons category marks SVG as invalid,Category:Invalid SVG created with Adobe Illustrator:Maps of Vietnam,image/svg+xml,200,https://commons.wikimedia.org/wiki/File:Son_La_in_Viet_Nam.svg
Son La in Vietnam before 1 July 2025.svg,"Son La, Vietnam before 1 July 2025",Commons category marks SVG as invalid,Category:Invalid SVG created with Adobe Illustrator:Maps of Vietnam,image/svg+xml,200,https://commons.wikimedia.org/wiki/File:Son_La_in_Vietnam_before_1_July_2025.svg
Sondrio in Italy.svg,"Sondrio, Italy",Commons category marks SVG as invalid,Category:Invalid SVG created with Adobe Illustrator:Italian province maps,image/svg+xml,200,https://commons.wikimedia.org/wiki/File:Sondrio_in_Italy.svg
Sopron vármegye in Hungary.svg,"Sopron vármegye, Hungary, the Kingdom of Hungary",Commons category marks SVG as invalid,Category:Invalid SVG created with Adobe Illustrator:Locator maps-Hungary,image/svg+xml,200,https://commons.wikimedia.org/wiki/File:Sopron_v%C3%A1rmegye_in_Hungary.svg
South Africa in its region.svg,South Africa,Commons category marks SVG as invalid,Category:Invalid SVG created with Adobe Illustrator:Maps,image/svg+xml,200,https://commons.wikimedia.org/wiki/File:South_Africa_in_its_region.svg
South Africa in the world (W3).svg,"South Africa, the world",Commons category marks SVG as invalid,Category:Invalid SVG created with Adobe Illustrator:World maps,image/svg+xml,200,https://commons.wikimedia.org/wiki/File:South_Africa_in_the_world_(W3).svg
South america98.svg,South America with subnational borders,Commons category marks SVG as invalid,Category:Invalid SVG created with Other tools:Maps,image/svg+xml,200,https://commons.wikimedia.org/wiki/File:South_america98.svg
South Carolina in United States (US48).svg,"South Carolina, United States",Commons category marks SVG as invalid,Category:Invalid SVG created with Adobe Illustrator:Locator maps-USA,image/svg+xml,200,https://commons.wikimedia.org/wiki/File:South_Carolina_in_United_States_(US48).svg
South Carolina in United States.svg,"South Carolina, United States",Commons category marks SVG as invalid,Category:Invalid SVG created with Adobe Illustrator:Locator maps-USA,image/svg+xml,200,https://commons.wikimedia.org/wiki/File:South_Carolina_in_United_States.svg
South Dakota in United States (US48).svg,"South Dakota, United States",Commons category marks SVG as invalid,Category:Invalid SVG created with Adobe Illustrator:Locator maps-USA,image/svg+xml,200,https://commons.wikimedia.org/wiki/File:South_Dakota_in_United_States_(US48).svg
South Dakota in United States.svg,"South Dakota, United States",Commons category marks SVG as invalid,Category:Invalid SVG created with Adobe Illustrator:Locator maps-USA,image/svg+xml,200,https://commons.wikimedia.org/wiki/File:South_Dakota_in_United_States.svg
South Korea in its region.svg,South Korea,Commons category marks SVG as invalid,Category:Invalid SVG created with Adobe Illustrator:Maps,image/svg+xml,200,https://commons.wikimedia.org/wiki/File:South_Korea_in_its_region.svg
South Korea in the world (W3).svg,"South Korea, the world",Commons category marks SVG as invalid,Category:Invalid SVG created with Adobe Illustrator:World maps,image/svg+xml,200,https://commons.wikimedia.org/wiki/File:South_Korea_in_the_world_(W3).svg
South Sudan in the world (claimed) (W3).svg,"South Sudan, the world",Commons category marks SVG as invalid,Category:Invalid SVG created with Adobe Illustrator:World maps,image/svg+xml,200,https://commons.wikimedia.org/wiki/File:South_Sudan_in_the_world_(claimed)_(W3).svg
South Tyrol in Italy.svg,"South Tyrol, Italy",Commons category marks SVG as invalid,Category:Invalid SVG created with Adobe Illustrator:Italian province maps,image/svg+xml,200,https://commons.wikimedia.org/wiki/File:South_Tyrol_in_Italy.svg
Southland in New Zealand.svg,"Southland, New Zealand",Commons category marks SVG as invalid,Category:Invalid SVG created with Adobe Illustrator:Maps,image/svg+xml,200,https://commons.wikimedia.org/wiki/File:Southland_in_New_Zealand.svg
Spain Georgia Locator.svg,Georgia,Commons category marks SVG as invalid,Category:Invalid SVG created with Inkscape:Maps,image/svg+xml,200,https://commons.wikimedia.org/wiki/File:Spain_Georgia_Locator.svg
Spain location map with provinces.svg,provinces of Spain,Commons category marks SVG as invalid,Category:Invalid SVG created with Adobe Illustrator:Locator maps,image/svg+xml,200,https://commons.wikimedia.org/wiki/File:Spain_location_map_with_provinces.svg
Spain Venezuela Locator (cropped).svg,Venezuela,Commons category marks SVG as invalid,Category:Invalid SVG created with Inkscape:Flags,image/svg+xml,200,https://commons.wikimedia.org/wiki/File:Spain_Venezuela_Locator_(cropped).svg
Spanien-Autonome Regionen.svg,autonomous communities of Spain,Commons category marks SVG as invalid,Category:Invalid SVG created with Inkscape:Locator maps,image/svg+xml,200,https://commons.wikimedia.org/wiki/File:Spanien-Autonome_Regionen.svg
Sri Potti Sriramulu Nellore in Andhra Pradesh (India).svg,"Sri Potti Sriramulu Nellore, Andhra Pradesh, India",Commons category marks SVG as invalid,Category:Invalid SVG created with Inkscape:Locator maps,image/svg+xml,200,https://commons.wikimedia.org/wiki/File:Sri_Potti_Sriramulu_Nellore_in_Andhra_Pradesh_(India).svg
Sri Sathya Sai in Andhra Pradesh (India).svg,"Sri Sathya Sai, Andhra Pradesh, India",Commons category marks SVG as invalid,Category:Invalid SVG created with Inkscape:Locator maps,image/svg+xml,200,https://commons.wikimedia.org/wiki/File:Sri_Sathya_Sai_in_Andhra_Pradesh_(India).svg
Srikakulam in Andhra Pradesh (India).svg,"Srikakulam, Andhra Pradesh, India",Commons category marks SVG as invalid,Category:Invalid SVG created with Inkscape:Locator maps,image/svg+xml,200,https://commons.wikimedia.org/wiki/File:Srikakulam_in_Andhra_Pradesh_(India).svg
Stann Creek in Belize.svg,"Stann Creek, Belize",Commons category marks SVG as invalid,Category:Invalid SVG created with Adobe Illustrator:Locator maps,image/svg+xml,200,https://commons.wikimedia.org/wiki/File:Stann_Creek_in_Belize.svg
Steiermark in Austria.svg,"Steiermark, Austria",Commons category marks SVG as invalid,Category:Invalid SVG created with Adobe Illustrator:Locator maps-Austria,image/svg+xml,200,https://commons.wikimedia.org/wiki/File:Steiermark_in_Austria.svg
Sucre in Venezuela (+claimed).svg,"Sucre, Venezuela",Commons category marks SVG as invalid,Category:Invalid SVG created with Adobe Illustrator:Maps,image/svg+xml,200,https://commons.wikimedia.org/wiki/File:Sucre_in_Venezuela_(%2Bclaimed).svg
Sucre in Venezuela.svg,"Sucre, Venezuela",Commons category marks SVG as invalid,Category:Invalid SVG created with Adobe Illustrator:Maps,image/svg+xml,200,https://commons.wikimedia.org/wiki/File:Sucre_in_Venezuela.svg
Sudan 1956-2011 (orthographic projection).svg,former countries of Africa,Commons category marks SVG as invalid,Category:Invalid SVG created with Inkscape:World maps (gggs),image/svg+xml,200,https://commons.wikimedia.org/wiki/File:Sudan_1956-2011_(orthographic_projection).svg
Sudan in the world (de-facto) (W3).svg,"Sudan, the world",Commons category marks SVG as invalid,Category:Invalid SVG created with Adobe Illustrator:World maps,image/svg+xml,200,https://commons.wikimedia.org/wiki/File:Sudan_in_the_world_(de-facto)_(W3).svg
Sudan on the globe (Africa centered) (de-facto).svg,"Sudan, the world",Commons category marks SVG as invalid,Category:Invalid SVG created with Adobe Illustrator:World maps,image/svg+xml,200,https://commons.wikimedia.org/wiki/File:Sudan_on_the_globe_(Africa_centered)_(de-facto).svg
Suiyuan in Republic of China.svg,"Suiyuan, Republic of China",Commons category reports broken file links,Category:Files with broken file links,image/svg+xml,200,https://commons.wikimedia.org/wiki/File:Suiyuan_in_Republic_of_China.svg
Sungkiang in Republic of China.svg,"Sungkiang, Republic of China",Commons category reports broken file links,Category:Files with broken file links,image/svg+xml,200,https://commons.wikimedia.org/wiki/File:Sungkiang_in_Republic_of_China.svg
Suomen maisema-alueet.svg,Finland,Commons category marks SVG as invalid,Category:Invalid SVG created with Inkscape:Maps,image/svg+xml,200,https://commons.wikimedia.org/wiki/File:Suomen_maisema-alueet.svg
SVG locator map of England in the United Kingdom (location map scheme).svg,the United Kingdom,Commons category marks SVG as invalid,Category:Invalid SVG created with Inkscape:Maps,image/svg+xml,200,https://commons.wikimedia.org/wiki/File:SVG_locator_map_of_England_in_the_United_Kingdom_(location_map_scheme).svg
Swansea in Wales.svg,"Swansea, Wales",Commons category marks SVG as invalid,Category:Invalid SVG created with Adobe Illustrator:Locator maps-Wales,image/svg+xml,200,https://commons.wikimedia.org/wiki/File:Swansea_in_Wales.svg
Syddanmark in Denmark.svg,"Syddanmark, Denmark",Commons category marks SVG as invalid,Category:Invalid SVG created with Adobe Illustrator:Maps,image/svg+xml,200,https://commons.wikimedia.org/wiki/File:Syddanmark_in_Denmark.svg
Szabolcs vármegye in Hungary.svg,"Szabolcs vármegye, Hungary, the Kingdom of Hungary",Commons category marks SVG as invalid,Category:Invalid SVG created with Adobe Illustrator:Locator maps-Hungary,image/svg+xml,200,https://commons.wikimedia.org/wiki/File:Szabolcs_v%C3%A1rmegye_in_Hungary.svg
Szatmár vármegye in Hungary.svg,"Szatmár vármegye, Hungary, the Kingdom of Hungary",Commons category marks SVG as invalid,Category:Invalid SVG created with Adobe Illustrator:Locator maps-Hungary,image/svg+xml,200,https://commons.wikimedia.org/wiki/File:Szatm%C3%A1r_v%C3%A1rmegye_in_Hungary.svg
Szeben vármegye in Hungary.svg,"Szeben vármegye, Hungary, the Kingdom of Hungary",Commons category marks SVG as invalid,Category:Invalid SVG created with Adobe Illustrator:Locator maps-Hungary,image/svg+xml,200,https://commons.wikimedia.org/wiki/File:Szeben_v%C3%A1rmegye_in_Hungary.svg
Szechuan in Republic of China.svg,"Szechuan, Republic of China",Commons category reports broken file links,Category:Files with broken file links,image/svg+xml,200,https://commons.wikimedia.org/wiki/File:Szechuan_in_Republic_of_China.svg
Szepes vármegye in Hungary.svg,"Szepes vármegye, Hungary, the Kingdom of Hungary",Commons category marks SVG as invalid,Category:Invalid SVG created with Adobe Illustrator:Locator maps-Hungary,image/svg+xml,200,https://commons.wikimedia.org/wiki/File:Szepes_v%C3%A1rmegye_in_Hungary.svg
Szerém vármegye in Hungary.svg,"Szerém vármegye, Hungary, the Kingdom of Hungary",Commons category marks SVG as invalid,Category:Invalid SVG created with Adobe Illustrator:Locator maps-Hungary,image/svg+xml,200,https://commons.wikimedia.org/wiki/File:Szer%C3%A9m_v%C3%A1rmegye_in_Hungary.svg
Szilágy vármegye in Hungary.svg,"Szilágy vármegye, Hungary, the Kingdom of Hungary",Commons category marks SVG as invalid,Category:Invalid SVG created with Adobe Illustrator:Locator maps-Hungary,image/svg+xml,200,https://commons.wikimedia.org/wiki/File:Szil%C3%A1gy_v%C3%A1rmegye_in_Hungary.svg
Szolnok-Doboka vármegye in Hungary.svg,"Szolnok-Doboka vármegye, Hungary, the Kingdom of Hungary",Commons category marks SVG as invalid,Category:Invalid SVG created with Adobe Illustrator:Locator maps-Hungary,image/svg+xml,200,https://commons.wikimedia.org/wiki/File:Szolnok-Doboka_v%C3%A1rmegye_in_Hungary.svg
Sáros vármegye in Hungary.svg,"Sáros vármegye, Hungary, the Kingdom of Hungary",Commons category marks SVG as invalid,Category:Invalid SVG created with Adobe Illustrator:Locator maps-Hungary,image/svg+xml,200,https://commons.wikimedia.org/wiki/File:S%C3%A1ros_v%C3%A1rmegye_in_Hungary.svg
Tachira in Venezuela (+claimed).svg,"Tachira, Venezuela",Commons category marks SVG as invalid,Category:Invalid SVG created with Adobe Illustrator:Maps,image/svg+xml,200,https://commons.wikimedia.org/wiki/File:Tachira_in_Venezuela_(%2Bclaimed).svg
Tachira in Venezuela.svg,"Tachira, Venezuela",Commons category marks SVG as invalid,Category:Invalid SVG created with Adobe Illustrator:Maps,image/svg+xml,200,https://commons.wikimedia.org/wiki/File:Tachira_in_Venezuela.svg
Taiwan in Republic of China.svg,"Taiwan, Republic of China",Commons category reports broken file links,Category:Files with broken file links,image/svg+xml,200,https://commons.wikimedia.org/wiki/File:Taiwan_in_Republic_of_China.svg
Taranaki in New Zealand.svg,"Taranaki, New Zealand",Commons category marks SVG as invalid,Category:Invalid SVG created with Adobe Illustrator:Maps,image/svg+xml,200,https://commons.wikimedia.org/wiki/File:Taranaki_in_New_Zealand.svg
Taranto in Italy.svg,"Taranto, Italy",Commons category marks SVG as invalid,Category:Invalid SVG created with Adobe Illustrator:Italian province maps,image/svg+xml,200,https://commons.wikimedia.org/wiki/File:Taranto_in_Italy.svg
Tasman in New Zealand.svg,"Tasman, New Zealand",Commons category marks SVG as invalid,Category:Invalid SVG created with Adobe Illustrator:Maps,image/svg+xml,200,https://commons.wikimedia.org/wiki/File:Tasman_in_New_Zealand.svg
Tay Ninh in Viet Nam.svg,"Tay Ninh, Viet Nam",Commons category marks SVG as invalid,Category:Invalid SVG created with Adobe Illustrator:Maps of Vietnam,image/svg+xml,200,https://commons.wikimedia.org/wiki/File:Tay_Ninh_in_Viet_Nam.svg
Tay Ninh in Vietnam before 1 July 2025.svg,"Tay Ninh, Vietnam before 1 July 2025",Commons category marks SVG as invalid,Category:Invalid SVG created with Adobe Illustrator:Maps of Vietnam,image/svg+xml,200,https://commons.wikimedia.org/wiki/File:Tay_Ninh_in_Vietnam_before_1_July_2025.svg
Temes vármegye in Hungary.svg,"Temes vármegye, Hungary, the Kingdom of Hungary",Commons category marks SVG as invalid,Category:Invalid SVG created with Adobe Illustrator:Locator maps-Hungary,image/svg+xml,200,https://commons.wikimedia.org/wiki/File:Temes_v%C3%A1rmegye_in_Hungary.svg
Tennessee in United States (US48).svg,"Tennessee, United States",Commons category marks SVG as invalid,Category:Invalid SVG created with Adobe Illustrator:Locator maps-USA,image/svg+xml,200,https://commons.wikimedia.org/wiki/File:Tennessee_in_United_States_(US48).svg
Tennessee in United States.svg,"Tennessee, United States",Commons category marks SVG as invalid,Category:Invalid SVG created with Adobe Illustrator:Locator maps-USA,image/svg+xml,200,https://commons.wikimedia.org/wiki/File:Tennessee_in_United_States.svg
Terni in Italy.svg,"Terni, Italy",Commons category marks SVG as invalid,Category:Invalid SVG created with Adobe Illustrator:Italian province maps,image/svg+xml,200,https://commons.wikimedia.org/wiki/File:Terni_in_Italy.svg
Ternopil in Ukraine.svg,"Ternopil, Ukraine",Commons category marks SVG as invalid,Category:Invalid SVG created with Adobe Illustrator:Locator maps,image/svg+xml,200,https://commons.wikimedia.org/wiki/File:Ternopil_in_Ukraine.svg
Tete in Mozambique.svg,"Tete, Mozambique",Commons category marks SVG as invalid,Category:Invalid SVG created with Inkscape:Maps,image/svg+xml,200,https://commons.wikimedia.org/wiki/File:Tete_in_Mozambique.svg
Texas in United States.svg,"Texas, United States",Commons category marks SVG as invalid,Category:Invalid SVG created with Adobe Illustrator:Locator maps-USA,image/svg+xml,200,https://commons.wikimedia.org/wiki/File:Texas_in_United_States.svg
Thai Binh in Vietnam before 1 July 2025 (special marker).svg,"Thai Binh, Vietnam before 1 July 2025",Commons category marks SVG as invalid,Category:Invalid SVG created with Adobe Illustrator:Maps of Vietnam,image/svg+xml,200,https://commons.wikimedia.org/wiki/File:Thai_Binh_in_Vietnam_before_1_July_2025_(special_marker).svg
Thai Binh in Vietnam before 1 July 2025.svg,"Thai Binh, Vietnam before 1 July 2025",Commons category marks SVG as invalid,Category:Invalid SVG created with Adobe Illustrator:Maps of Vietnam,image/svg+xml,200,https://commons.wikimedia.org/wiki/File:Thai_Binh_in_Vietnam_before_1_July_2025.svg
Thai Nguyen in Viet Nam.svg,"Thai Nguyen, Viet Nam",Commons category marks SVG as invalid,Category:Invalid SVG created with Adobe Illustrator:Maps of Vietnam,image/svg+xml,200,https://commons.wikimedia.org/wiki/File:Thai_Nguyen_in_Viet_Nam.svg
Thai Nguyen in Vietnam before 1 July 2025.svg,"Thai Nguyen, Vietnam before 1 July 2025",Commons category marks SVG as invalid,Category:Invalid SVG created with Adobe Illustrator:Maps of Vietnam,image/svg+xml,200,https://commons.wikimedia.org/wiki/File:Thai_Nguyen_in_Vietnam_before_1_July_2025.svg
Thanh Hoa in Viet Nam.svg,"Thanh Hoa, Viet Nam",Commons category marks SVG as invalid,Category:Invalid SVG created with Adobe Illustrator:Maps of Vietnam,image/svg+xml,200,https://commons.wikimedia.org/wiki/File:Thanh_Hoa_in_Viet_Nam.svg
Thanh Hoa in Vietnam before 1 July 2025.svg,"Thanh Hoa, Vietnam before 1 July 2025",Commons category marks SVG as invalid,Category:Invalid SVG created with Adobe Illustrator:Maps of Vietnam,image/svg+xml,200,https://commons.wikimedia.org/wiki/File:Thanh_Hoa_in_Vietnam_before_1_July_2025.svg
Three Kings Islands in New Zealand.svg,"Three Kings Islands, New Zealand",Commons category marks SVG as invalid,Category:Invalid SVG created with Adobe Illustrator:Maps,image/svg+xml,200,https://commons.wikimedia.org/wiki/File:Three_Kings_Islands_in_New_Zealand.svg
Thua Thien Hue in Vietnam before 1 July 2025.svg,"Thua Thien Hue, Vietnam before 1 July 2025",Commons category marks SVG as invalid,Category:Invalid SVG created with Adobe Illustrator:Maps of Vietnam,image/svg+xml,200,https://commons.wikimedia.org/wiki/File:Thua_Thien_Hue_in_Vietnam_before_1_July_2025.svg
Thuringia in Germany.svg,"Thuringia, Germany",Commons category marks SVG as invalid,Category:Invalid SVG created with Adobe Illustrator:Locator maps,image/svg+xml,200,https://commons.wikimedia.org/wiki/File:Thuringia_in_Germany.svg
Tibet Area in Republic of China.svg,"Tibet Area, Republic of China",Commons category reports broken file links,Category:Files with broken file links,image/svg+xml,200,https://commons.wikimedia.org/wiki/File:Tibet_Area_in_Republic_of_China.svg
Tien Giang in Vietnam before 1 July 2025.svg,"Tien Giang, Vietnam before 1 July 2025",Commons category marks SVG as invalid,Category:Invalid SVG created with Adobe Illustrator:Maps of Vietnam,image/svg+xml,200,https://commons.wikimedia.org/wiki/File:Tien_Giang_in_Vietnam_before_1_July_2025.svg
Tirol in Austria.svg,"Tirol, Austria",Commons category marks SVG as invalid,Category:Invalid SVG created with Adobe Illustrator:Locator maps-Austria,image/svg+xml,200,https://commons.wikimedia.org/wiki/File:Tirol_in_Austria.svg
Tirupati in Andhra Pradesh (India).svg,"Tirupati, Andhra Pradesh, India",Commons category marks SVG as invalid,Category:Invalid SVG created with Inkscape:Locator maps,image/svg+xml,200,https://commons.wikimedia.org/wiki/File:Tirupati_in_Andhra_Pradesh_(India).svg
Tochigi in Japan (extended).svg,"Tochigi, Japan (extended)",Commons category marks SVG as invalid,Category:Invalid SVG created with Adobe Illustrator:Japanese prefecture maps,image/svg+xml,200,https://commons.wikimedia.org/wiki/File:Tochigi_in_Japan_(extended).svg
Tochigi in Japan (narrow).svg,"Tochigi, Japan (narrow)",Commons category marks SVG as invalid,Category:Invalid SVG created with Adobe Illustrator:Japanese prefecture maps,image/svg+xml,200,https://commons.wikimedia.org/wiki/File:Tochigi_in_Japan_(narrow).svg
Tochigi in Japan.svg,"Tochigi, Japan",Commons category marks SVG as invalid,Category:Invalid SVG created with Adobe Illustrator:Japanese prefecture maps,image/svg+xml,200,https://commons.wikimedia.org/wiki/File:Tochigi_in_Japan.svg
Tokelau in New Zealand.svg,"Tokelau, New Zealand",Commons category marks SVG as invalid,Category:Invalid SVG created with Adobe Illustrator:Maps,image/svg+xml,200,https://commons.wikimedia.org/wiki/File:Tokelau_in_New_Zealand.svg
Tokushima in Japan (extended).svg,"Tokushima, Japan (extended)",Commons category marks SVG as invalid,Category:Invalid SVG created with Adobe Illustrator:Japanese prefecture maps,image/svg+xml,200,https://commons.wikimedia.org/wiki/File:Tokushima_in_Japan_(extended).svg
Tokushima in Japan (narrow).svg,"Tokushima, Japan (narrow)",Commons category marks SVG as invalid,Category:Invalid SVG created with Adobe Illustrator:Japanese prefecture maps,image/svg+xml,200,https://commons.wikimedia.org/wiki/File:Tokushima_in_Japan_(narrow).svg
Tokushima in Japan.svg,"Tokushima, Japan",Commons category marks SVG as invalid,Category:Invalid SVG created with Adobe Illustrator:Japanese prefecture maps,image/svg+xml,200,https://commons.wikimedia.org/wiki/File:Tokushima_in_Japan.svg
Tokyo in Japan (extended).svg,"Tokyo, Japan (extended)",Commons category marks SVG as invalid,Category:Invalid SVG created with Adobe Illustrator:Japanese prefecture maps,image/svg+xml,200,https://commons.wikimedia.org/wiki/File:Tokyo_in_Japan_(extended).svg
Tokyo in Japan (narrow).svg,"Tokyo, Japan (narrow)",Commons category marks SVG as invalid,Category:Invalid SVG created with Adobe Illustrator:Japanese prefecture maps,image/svg+xml,200,https://commons.wikimedia.org/wiki/File:Tokyo_in_Japan_(narrow).svg
Tokyo in Japan.svg,"Tokyo, Japan",Commons category marks SVG as invalid,Category:Invalid SVG created with Adobe Illustrator:Japanese prefecture maps,image/svg+xml,200,https://commons.wikimedia.org/wiki/File:Tokyo_in_Japan.svg
Toledo in Belize.svg,"Toledo, Belize",Commons category marks SVG as invalid,Category:Invalid SVG created with Adobe Illustrator:Locator maps,image/svg+xml,200,https://commons.wikimedia.org/wiki/File:Toledo_in_Belize.svg
Tolna vármegye in Hungary.svg,"Tolna vármegye, Hungary, the Kingdom of Hungary",Commons category marks SVG as invalid,Category:Invalid SVG created with Adobe Illustrator:Locator maps-Hungary,image/svg+xml,200,https://commons.wikimedia.org/wiki/File:Tolna_v%C3%A1rmegye_in_Hungary.svg
Tomsk in Russia.svg,"Tomsk, Russia",Commons category marks SVG as invalid,Category:Invalid SVG created with Adobe Illustrator:Locator maps,image/svg+xml,200,https://commons.wikimedia.org/wiki/File:Tomsk_in_Russia.svg
Torda-Aranyos vármegye in Hungary.svg,"Torda-Aranyos vármegye, Hungary, the Kingdom of Hungary",Commons category marks SVG as invalid,Category:Invalid SVG created with Adobe Illustrator:Locator maps-Hungary,image/svg+xml,200,https://commons.wikimedia.org/wiki/File:Torda-Aranyos_v%C3%A1rmegye_in_Hungary.svg
Torfaen in Wales.svg,"Torfaen, Wales",Commons category marks SVG as invalid,Category:Invalid SVG created with Adobe Illustrator:Locator maps-Wales,image/svg+xml,200,https://commons.wikimedia.org/wiki/File:Torfaen_in_Wales.svg
Torino in Italy.svg,"Torino, Italy",Commons category marks SVG as invalid,Category:Invalid SVG created with Adobe Illustrator:Italian province maps,image/svg+xml,200,https://commons.wikimedia.org/wiki/File:Torino_in_Italy.svg
Torontál vármegye in Hungary.svg,"Torontál vármegye, Hungary, the Kingdom of Hungary",Commons category marks SVG as invalid,Category:Invalid SVG created with Adobe Illustrator:Locator maps-Hungary,image/svg+xml,200,https://commons.wikimedia.org/wiki/File:Toront%C3%A1l_v%C3%A1rmegye_in_Hungary.svg
Tottori in Japan (extended).svg,"Tottori, Japan (extended)",Commons category marks SVG as invalid,Category:Invalid SVG created with Adobe Illustrator:Japanese prefecture maps,image/svg+xml,200,https://commons.wikimedia.org/wiki/File:Tottori_in_Japan_(extended).svg
Tottori in Japan (narrow).svg,"Tottori, Japan (narrow)",Commons category marks SVG as invalid,Category:Invalid SVG created with Adobe Illustrator:Japanese prefecture maps,image/svg+xml,200,https://commons.wikimedia.org/wiki/File:Tottori_in_Japan_(narrow).svg
Tottori in Japan.svg,"Tottori, Japan",Commons category marks SVG as invalid,Category:Invalid SVG created with Adobe Illustrator:Japanese prefecture maps,image/svg+xml,200,https://commons.wikimedia.org/wiki/File:Tottori_in_Japan.svg
Toyama in Japan (extended).svg,"Toyama, Japan (extended)",Commons category marks SVG as invalid,Category:Invalid SVG created with Adobe Illustrator:Japanese prefecture maps,image/svg+xml,200,https://commons.wikimedia.org/wiki/File:Toyama_in_Japan_(extended).svg
Toyama in Japan (narrow).svg,"Toyama, Japan (narrow)",Commons category marks SVG as invalid,Category:Invalid SVG created with Adobe Illustrator:Japanese prefecture maps,image/svg+xml,200,https://commons.wikimedia.org/wiki/File:Toyama_in_Japan_(narrow).svg
Toyama in Japan.svg,"Toyama, Japan",Commons category marks SVG as invalid,Category:Invalid SVG created with Adobe Illustrator:Japanese prefecture maps,image/svg+xml,200,https://commons.wikimedia.org/wiki/File:Toyama_in_Japan.svg
Trencsén vármegye in Hungary.svg,"Trencsén vármegye, Hungary, the Kingdom of Hungary",Commons category marks SVG as invalid,Category:Invalid SVG created with Adobe Illustrator:Locator maps-Hungary,image/svg+xml,200,https://commons.wikimedia.org/wiki/File:Trencs%C3%A9n_v%C3%A1rmegye_in_Hungary.svg
Trentino in Italy.svg,"Trentino, Italy",Commons category marks SVG as invalid,Category:Invalid SVG created with Adobe Illustrator:Italian province maps,image/svg+xml,200,https://commons.wikimedia.org/wiki/File:Trentino_in_Italy.svg
Trentino-Alto Adige in Italy (+provinces).svg,"Trentino-Alto Adige, Italy (+provinces)",Commons category marks SVG as invalid,Category:Invalid SVG created with Adobe Illustrator:Maps,image/svg+xml,200,https://commons.wikimedia.org/wiki/File:Trentino-Alto_Adige_in_Italy_(%2Bprovinces).svg
Trentino-Alto Adige in Italy.svg,"Trentino-Alto Adige, Italy",Commons category marks SVG as invalid,Category:Invalid SVG created with Adobe Illustrator:Maps,image/svg+xml,200,https://commons.wikimedia.org/wiki/File:Trentino-Alto_Adige_in_Italy.svg
Trentino-South Tyrol in Italy.svg,"Trentino-South Tyrol, Italy",Commons category marks SVG as invalid,Category:Invalid SVG created with Adobe Illustrator:Locator maps,image/svg+xml,200,https://commons.wikimedia.org/wiki/File:Trentino-South_Tyrol_in_Italy.svg
Treviso in Italy.svg,"Treviso, Italy",Commons category marks SVG as invalid,Category:Invalid SVG created with Adobe Illustrator:Italian province maps,image/svg+xml,200,https://commons.wikimedia.org/wiki/File:Treviso_in_Italy.svg
Trujillo in Venezuela (+claimed).svg,"Trujillo, Venezuela",Commons category marks SVG as invalid,Category:Invalid SVG created with Adobe Illustrator:Maps,image/svg+xml,200,https://commons.wikimedia.org/wiki/File:Trujillo_in_Venezuela_(%2Bclaimed).svg
Trujillo in Venezuela.svg,"Trujillo, Venezuela",Commons category marks SVG as invalid,Category:Invalid SVG created with Adobe Illustrator:Maps,image/svg+xml,200,https://commons.wikimedia.org/wiki/File:Trujillo_in_Venezuela.svg
Tsinghai in Republic of China.svg,"Tsinghai, Republic of China",Commons category reports broken file links,Category:Files with broken file links,image/svg+xml,200,https://commons.wikimedia.org/wiki/File:Tsinghai_in_Republic_of_China.svg
Tuamotu relief location map.svg,French Polynesia,Commons category marks SVG as invalid,Category:Invalid SVG created with Inkscape:Locator maps,image/svg+xml,200,https://commons.wikimedia.org/wiki/File:Tuamotu_relief_location_map.svg
Turkey in Europe (-rivers -mini map).svg,"Turkey, Europe",Commons category marks SVG as invalid,Category:Invalid SVG created with Adobe Illustrator:Maps,image/svg+xml,200,https://commons.wikimedia.org/wiki/File:Turkey_in_Europe_(-rivers_-mini_map).svg
Turkmenistan on the globe (Afro-Eurasia centered).svg,Turkmenistan,Commons category marks SVG as invalid,Category:Invalid SVG created with Adobe Illustrator:World maps,image/svg+xml,200,https://commons.wikimedia.org/wiki/File:Turkmenistan_on_the_globe_(Afro-Eurasia_centered).svg
Turks and Caicos Islands in its region.svg,the Turks and Caicos Islands,Commons category marks SVG as invalid,Category:Invalid SVG created with Adobe Illustrator:Maps,image/svg+xml,200,https://commons.wikimedia.org/wiki/File:Turks_and_Caicos_Islands_in_its_region.svg
Turóc vármegye in Hungary.svg,"Turóc vármegye, Hungary, the Kingdom of Hungary",Commons category marks SVG as invalid,Category:Invalid SVG created with Adobe Illustrator:Locator maps-Hungary,image/svg+xml,200,https://commons.wikimedia.org/wiki/File:Tur%C3%B3c_v%C3%A1rmegye_in_Hungary.svg
Tuscany in Italy.svg,"Tuscany, Italy",Commons category marks SVG as invalid,Category:Invalid SVG created with Adobe Illustrator:Maps,image/svg+xml,200,https://commons.wikimedia.org/wiki/File:Tuscany_in_Italy.svg
Tuyen Quang in Viet Nam.svg,"Tuyen Quang, Viet Nam",Commons category marks SVG as invalid,Category:Invalid SVG created with Adobe Illustrator:Maps of Vietnam,image/svg+xml,200,https://commons.wikimedia.org/wiki/File:Tuyen_Quang_in_Viet_Nam.svg
Tuyen Quang in Vietnam before 1 July 2025.svg,"Tuyen Quang, Vietnam before 1 July 2025",Commons category marks SVG as invalid,Category:Invalid SVG created with Adobe Illustrator:Maps of Vietnam,image/svg+xml,200,https://commons.wikimedia.org/wiki/File:Tuyen_Quang_in_Vietnam_before_1_July_2025.svg
Tyneside in England.svg,"Tyneside, England, the United Kingdom",Commons category marks SVG as invalid,Category:Invalid SVG created with Adobe Illustrator:Maps,image/svg+xml,200,https://commons.wikimedia.org/wiki/File:Tyneside_in_England.svg
Udvarhely vármegye in Hungary.svg,"Udvarhely vármegye, Hungary, the Kingdom of Hungary",Commons category marks SVG as invalid,Category:Invalid SVG created with Adobe Illustrator:Locator maps-Hungary,image/svg+xml,200,https://commons.wikimedia.org/wiki/File:Udvarhely_v%C3%A1rmegye_in_Hungary.svg
UE-España (proyección ortográfica) en 2014.svg,Spain,Commons category marks SVG as invalid,Category:Invalid SVG created with Inkscape:Maps of EU | Category:Invalid SVG created with Inkscape:World maps (gggs),image/svg+xml,200,https://commons.wikimedia.org/wiki/File:UE-Espa%C3%B1a_(proyecci%C3%B3n_ortogr%C3%A1fica)_en_2014.svg
Ugocsa vármegye in Hungary.svg,"Ugocsa vármegye, Hungary, the Kingdom of Hungary",Commons category marks SVG as invalid,Category:Invalid SVG created with Adobe Illustrator:Locator maps-Hungary,image/svg+xml,200,https://commons.wikimedia.org/wiki/File:Ugocsa_v%C3%A1rmegye_in_Hungary.svg
Ukraine (claims hatched) in Europe.svg,"Ukraine (claims hatched), Europe",Commons category marks SVG as invalid,Category:Invalid SVG created with Adobe Illustrator:Maps,image/svg+xml,200,https://commons.wikimedia.org/wiki/File:Ukraine_(claims_hatched)_in_Europe.svg
Ukraine in Europe with disputed territories.svg,"Ukraine, Europe with disputed territories",Commons category marks SVG as invalid,Category:Invalid SVG created with Other tools:Maps,image/svg+xml,200,https://commons.wikimedia.org/wiki/File:Ukraine_in_Europe_with_disputed_territories.svg
Ukraine in its region.svg,Ukraine,Commons category marks SVG as invalid,Category:Invalid SVG created with Adobe Illustrator:World maps,image/svg+xml,200,https://commons.wikimedia.org/wiki/File:Ukraine_in_its_region.svg
Ukraine in the world (W3).svg,"Ukraine, the world",Commons category marks SVG as invalid,Category:Invalid SVG created with Adobe Illustrator:World maps,image/svg+xml,200,https://commons.wikimedia.org/wiki/File:Ukraine_in_the_world_(W3).svg
Umbria in Italy.svg,"Umbria, Italy",Commons category marks SVG as invalid,Category:Invalid SVG created with Adobe Illustrator:Maps,image/svg+xml,200,https://commons.wikimedia.org/wiki/File:Umbria_in_Italy.svg
Umm Slal in Qatar.svg,"Umm Slal, Qatar",Commons category marks SVG as invalid,Category:Invalid SVG created with Adobe Illustrator:Locator maps,image/svg+xml,200,https://commons.wikimedia.org/wiki/File:Umm_Slal_in_Qatar.svg
Ung vármegye in Hungary.svg,"Ung vármegye, Hungary, the Kingdom of Hungary",Commons category marks SVG as invalid,Category:Invalid SVG created with Adobe Illustrator:Locator maps-Hungary,image/svg+xml,200,https://commons.wikimedia.org/wiki/File:Ung_v%C3%A1rmegye_in_Hungary.svg
United Kingdom (+overseas territories and crown dependencies) in the World (+Antarctica claims).svg,"United Kingdom (+overseas territories and crown dependencies), the World (+Antarctica claims)",Commons category marks SVG as invalid,Category:Invalid SVG created with Adobe Illustrator:Maps,image/svg+xml,200,https://commons.wikimedia.org/wiki/File:United_Kingdom_(%2Boverseas_territories_and_crown_dependencies)_in_the_World_(%2BAntarctica_claims).svg
United States in its region (Lower 50 and Puerto Rico special).svg,"United States, the United States",Commons category marks SVG as invalid,Category:Invalid SVG created with Adobe Illustrator:Maps,image/svg+xml,200,https://commons.wikimedia.org/wiki/File:United_States_in_its_region_(Lower_50_and_Puerto_Rico_special).svg
United States on the globe (Baker Island special) (small islands magnified) (Polynesia centered).svg,"United States, the United States",Commons category marks SVG as invalid,Category:Invalid SVG created with Adobe Illustrator:World maps,image/svg+xml,200,https://commons.wikimedia.org/wiki/File:United_States_on_the_globe_(Baker_Island_special)_(small_islands_magnified)_(Polynesia_centered).svg
Unity in South Sudan (+Kafia Kingi).svg,"Unity, South Sudan (+Kafia Kingi)",Commons category marks SVG as invalid,Category:Invalid SVG created with Adobe Illustrator:Maps,image/svg+xml,200,https://commons.wikimedia.org/wiki/File:Unity_in_South_Sudan_(%2BKafia_Kingi).svg
Unity in South Sudan.svg,"Unity, South Sudan",Commons category marks SVG as invalid,Category:Invalid SVG created with Adobe Illustrator:Maps,image/svg+xml,200,https://commons.wikimedia.org/wiki/File:Unity_in_South_Sudan.svg
Upper Nile in South Sudan (+Kafia Kingi).svg,"Upper Nile, South Sudan (+Kafia Kingi)",Commons category marks SVG as invalid,Category:Invalid SVG created with Adobe Illustrator:Maps,image/svg+xml,200,https://commons.wikimedia.org/wiki/File:Upper_Nile_in_South_Sudan_(%2BKafia_Kingi).svg
Upper Nile in South Sudan.svg,"Upper Nile, South Sudan",Commons category marks SVG as invalid,Category:Invalid SVG created with Adobe Illustrator:Maps,image/svg+xml,200,https://commons.wikimedia.org/wiki/File:Upper_Nile_in_South_Sudan.svg
Uruguay on the globe (South America centered).svg,Uruguay,Commons category marks SVG as invalid,Category:Invalid SVG created with Adobe Illustrator:World maps,image/svg+xml,200,https://commons.wikimedia.org/wiki/File:Uruguay_on_the_globe_(South_America_centered).svg
USA location map - counties - no water.svg,the United States,Commons category marks SVG as invalid,Category:Invalid SVG created with Adobe Illustrator:Locator maps,image/svg+xml,200,https://commons.wikimedia.org/wiki/File:USA_location_map_-_counties_-_no_water.svg
USA location mapa-Pensilvania.svg,states in the United States,Commons category marks SVG as invalid,Category:Invalid SVG created with Adobe Illustrator:Locator maps-USA,image/svg+xml,200,https://commons.wikimedia.org/wiki/File:USA_location_mapa-Pensilvania.svg
Utah in United States (US48).svg,"Utah, United States",Commons category marks SVG as invalid,Category:Invalid SVG created with Adobe Illustrator:Locator maps-USA,image/svg+xml,200,https://commons.wikimedia.org/wiki/File:Utah_in_United_States_(US48).svg
Utah in United States.svg,"Utah, United States",Commons category marks SVG as invalid,Category:Invalid SVG created with Adobe Illustrator:Locator maps-USA,image/svg+xml,200,https://commons.wikimedia.org/wiki/File:Utah_in_United_States.svg
Vale of Glamorgan in Wales.svg,"Vale of Glamorgan, Wales",Commons category marks SVG as invalid,Category:Invalid SVG created with Adobe Illustrator:Locator maps-Wales,image/svg+xml,200,https://commons.wikimedia.org/wiki/File:Vale_of_Glamorgan_in_Wales.svg
Vale of Glamorgan UK map.svg,the Vale of Glamorgan,Commons category marks SVG as invalid,Category:Invalid SVG created with Inkscape,image/svg+xml,200,https://commons.wikimedia.org/wiki/File:Vale_of_Glamorgan_UK_map.svg
Varasd vármegye in Hungary.svg,"Varasd vármegye, Hungary, the Kingdom of Hungary",Commons category marks SVG as invalid,Category:Invalid SVG created with Adobe Illustrator:Locator maps-Hungary,image/svg+xml,200,https://commons.wikimedia.org/wiki/File:Varasd_v%C3%A1rmegye_in_Hungary.svg
Varese in Italy.svg,"Varese, Italy",Commons category marks SVG as invalid,Category:Invalid SVG created with Adobe Illustrator:Italian province maps,image/svg+xml,200,https://commons.wikimedia.org/wiki/File:Varese_in_Italy.svg
Vargas in Venezuela (+claimed).svg,"Vargas, Venezuela",Commons category marks SVG as invalid,Category:Invalid SVG created with Adobe Illustrator:Maps,image/svg+xml,200,https://commons.wikimedia.org/wiki/File:Vargas_in_Venezuela_(%2Bclaimed).svg
Vargas in Venezuela (special marker) (+claimed).svg,"Vargas, Venezuela",Commons category marks SVG as invalid,Category:Invalid SVG created with Adobe Illustrator:Maps,image/svg+xml,200,https://commons.wikimedia.org/wiki/File:Vargas_in_Venezuela_(special_marker)_(%2Bclaimed).svg
Vargas in Venezuela (special marker).svg,"Vargas, Venezuela",Commons category marks SVG as invalid,Category:Invalid SVG created with Adobe Illustrator:Maps,image/svg+xml,200,https://commons.wikimedia.org/wiki/File:Vargas_in_Venezuela_(special_marker).svg
Vargas in Venezuela.svg,"Vargas, Venezuela",Commons category marks SVG as invalid,Category:Invalid SVG created with Adobe Illustrator:Maps,image/svg+xml,200,https://commons.wikimedia.org/wiki/File:Vargas_in_Venezuela.svg
Vas vármegye in Hungary.svg,"Vas vármegye, Hungary, the Kingdom of Hungary",Commons category marks SVG as invalid,Category:Invalid SVG created with Adobe Illustrator:Locator maps-Hungary,image/svg+xml,200,https://commons.wikimedia.org/wiki/File:Vas_v%C3%A1rmegye_in_Hungary.svg
Veneto in Italy.svg,"Veneto, Italy",Commons category marks SVG as invalid,Category:Invalid SVG created with Adobe Illustrator:Maps,image/svg+xml,200,https://commons.wikimedia.org/wiki/File:Veneto_in_Italy.svg
Venezia in Italy.svg,"Venezia, Italy",Commons category marks SVG as invalid,Category:Invalid SVG created with Adobe Illustrator:Italian province maps,image/svg+xml,200,https://commons.wikimedia.org/wiki/File:Venezia_in_Italy.svg
Venezuela on the globe (South America centered).svg,Venezuela,Commons category marks SVG as invalid,Category:Invalid SVG created with Adobe Illustrator:World maps,image/svg+xml,200,https://commons.wikimedia.org/wiki/File:Venezuela_on_the_globe_(South_America_centered).svg
Venezuela Orthographic Map.svg,Guayana Esequiba,Commons category marks SVG as invalid,Category:Invalid SVG created with Inkscape:World maps (gggs),image/svg+xml,200,https://commons.wikimedia.org/wiki/File:Venezuela_Orthographic_Map.svg
Verbano-Cusio-Ossola in Italy.svg,"Verbano-Cusio-Ossola, Italy",Commons category marks SVG as invalid,Category:Invalid SVG created with Adobe Illustrator:Italian province maps,image/svg+xml,200,https://commons.wikimedia.org/wiki/File:Verbano-Cusio-Ossola_in_Italy.svg
Vercelli in Italy.svg,"Vercelli, Italy",Commons category marks SVG as invalid,Category:Invalid SVG created with Adobe Illustrator:Italian province maps,image/svg+xml,200,https://commons.wikimedia.org/wiki/File:Vercelli_in_Italy.svg
Vermont in United States (US48).svg,"Vermont, United States",Commons category marks SVG as invalid,Category:Invalid SVG created with Adobe Illustrator:Locator maps-USA,image/svg+xml,200,https://commons.wikimedia.org/wiki/File:Vermont_in_United_States_(US48).svg
Vermont in United States (zoom) (US48).svg,"Vermont, United States",Commons category marks SVG as invalid,Category:Invalid SVG created with Adobe Illustrator:Locator maps-USA,image/svg+xml,200,https://commons.wikimedia.org/wiki/File:Vermont_in_United_States_(zoom)_(US48).svg
Vermont in United States (zoom).svg,"Vermont, United States",Commons category marks SVG as invalid,Category:Invalid SVG created with Adobe Illustrator:Locator maps-USA,image/svg+xml,200,https://commons.wikimedia.org/wiki/File:Vermont_in_United_States_(zoom).svg
Vermont in United States.svg,"Vermont, United States",Commons category marks SVG as invalid,Category:Invalid SVG created with Adobe Illustrator:Locator maps-USA,image/svg+xml,200,https://commons.wikimedia.org/wiki/File:Vermont_in_United_States.svg
Verona in Italy.svg,"Verona, Italy",Commons category marks SVG as invalid,Category:Invalid SVG created with Adobe Illustrator:Italian province maps,image/svg+xml,200,https://commons.wikimedia.org/wiki/File:Verona_in_Italy.svg
Verőce vármegye in Hungary.svg,"Verőce vármegye, Hungary, the Kingdom of Hungary",Commons category marks SVG as invalid,Category:Invalid SVG created with Adobe Illustrator:Locator maps-Hungary,image/svg+xml,200,https://commons.wikimedia.org/wiki/File:Ver%C5%91ce_v%C3%A1rmegye_in_Hungary.svg
Veszprém vármegye in Hungary.svg,"Veszprém vármegye, Hungary, the Kingdom of Hungary",Commons category marks SVG as invalid,Category:Invalid SVG created with Adobe Illustrator:Locator maps-Hungary,image/svg+xml,200,https://commons.wikimedia.org/wiki/File:Veszpr%C3%A9m_v%C3%A1rmegye_in_Hungary.svg
Vibo Valentia in Italy.svg,"Vibo Valentia, Italy",Commons category marks SVG as invalid,Category:Invalid SVG created with Adobe Illustrator:Italian province maps,image/svg+xml,200,https://commons.wikimedia.org/wiki/File:Vibo_Valentia_in_Italy.svg
Vicenza in Italy.svg,"Vicenza, Italy",Commons category marks SVG as invalid,Category:Invalid SVG created with Adobe Illustrator:Italian province maps,image/svg+xml,200,https://commons.wikimedia.org/wiki/File:Vicenza_in_Italy.svg
Vietnam in the world (W3).svg,"Vietnam, the world",Commons category marks SVG as invalid,Category:Invalid SVG created with Adobe Illustrator:World maps,image/svg+xml,200,https://commons.wikimedia.org/wiki/File:Vietnam_in_the_world_(W3).svg
Villa Clara in Cuba.svg,"Villa Clara, Cuba",Commons category marks SVG as invalid,Category:Invalid SVG created with Adobe Illustrator:Cuba maps,image/svg+xml,200,https://commons.wikimedia.org/wiki/File:Villa_Clara_in_Cuba.svg
Vinh Long in Viet Nam.svg,"Vinh Long, Viet Nam",Commons category marks SVG as invalid,Category:Invalid SVG created with Adobe Illustrator:Maps of Vietnam,image/svg+xml,200,https://commons.wikimedia.org/wiki/File:Vinh_Long_in_Viet_Nam.svg
Vinh Long in Vietnam before 1 July 2025 (special marker).svg,"Vinh Long, Vietnam before 1 July 2025",Commons category marks SVG as invalid,Category:Invalid SVG created with Adobe Illustrator:Maps of Vietnam,image/svg+xml,200,https://commons.wikimedia.org/wiki/File:Vinh_Long_in_Vietnam_before_1_July_2025_(special_marker).svg
Vinh Long in Vietnam before 1 July 2025.svg,"Vinh Long, Vietnam before 1 July 2025",Commons category marks SVG as invalid,Category:Invalid SVG created with Adobe Illustrator:Maps of Vietnam,image/svg+xml,200,https://commons.wikimedia.org/wiki/File:Vinh_Long_in_Vietnam_before_1_July_2025.svg
Vinh Phuc in Vietnam before 1 July 2025 (special marker).svg,"Vinh Phuc, Vietnam before 1 July 2025",Commons category marks SVG as invalid,Category:Invalid SVG created with Adobe Illustrator:Maps,image/svg+xml,200,https://commons.wikimedia.org/wiki/File:Vinh_Phuc_in_Vietnam_before_1_July_2025_(special_marker).svg
Vinh Phuc in Vietnam before 1 July 2025.svg,"Vinh Phuc, Vietnam before 1 July 2025",Commons category marks SVG as invalid,Category:Invalid SVG created with Adobe Illustrator:Maps of Vietnam,image/svg+xml,200,https://commons.wikimedia.org/wiki/File:Vinh_Phuc_in_Vietnam_before_1_July_2025.svg
Visakhapatnam in Andhra Pradesh (India).svg,"Visakhapatnam, Andhra Pradesh, India",Commons category marks SVG as invalid,Category:Invalid SVG created with Inkscape:Locator maps,image/svg+xml,200,https://commons.wikimedia.org/wiki/File:Visakhapatnam_in_Andhra_Pradesh_(India).svg
Viterbo in Italy.svg,"Viterbo, Italy",Commons category marks SVG as invalid,Category:Invalid SVG created with Adobe Illustrator:Italian province maps,image/svg+xml,200,https://commons.wikimedia.org/wiki/File:Viterbo_in_Italy.svg
Vizcaya-loc.svg,the Basque Autonomous Community,Commons category marks SVG as invalid,Category:Invalid SVG created with Inkscape:Locator maps-ES,image/svg+xml,200,https://commons.wikimedia.org/wiki/File:Vizcaya-loc.svg
Vizianagaram in Andhra Pradesh (India).svg,"Vizianagaram, Andhra Pradesh, India",Commons category marks SVG as invalid,Category:Invalid SVG created with Inkscape:Locator maps,image/svg+xml,200,https://commons.wikimedia.org/wiki/File:Vizianagaram_in_Andhra_Pradesh_(India).svg
Vlaamse Gemeenschap in Belgium.svg,"Vlaamse Gemeenschap, Belgium",Commons category marks SVG as invalid,Category:Invalid SVG created with Adobe Illustrator:Locator maps,image/svg+xml,200,https://commons.wikimedia.org/wiki/File:Vlaamse_Gemeenschap_in_Belgium.svg
Vorarlberg in Austria.svg,"Vorarlberg, Austria",Commons category marks SVG as invalid,Category:Invalid SVG created with Adobe Illustrator:Locator maps-Austria,image/svg+xml,200,https://commons.wikimedia.org/wiki/File:Vorarlberg_in_Austria.svg
Vöyri-Maksamaa.sijainti.suomi.2008.svg,former municipalities in Ostrobothnia,Commons category marks SVG as invalid,Category:Invalid SVG created with CorelDRAW:Suomi maps,image/svg+xml,200,https://commons.wikimedia.org/wiki/File:V%C3%B6yri-Maksamaa.sijainti.suomi.2008.svg
Waikato in New Zealand.svg,"Waikato, New Zealand",Commons category marks SVG as invalid,Category:Invalid SVG created with Adobe Illustrator:Maps,image/svg+xml,200,https://commons.wikimedia.org/wiki/File:Waikato_in_New_Zealand.svg
Wakayama in Japan (extended).svg,"Wakayama, Japan (extended)",Commons category marks SVG as invalid,Category:Invalid SVG created with Adobe Illustrator:Japanese prefecture maps,image/svg+xml,200,https://commons.wikimedia.org/wiki/File:Wakayama_in_Japan_(extended).svg
Wakayama in Japan (narrow).svg,"Wakayama, Japan (narrow)",Commons category marks SVG as invalid,Category:Invalid SVG created with Adobe Illustrator:Japanese prefecture maps,image/svg+xml,200,https://commons.wikimedia.org/wiki/File:Wakayama_in_Japan_(narrow).svg
Wakayama in Japan.svg,"Wakayama, Japan",Commons category marks SVG as invalid,Category:Invalid SVG created with Adobe Illustrator:Japanese prefecture maps,image/svg+xml,200,https://commons.wikimedia.org/wiki/File:Wakayama_in_Japan.svg
Wales in the UK and Europe.svg,"Wales, the UK and Europe, the United Kingdom",Commons category marks SVG as invalid,Category:Invalid SVG created with Inkscape:Maps,image/svg+xml,200,https://commons.wikimedia.org/wiki/File:Wales_in_the_UK_and_Europe.svg
Warrap in South Sudan (+Abyei hatched) (+Kafia Kingi).svg,"Warrap, South Sudan (+Abyei hatched) (+Kafia Kingi)",Commons category marks SVG as invalid,Category:Invalid SVG created with Adobe Illustrator:Maps,image/svg+xml,200,https://commons.wikimedia.org/wiki/File:Warrap_in_South_Sudan_(%2BAbyei_hatched)_(%2BKafia_Kingi).svg
Warrap in South Sudan (+Abyei hatched).svg,"Warrap, South Sudan (+Abyei hatched)",Commons category marks SVG as invalid,Category:Invalid SVG created with Adobe Illustrator:Maps,image/svg+xml,200,https://commons.wikimedia.org/wiki/File:Warrap_in_South_Sudan_(%2BAbyei_hatched).svg
Warrap in South Sudan (+Abyei) (+Kafia Kingi).svg,"Warrap, South Sudan (+Abyei) (+Kafia Kingi)",Commons category marks SVG as invalid,Category:Invalid SVG created with Adobe Illustrator:Maps,image/svg+xml,200,https://commons.wikimedia.org/wiki/File:Warrap_in_South_Sudan_(%2BAbyei)_(%2BKafia_Kingi).svg
Warrap in South Sudan (+Abyei).svg,"Warrap, South Sudan (+Abyei)",Commons category marks SVG as invalid,Category:Invalid SVG created with Adobe Illustrator:Maps,image/svg+xml,200,https://commons.wikimedia.org/wiki/File:Warrap_in_South_Sudan_(%2BAbyei).svg
Warrap in South Sudan (+Kafia Kingi).svg,"Warrap, South Sudan (+Kafia Kingi)",Commons category marks SVG as invalid,Category:Invalid SVG created with Adobe Illustrator:Maps,image/svg+xml,200,https://commons.wikimedia.org/wiki/File:Warrap_in_South_Sudan_(%2BKafia_Kingi).svg
Warrap in South Sudan.svg,"Warrap, South Sudan",Commons category marks SVG as invalid,Category:Invalid SVG created with Adobe Illustrator:Maps,image/svg+xml,200,https://commons.wikimedia.org/wiki/File:Warrap_in_South_Sudan.svg
Washington in United States (US48).svg,"Washington, United States",Commons category marks SVG as invalid,Category:Invalid SVG created with Adobe Illustrator:Locator maps-USA,image/svg+xml,200,https://commons.wikimedia.org/wiki/File:Washington_in_United_States_(US48).svg
Washington in United States.svg,"Washington, United States",Commons category marks SVG as invalid,Category:Invalid SVG created with Adobe Illustrator:Locator maps-USA,image/svg+xml,200,https://commons.wikimedia.org/wiki/File:Washington_in_United_States.svg
Wellington in New Zealand.svg,"Wellington, New Zealand",Commons category marks SVG as invalid,Category:Invalid SVG created with Adobe Illustrator:Maps,image/svg+xml,200,https://commons.wikimedia.org/wiki/File:Wellington_in_New_Zealand.svg
West Bank and Gaza Strip location map - whole Israel.svg,the State of Palestine,Commons category marks SVG as invalid,Category:Invalid SVG created with Adobe Illustrator:Maps,image/svg+xml,200,https://commons.wikimedia.org/wiki/File:West_Bank_and_Gaza_Strip_location_map_-_whole_Israel.svg
West Bank and Gaza Strip location map.svg,the State of Palestine,Commons category marks SVG as invalid,Category:Invalid SVG created with Adobe Illustrator:Maps,image/svg+xml,200,https://commons.wikimedia.org/wiki/File:West_Bank_and_Gaza_Strip_location_map.svg
West Coast in New Zealand.svg,"West Coast, New Zealand",Commons category marks SVG as invalid,Category:Invalid SVG created with Adobe Illustrator:Maps,image/svg+xml,200,https://commons.wikimedia.org/wiki/File:West_Coast_in_New_Zealand.svg
West Godavari in Andhra Pradesh (India).svg,"West Godavari, Andhra Pradesh, India",Commons category marks SVG as invalid,Category:Invalid SVG created with Inkscape:Locator maps,image/svg+xml,200,https://commons.wikimedia.org/wiki/File:West_Godavari_in_Andhra_Pradesh_(India).svg
West Virginia in United States (US48).svg,"West Virginia, United States",Commons category marks SVG as invalid,Category:Invalid SVG created with Adobe Illustrator:Locator maps-USA,image/svg+xml,200,https://commons.wikimedia.org/wiki/File:West_Virginia_in_United_States_(US48).svg
West Virginia in United States.svg,"West Virginia, United States",Commons category marks SVG as invalid,Category:Invalid SVG created with Adobe Illustrator:Locator maps-USA,image/svg+xml,200,https://commons.wikimedia.org/wiki/File:West_Virginia_in_United_States.svg
Western Australia in Australia.svg,"Western Australia, Australia",Commons category marks SVG as invalid,Category:Invalid SVG created with Adobe Illustrator:Locator maps,image/svg+xml,200,https://commons.wikimedia.org/wiki/File:Western_Australia_in_Australia.svg
Western Bahr el Ghazal in South Sudan (+claims hatched) (+Kafia Kingi).svg,"Western Bahr el Ghazal, South Sudan (+claims hatched) (+Kafia Kingi)",Commons category marks SVG as invalid,Category:Invalid SVG created with Adobe Illustrator:Maps,image/svg+xml,200,https://commons.wikimedia.org/wiki/File:Western_Bahr_el_Ghazal_in_South_Sudan_(%2Bclaims_hatched)_(%2BKafia_Kingi).svg
Western Bahr el Ghazal in South Sudan (+claims) (+Kafia Kingi).svg,"Western Bahr el Ghazal, South Sudan (+claims) (+Kafia Kingi)",Commons category marks SVG as invalid,Category:Invalid SVG created with Adobe Illustrator:Maps,image/svg+xml,200,https://commons.wikimedia.org/wiki/File:Western_Bahr_el_Ghazal_in_South_Sudan_(%2Bclaims)_(%2BKafia_Kingi).svg
Western Bahr el Ghazal in South Sudan (-claims) (+Kafia Kingi).svg,"Western Bahr el Ghazal, South Sudan (-claims) (+Kafia Kingi)",Commons category marks SVG as invalid,Category:Invalid SVG created with Adobe Illustrator:Maps,image/svg+xml,200,https://commons.wikimedia.org/wiki/File:Western_Bahr_el_Ghazal_in_South_Sudan_(-claims)_(%2BKafia_Kingi).svg
Western Bahr el Ghazal in South Sudan.svg,"Western Bahr el Ghazal, South Sudan",Commons category marks SVG as invalid,Category:Invalid SVG created with Adobe Illustrator:Maps,image/svg+xml,200,https://commons.wikimedia.org/wiki/File:Western_Bahr_el_Ghazal_in_South_Sudan.svg
Western Equatoria in South Sudan (+Kafia Kingi).svg,"Western Equatoria, South Sudan (+Kafia Kingi)",Commons category marks SVG as invalid,Category:Invalid SVG created with Adobe Illustrator:Maps,image/svg+xml,200,https://commons.wikimedia.org/wiki/File:Western_Equatoria_in_South_Sudan_(%2BKafia_Kingi).svg
Western Equatoria in South Sudan.svg,"Western Equatoria, South Sudan",Commons category marks SVG as invalid,Category:Invalid SVG created with Adobe Illustrator:Maps,image/svg+xml,200,https://commons.wikimedia.org/wiki/File:Western_Equatoria_in_South_Sudan.svg
Wien in Austria.svg,"Wien, Austria",Commons category marks SVG as invalid,Category:Invalid SVG created with Adobe Illustrator:Locator maps-Austria,image/svg+xml,200,https://commons.wikimedia.org/wiki/File:Wien_in_Austria.svg
Wisconsin in United States (US48).svg,"Wisconsin, United States",Commons category marks SVG as invalid,Category:Invalid SVG created with Adobe Illustrator:Locator maps-USA,image/svg+xml,200,https://commons.wikimedia.org/wiki/File:Wisconsin_in_United_States_(US48).svg
World location map.svg,the world with equirectangular projection,Commons category marks SVG as invalid,Category:Invalid SVG created with Inkscape:World maps,image/svg+xml,200,https://commons.wikimedia.org/wiki/File:World_location_map.svg
World map 1942 (SVG).svg,the world for historical use,Thumbnail request was rate-limited (HTTP 429); reachability unconfirmed,,image/svg+xml,429,https://commons.wikimedia.org/wiki/File:World_map_1942_(SVG).svg
World map blank shorelines semiwikimapia.svg,the world with Mercator projection,Commons category marks SVG as invalid,Category:Invalid SVG created with Adobe Illustrator:World maps,image/svg+xml,200,https://commons.wikimedia.org/wiki/File:World_map_blank_shorelines_semiwikimapia.svg
World map blank shorelines.svg,the world with Mercator projection,Commons category marks SVG as invalid,Category:Invalid SVG created with Adobe Illustrator:World maps,image/svg+xml,200,https://commons.wikimedia.org/wiki/File:World_map_blank_shorelines.svg
World map blank with blue sea.svg,the world with national borders,Commons category marks SVG as invalid,Category:Invalid SVG created with Inkscape:World maps,image/svg+xml,200,https://commons.wikimedia.org/wiki/File:World_map_blank_with_blue_sea.svg
World map blank-Americas centred.svg,the world with Mercator projection,Commons category marks SVG as invalid,Category:Invalid SVG created with Adobe Illustrator:World maps,image/svg+xml,200,https://commons.wikimedia.org/wiki/File:World_map_blank-Americas_centred.svg
WorldNPP map.svg,the world,Commons category reports broken file links,Category:Files with broken file links,image/svg+xml,200,https://commons.wikimedia.org/wiki/File:WorldNPP_map.svg
Wrexham in Wales.svg,"Wrexham, Wales",Commons category marks SVG as invalid,Category:Invalid SVG created with Adobe Illustrator:Locator maps-Wales,image/svg+xml,200,https://commons.wikimedia.org/wiki/File:Wrexham_in_Wales.svg
Wyoming in United States (US48).svg,"Wyoming, United States",Commons category marks SVG as invalid,Category:Invalid SVG created with Adobe Illustrator:Locator maps-USA,image/svg+xml,200,https://commons.wikimedia.org/wiki/File:Wyoming_in_United_States_(US48).svg
Yalova in Turkey.svg,"Yalova, Turkey",Commons category marks SVG as invalid,Category:Invalid SVG created with Adobe Illustrator:Maps,image/svg+xml,200,https://commons.wikimedia.org/wiki/File:Yalova_in_Turkey.svg
Yamagata in Japan (extended).svg,"Yamagata, Japan (extended)",Commons category marks SVG as invalid,Category:Invalid SVG created with Adobe Illustrator:Japanese prefecture maps,image/svg+xml,200,https://commons.wikimedia.org/wiki/File:Yamagata_in_Japan_(extended).svg
Yamagata in Japan (narrow).svg,"Yamagata, Japan (narrow)",Commons category marks SVG as invalid,Category:Invalid SVG created with Adobe Illustrator:Japanese prefecture maps,image/svg+xml,200,https://commons.wikimedia.org/wiki/File:Yamagata_in_Japan_(narrow).svg
Yamagata in Japan.svg,"Yamagata, Japan",Commons category marks SVG as invalid,Category:Invalid SVG created with Adobe Illustrator:Japanese prefecture maps,image/svg+xml,200,https://commons.wikimedia.org/wiki/File:Yamagata_in_Japan.svg
Yamaguchi in Japan (extended).svg,"Yamaguchi, Japan (extended)",Commons category marks SVG as invalid,Category:Invalid SVG created with Adobe Illustrator:Japanese prefecture maps,image/svg+xml,200,https://commons.wikimedia.org/wiki/File:Yamaguchi_in_Japan_(extended).svg
Yamaguchi in Japan (narrow).svg,"Yamaguchi, Japan (narrow)",Commons category marks SVG as invalid,Category:Invalid SVG created with Adobe Illustrator:Japanese prefecture maps,image/svg+xml,200,https://commons.wikimedia.org/wiki/File:Yamaguchi_in_Japan_(narrow).svg
Yamaguchi in Japan.svg,"Yamaguchi, Japan",Commons category marks SVG as invalid,Category:Invalid SVG created with Adobe Illustrator:Japanese prefecture maps,image/svg+xml,200,https://commons.wikimedia.org/wiki/File:Yamaguchi_in_Japan.svg
Yamanashi in Japan (extended).svg,"Yamanashi, Japan (extended)",Commons category marks SVG as invalid,Category:Invalid SVG created with Adobe Illustrator:Japanese prefecture maps,image/svg+xml,200,https://commons.wikimedia.org/wiki/File:Yamanashi_in_Japan_(extended).svg
Yamanashi in Japan (narrow).svg,"Yamanashi, Japan (narrow)",Commons category marks SVG as invalid,Category:Invalid SVG created with Adobe Illustrator:Japanese prefecture maps,image/svg+xml,200,https://commons.wikimedia.org/wiki/File:Yamanashi_in_Japan_(narrow).svg
Yaracuy in Venezuela (+claimed).svg,"Yaracuy, Venezuela",Commons category marks SVG as invalid,Category:Invalid SVG created with Adobe Illustrator:Maps,image/svg+xml,200,https://commons.wikimedia.org/wiki/File:Yaracuy_in_Venezuela_(%2Bclaimed).svg
Yaracuy in Venezuela.svg,"Yaracuy, Venezuela",Commons category marks SVG as invalid,Category:Invalid SVG created with Adobe Illustrator:Maps,image/svg+xml,200,https://commons.wikimedia.org/wiki/File:Yaracuy_in_Venezuela.svg
Yen Bai in Vietnam before 1 July 2025.svg,"Yen Bai, Vietnam before 1 July 2025",Commons category marks SVG as invalid,Category:Invalid SVG created with Adobe Illustrator:Maps of Vietnam,image/svg+xml,200,https://commons.wikimedia.org/wiki/File:Yen_Bai_in_Vietnam_before_1_July_2025.svg
Ylämaa.sijainti.suomi.2008.svg,former municipalities in South Karelia,Commons category marks SVG as invalid,Category:Invalid SVG created with CorelDRAW:Suomi maps,image/svg+xml,200,https://commons.wikimedia.org/wiki/File:Yl%C3%A4maa.sijainti.suomi.2008.svg
Yunnan in Republic of China.svg,"Yunnan, Republic of China",Commons category reports broken file links,Category:Files with broken file links,image/svg+xml,200,https://commons.wikimedia.org/wiki/File:Yunnan_in_Republic_of_China.svg
Zabul in Afghanistan.svg,"Zabul, Afghanistan",Commons category marks SVG as invalid,Category:Invalid SVG created with Adobe Illustrator:Maps,image/svg+xml,200,https://commons.wikimedia.org/wiki/File:Zabul_in_Afghanistan.svg
Zala vármegye in Hungary.svg,"Zala vármegye, Hungary, the Kingdom of Hungary",Commons category marks SVG as invalid,Category:Invalid SVG created with Adobe Illustrator:Locator maps-Hungary,image/svg+xml,200,https://commons.wikimedia.org/wiki/File:Zala_v%C3%A1rmegye_in_Hungary.svg
Zambezia in Mozambique.svg,"Zambezia, Mozambique",Commons category marks SVG as invalid,Category:Invalid SVG created with Inkscape:Maps,image/svg+xml,200,https://commons.wikimedia.org/wiki/File:Zambezia_in_Mozambique.svg
Zemplén vármegye in Hungary.svg,"Zemplén vármegye, Hungary, the Kingdom of Hungary",Commons category marks SVG as invalid,Category:Invalid SVG created with Adobe Illustrator:Locator maps-Hungary,image/svg+xml,200,https://commons.wikimedia.org/wiki/File:Zempl%C3%A9n_v%C3%A1rmegye_in_Hungary.svg
Zilupe in Latvia.svg,"Zilupe, Latvia",Commons category marks SVG as invalid,Category:Invalid SVG created with Adobe Illustrator:Locator maps-Latvia,image/svg+xml,200,https://commons.wikimedia.org/wiki/File:Zilupe_in_Latvia.svg
Zimbabwe in Africa.svg,"Zimbabwe, Africa",Commons category marks SVG as invalid,Category:Invalid SVG created with Adobe Illustrator:Maps,image/svg+xml,200,https://commons.wikimedia.org/wiki/File:Zimbabwe_in_Africa.svg
Zimbabwe on the globe (Africa centered).svg,Zimbabwe,Commons category marks SVG as invalid,Category:Invalid SVG created with Adobe Illustrator:World maps,image/svg+xml,200,https://commons.wikimedia.org/wiki/File:Zimbabwe_on_the_globe_(Africa_centered).svg
Zone C in Israel.svg,"Zone C, Israel",Thumbnail request was rate-limited (HTTP 429); reachability unconfirmed,,image/svg+xml,429,https://commons.wikimedia.org/wiki/File:Zone_C_in_Israel.svg
Zulia in Venezuela (+claimed).svg,"Zulia, Venezuela",Commons category marks SVG as invalid,Category:Invalid SVG created with Adobe Illustrator:Maps,image/svg+xml,200,https://commons.wikimedia.org/wiki/File:Zulia_in_Venezuela_(%2Bclaimed).svg
Zulia in Venezuela.svg,"Zulia, Venezuela",Commons category marks SVG as invalid,Category:Invalid SVG created with Adobe Illustrator:Maps,image/svg+xml,200,https://commons.wikimedia.org/wiki/File:Zulia_in_Venezuela.svg
Zágráb vármegye in Hungary.svg,"Zágráb vármegye, Hungary, the Kingdom of Hungary",Commons category marks SVG as invalid,Category:Invalid SVG created with Adobe Illustrator:Locator maps-Hungary,image/svg+xml,200,https://commons.wikimedia.org/wiki/File:Z%C3%A1gr%C3%A1b_v%C3%A1rmegye_in_Hungary.svg
Zólyom vármegye in Hungary.svg,"Zólyom vármegye, Hungary, the Kingdom of Hungary",Commons category marks SVG as invalid,Category:Invalid SVG created with Adobe Illustrator:Locator maps-Hungary,image/svg+xml,200,https://commons.wikimedia.org/wiki/File:Z%C3%B3lyom_v%C3%A1rmegye_in_Hungary.svg
Árva vármegye in Hungary.svg,"Árva vármegye, Hungary, the Kingdom of Hungary",Commons category marks SVG as invalid,Category:Invalid SVG created with Adobe Illustrator:Locator maps-Hungary,image/svg+xml,200,https://commons.wikimedia.org/wiki/File:%C3%81rva_v%C3%A1rmegye_in_Hungary.svg
Îles Australes relief location map.svg,the Austral Islands,Commons category marks SVG as invalid,Category:Invalid SVG created with Inkscape:Locator maps,image/svg+xml,200,https://commons.wikimedia.org/wiki/File:%C3%8Eles_Australes_relief_location_map.svg
Азавад 2.svg,regions in Mali,Commons category marks SVG as invalid,Category:Invalid SVG created with Inkscape:Maps,image/svg+xml,200,https://commons.wikimedia.org/wiki/File:%D0%90%D0%B7%D0%B0%D0%B2%D0%B0%D0%B4_2.svg
